day,n_bars_in_window,vol_score_expanding,vol_score_roll20,vol_threshold_daily,vol_label_expanding,vol_label_if_roll20,above_thresh_expanding,above_thresh_roll20,sentiment_raw,sentiment_norm,rhyme,rhyme_full
2023-12-04,21,0.0,0.0,0.02,Low,Low,False,False,-0.015140367641697017,-0.22710551462545525,E,RHYME_E: Steady_Bearish_Decline
2023-12-05,22,0.0,0.0,0.02,Low,Low,False,False,-0.009572616819621071,-0.14358925229431607,E,RHYME_E: Steady_Bearish_Decline
2023-12-06,23,0.0,0.0,0.02,Low,Low,False,False,-0.006871695435756386,-0.1030754315363458,E,RHYME_E: Steady_Bearish_Decline
2023-12-07,24,0.0,0.0,0.02,Low,Low,False,False,-0.004230559850176618,-0.06345839775264928,E,RHYME_E: Steady_Bearish_Decline
2023-12-08,25,0.0,0.0,0.02,Low,Low,False,False,-0.0009986388490348386,-0.014979582735522579,E,RHYME_E: Steady_Bearish_Decline
2023-12-09,26,0.0,0.0,0.02,Low,Low,False,False,-0.0012232281484796381,-0.018348422227194572,E,RHYME_E: Steady_Bearish_Decline
2023-12-10,27,0.0,0.0,0.02,Low,Low,False,False,0.0013607413327676454,0.02041111999151468,E,RHYME_E: Steady_Bearish_Decline
2023-12-11,28,0.0,0.0,0.02,Low,Low,False,False,0.00401310027924473,0.06019650418867095,E,RHYME_E: Steady_Bearish_Decline
2023-12-12,29,0.0,0.0,0.02,Low,Low,False,False,-0.005532870913750876,-0.08299306370626314,D,RHYME_D: Range_Bound_Neutral
2023-12-13,30,0.0,0.0,0.02,Low,Low,False,False,-0.015750428666139404,-0.23625642999209107,D,RHYME_D: Range_Bound_Neutral
2023-12-14,31,0.0,0.0,0.02,Low,Low,False,False,-0.023726372671883933,-0.355895590078259,D,RHYME_D: Range_Bound_Neutral
2023-12-15,32,0.0,0.0,0.02,Low,Low,False,False,-0.035496232841739084,-0.5324434926260863,D,RHYME_D: Range_Bound_Neutral
2023-12-16,33,0.0,0.0,0.02,Low,Low,False,False,-0.05174038582393914,-0.7761057873590871,D,RHYME_D: Range_Bound_Neutral
2023-12-17,34,0.0,0.0,0.02,Low,Low,False,False,-0.054961278020442705,-0.8244191703066406,D,RHYME_D: Range_Bound_Neutral
2023-12-18,35,0.0,0.0,0.02,Low,Low,False,False,-0.05667879817260135,-0.8501819725890203,D,RHYME_D: Range_Bound_Neutral
2023-12-19,36,0.0,0.0,0.02,Low,Low,False,False,-0.05525629104208707,-0.828844365631306,D,RHYME_D: Range_Bound_Neutral
2023-12-20,37,0.0,0.0,0.02,Low,Low,False,False,-0.04795180676948352,-0.7192771015422528,E,RHYME_E: Steady_Bearish_Decline
2023-12-21,38,0.0,0.0,0.02,Low,Low,False,False,-0.03488903830122658,-0.5233355745183987,E,RHYME_E: Steady_Bearish_Decline
2023-12-22,39,0.0,0.0,0.02,Low,Low,False,False,-0.019231880484770758,-0.28847820727156137,E,RHYME_E: Steady_Bearish_Decline
2023-12-23,40,0.0,0.0,0.02,Low,Low,False,False,-0.006089744688537513,-0.09134617032806269,E,RHYME_E: Steady_Bearish_Decline
2023-12-24,41,0.0,0.0,0.02,Low,Low,False,False,0.001586460576001869,0.023796908640028036,E,RHYME_E: Steady_Bearish_Decline
2023-12-25,42,0.0,0.0,0.02,Low,Low,False,False,0.006071830323001404,0.09107745484502106,E,RHYME_E: Steady_Bearish_Decline
2023-12-26,43,0.0,0.0,0.02,Low,Low,False,False,0.014691347555046086,0.2203702133256913,E,RHYME_E: Steady_Bearish_Decline
2023-12-27,44,0.0,0.0,0.02,Low,Low,False,False,0.032515012061161475,0.4877251809174221,E,RHYME_E: Steady_Bearish_Decline
2023-12-28,45,0.0,0.0,0.02,Low,Low,False,False,0.053504663144941844,0.8025699471741277,C,RHYME_C: Steady_Bullish_Growth
2023-12-29,46,0.0,0.0,0.02,Low,Low,False,False,0.07182387834839177,1.0,C,RHYME_C: Steady_Bullish_Growth
2023-12-30,47,0.0,0.0,0.02,Low,Low,False,False,0.09224482730009398,1.0,C,RHYME_C: Steady_Bullish_Growth
2023-12-31,48,0.0,0.0,0.02,Low,Low,False,False,0.09811462437111329,1.0,C,RHYME_C: Steady_Bullish_Growth
2024-01-01,49,0.0,0.0,0.02,Low,Low,False,False,0.08460290764481115,1.0,C,RHYME_C: Steady_Bullish_Growth
2024-01-02,50,0.0,0.0,0.02,Low,Low,False,False,0.07070362495454985,1.0,C,RHYME_C: Steady_Bullish_Growth
2024-01-03,51,0.0,0.0,0.02,Low,Low,False,False,0.06508054940286723,0.9762082410430084,C,RHYME_C: Steady_Bullish_Growth
2024-01-04,52,0.0,0.0,0.02,Low,Low,False,False,0.05866503173668125,0.8799754760502188,C,RHYME_C: Steady_Bullish_Growth
2024-01-05,53,0.0,0.0,0.02,Low,Low,False,False,0.052993179613629815,0.7948976942044472,C,RHYME_C: Steady_Bullish_Growth
2024-01-06,54,0.0,0.0,0.02,Low,Low,False,False,0.043371282387954624,0.6505692358193194,C,RHYME_C: Steady_Bullish_Growth
2024-01-07,55,0.0,0.0,0.02,Low,Low,False,False,0.03345202926643154,0.5017804389964731,C,RHYME_C: Steady_Bullish_Growth
2024-01-08,56,0.0,0.0,0.02,Low,Low,False,False,0.022422597704312874,0.3363389655646931,C,RHYME_C: Steady_Bullish_Growth
2024-01-09,57,0.0,0.0,0.02,Low,Low,False,False,0.009006922592763367,0.1351038388914505,C,RHYME_C: Steady_Bullish_Growth
2024-01-10,58,0.0,0.0,0.02,Low,Low,False,False,-0.0012907722260876442,-0.019361583391314663,D,RHYME_D: Range_Bound_Neutral
2024-01-11,59,0.0,0.0,0.02,Low,Low,False,False,-0.0035008403563314694,-0.05251260534497204,D,RHYME_D: Range_Bound_Neutral
2024-01-12,60,0.0,0.0,0.02,Low,Low,False,False,-0.01051946856703534,-0.1577920285055301,D,RHYME_D: Range_Bound_Neutral
2024-01-13,61,0.0,0.0,0.02,Low,Low,False,False,-0.016724081516197753,-0.2508612227429663,D,RHYME_D: Range_Bound_Neutral
2024-01-14,62,0.0,0.0,0.02,Low,Low,False,False,-0.018775888889739023,-0.28163833334608535,D,RHYME_D: Range_Bound_Neutral
2024-01-15,63,0.0,0.0,0.02,Low,Low,False,False,-0.017749102534568295,-0.2662365380185244,D,RHYME_D: Range_Bound_Neutral
2024-01-16,64,0.0,0.0,0.02,Low,Low,False,False,-0.01395082270387693,-0.20926234055815396,D,RHYME_D: Range_Bound_Neutral
2024-01-17,65,0.0,0.0,0.02,Low,Low,False,False,-0.007890603888328407,-0.1183590583249261,D,RHYME_D: Range_Bound_Neutral
2024-01-18,66,0.0,0.0,0.02,Low,Low,False,False,-0.0029210387429748907,-0.04381558114462336,D,RHYME_D: Range_Bound_Neutral
2024-01-19,67,0.0,0.0,0.02,Low,Low,False,False,0.0011475672883520804,0.017213509325281207,D,RHYME_D: Range_Bound_Neutral
2024-01-20,68,0.0,0.0,0.02,Low,Low,False,False,0.0001566203638709851,0.0023493054580647765,D,RHYME_D: Range_Bound_Neutral
2024-01-21,69,0.0,0.0,0.02,Low,Low,False,False,-0.09936705489055042,-1.0,E,RHYME_E: Steady_Bearish_Decline
2024-01-22,70,0.0,0.0,0.02,Low,Low,False,False,-0.16731141238537806,-1.0,E,RHYME_E: Steady_Bearish_Decline
2024-01-23,71,0.0,0.0,0.02,Low,Low,False,False,-0.2562205121949963,-0.2562205121949963,E,RHYME_E: Steady_Bearish_Decline
2024-01-24,72,0.0,0.0,0.02,Low,Low,False,False,-0.3476041187885086,-0.3476041187885086,E,RHYME_E: Steady_Bearish_Decline
2024-01-25,73,0.0,0.0,0.02,Low,Low,False,False,-0.4389750950250839,-0.4389750950250839,E,RHYME_E: Steady_Bearish_Decline
2024-01-26,74,0.0,0.0,0.02,Low,Low,False,False,-0.40229647149873393,-0.40229647149873393,E,RHYME_E: Steady_Bearish_Decline
2024-01-27,75,0.0,0.0,0.02,Low,Low,False,False,-0.42298636693237157,-0.42298636693237157,E,RHYME_E: Steady_Bearish_Decline
2024-01-28,76,0.0,0.0,0.02,Low,Low,False,False,-0.4199435505749973,-0.4199435505749973,E,RHYME_E: Steady_Bearish_Decline
2024-01-29,77,0.0,0.0,0.02,Low,Low,False,False,-0.4229776042023372,-0.4229776042023372,E,RHYME_E: Steady_Bearish_Decline
2024-01-30,78,0.0,0.0,0.02,Low,Low,False,False,-0.41905376461929955,-0.41905376461929955,E,RHYME_E: Steady_Bearish_Decline
2024-01-31,79,0.0,0.0,0.02,Low,Low,False,False,-0.4568145051712851,-0.4568145051712851,E,RHYME_E: Steady_Bearish_Decline
2024-02-01,80,0.0,0.0,0.02,Low,Low,False,False,-0.4589645717515146,-0.4589645717515146,E,RHYME_E: Steady_Bearish_Decline
2024-02-02,81,0.0,0.0,0.02,Low,Low,False,False,-0.4631449624323549,-0.4631449624323549,E,RHYME_E: Steady_Bearish_Decline
2024-02-03,82,0.0,0.0,0.02,Low,Low,False,False,-0.46143124306261174,-0.46143124306261174,E,RHYME_E: Steady_Bearish_Decline
2024-02-04,83,0.0,0.0,0.02,Low,Low,False,False,-0.47088671793972825,-0.47088671793972825,E,RHYME_E: Steady_Bearish_Decline
2024-02-05,84,0.0,0.0,0.02,Low,Low,False,False,-0.47611992795153246,-0.47611992795153246,E,RHYME_E: Steady_Bearish_Decline
2024-02-06,85,0.0,0.0,0.02,Low,Low,False,False,-0.4801684910251295,-0.4801684910251295,E,RHYME_E: Steady_Bearish_Decline
2024-02-07,86,0.0,0.0,0.02,Low,Low,False,False,-0.4682729015423156,-0.4682729015423156,E,RHYME_E: Steady_Bearish_Decline
2024-02-08,87,0.0,0.0,0.02,Low,Low,False,False,-0.44839410345974984,-0.44839410345974984,E,RHYME_E: Steady_Bearish_Decline
2024-02-09,88,0.0,0.0,0.02,Low,Low,False,False,-0.40177850056454867,-0.40177850056454867,E,RHYME_E: Steady_Bearish_Decline
2024-02-10,89,0.0,0.0,0.02,Low,Low,False,False,-0.3930992032137317,-0.3930992032137317,E,RHYME_E: Steady_Bearish_Decline
2024-02-11,90,0.0,0.0,0.02,Low,Low,False,False,-0.33595625965848974,-0.33595625965848974,E,RHYME_E: Steady_Bearish_Decline
2024-02-12,91,0.0,0.0,0.02,Low,Low,False,False,-0.35300762896015114,-0.35300762896015114,E,RHYME_E: Steady_Bearish_Decline
2024-02-13,92,0.0,0.0,0.02,Low,Low,False,False,-0.33010157377288185,-0.33010157377288185,E,RHYME_E: Steady_Bearish_Decline
2024-02-14,93,0.0,0.0,0.02,Low,Low,False,False,-0.3026716306200412,-0.3026716306200412,E,RHYME_E: Steady_Bearish_Decline
2024-02-15,94,0.0,0.0,0.02,Low,Low,False,False,-0.10657144237822624,-1.0,E,RHYME_E: Steady_Bearish_Decline
2024-02-16,95,0.0,0.0,0.02,Low,Low,False,False,-0.08567776205883293,-1.0,E,RHYME_E: Steady_Bearish_Decline
2024-02-17,96,0.0,0.0,0.02,Low,Low,False,False,-0.08266570449325261,-1.0,E,RHYME_E: Steady_Bearish_Decline
2024-02-18,97,0.0,0.0,0.02,Low,Low,False,False,-0.13540146688855814,-1.0,E,RHYME_E: Steady_Bearish_Decline
2024-02-19,98,0.0,0.0,0.02,Low,Low,False,False,-0.13651877477149887,-1.0,E,RHYME_E: Steady_Bearish_Decline
2024-02-20,99,0.0,0.0,0.02,Low,Low,False,False,-0.252894027989926,-0.252894027989926,E,RHYME_E: Steady_Bearish_Decline
2024-02-21,100,0.0,0.0,0.02,Low,Low,False,False,-0.27010406366284057,-0.27010406366284057,E,RHYME_E: Steady_Bearish_Decline
2024-02-22,101,0.0,0.0,0.02,Low,Low,False,False,-0.25577888878402943,-0.25577888878402943,E,RHYME_E: Steady_Bearish_Decline
2024-02-23,102,0.0,0.0,0.02,Low,Low,False,False,-0.2529940048831044,-0.2529940048831044,E,RHYME_E: Steady_Bearish_Decline
2024-02-24,103,0.0,0.0,0.02,Low,Low,False,False,-0.15095285417286108,-1.0,E,RHYME_E: Steady_Bearish_Decline
2024-02-25,104,0.0,0.0,0.02,Low,Low,False,False,0.041876892256072384,0.6281533838410858,C,RHYME_C: Steady_Bullish_Growth
2024-02-26,105,0.0,0.0,0.02,Low,Low,False,False,0.1334661321234063,1.0,C,RHYME_C: Steady_Bullish_Growth
2024-02-27,106,0.0,0.0,0.02,Low,Low,False,False,0.32491581784269874,0.32491581784269874,C,RHYME_C: Steady_Bullish_Growth
2024-02-28,107,0.0,0.0,0.02,Low,Low,False,False,0.45612007689460654,0.45612007689460654,C,RHYME_C: Steady_Bullish_Growth
2024-02-29,108,0.0,0.0,0.02,Low,Low,False,False,0.41491711305337287,0.41491711305337287,C,RHYME_C: Steady_Bullish_Growth
2024-03-01,109,0.0,0.0,0.02,Low,Low,False,False,0.27245508147188335,0.27245508147188335,C,RHYME_C: Steady_Bullish_Growth
2024-03-02,110,0.0,0.0,0.02,Low,Low,False,False,0.2824165038105291,0.2824165038105291,C,RHYME_C: Steady_Bullish_Growth
2024-03-03,111,0.0,0.0,0.02,Low,Low,False,False,0.29206964231525334,0.29206964231525334,C,RHYME_C: Steady_Bullish_Growth
2024-03-04,112,0.0,0.0,0.02,Low,Low,False,False,0.2885714424699928,0.2885714424699928,C,RHYME_C: Steady_Bullish_Growth
2024-03-05,113,0.0,0.0,0.02,Low,Low,False,False,0.2808988926707594,0.2808988926707594,C,RHYME_C: Steady_Bullish_Growth
2024-03-06,114,0.0,0.0,0.02,Low,Low,False,False,0.2917847277839192,0.2917847277839192,C,RHYME_C: Steady_Bullish_Growth
2024-03-07,115,0.0,0.0,0.02,Low,Low,False,False,0.5756490803239906,0.5756490803239906,C,RHYME_C: Steady_Bullish_Growth
2024-03-08,116,0.0,0.0,0.02,Low,Low,False,False,0.6318864935534529,0.6318864935534529,C,RHYME_C: Steady_Bullish_Growth
2024-03-09,117,0.0,0.0,0.02,Low,Low,False,False,0.676122950543965,0.676122950543965,C,RHYME_C: Steady_Bullish_Growth
2024-03-10,118,0.0,0.0,0.02,Low,Low,False,False,0.6809701669715555,0.6809701669715555,C,RHYME_C: Steady_Bullish_Growth
2024-03-11,119,0.0,0.0,0.02,Low,Low,False,False,0.6514305696802969,0.6514305696802969,C,RHYME_C: Steady_Bullish_Growth
2024-03-12,120,0.0,0.0,0.02,Low,Low,False,False,0.21839408509389968,1.0,C,RHYME_C: Steady_Bullish_Growth
2024-03-13,121,0.0,0.0,0.02,Low,Low,False,False,0.0768041269156925,1.0,C,RHYME_C: Steady_Bullish_Growth
2024-03-14,122,0.0,0.0,0.02,Low,Low,False,False,0.14745116807215775,1.0,C,RHYME_C: Steady_Bullish_Growth
2024-03-15,123,0.0,0.0,0.02,Low,Low,False,False,0.3016643653941675,0.3016643653941675,C,RHYME_C: Steady_Bullish_Growth
2024-03-16,124,0.0,0.0,0.02,Low,Low,False,False,0.3613793161056096,0.3613793161056096,C,RHYME_C: Steady_Bullish_Growth
2024-03-17,125,0.0,0.0,0.02,Low,Low,False,False,0.49401749032398934,0.49401749032398934,C,RHYME_C: Steady_Bullish_Growth
2024-03-18,126,0.0,0.0,0.02,Low,Low,False,False,0.5771857872145991,0.5771857872145991,C,RHYME_C: Steady_Bullish_Growth
2024-03-19,127,0.0,0.0,0.02,Low,Low,False,False,0.5297594735104008,0.5297594735104008,C,RHYME_C: Steady_Bullish_Growth
2024-03-20,128,0.0,0.0,0.02,Low,Low,False,False,0.46385977691419633,0.46385977691419633,C,RHYME_C: Steady_Bullish_Growth
2024-03-21,129,0.0,0.0,0.02,Low,Low,False,False,0.42692572373453674,0.42692572373453674,C,RHYME_C: Steady_Bullish_Growth
2024-03-22,130,0.0,0.0,0.02,Low,Low,False,False,0.37216093143400286,0.37216093143400286,C,RHYME_C: Steady_Bullish_Growth
2024-03-23,131,0.0,0.0,0.02,Low,Low,False,False,0.4013015263247812,0.4013015263247812,C,RHYME_C: Steady_Bullish_Growth
2024-03-24,132,0.0,0.0,0.02,Low,Low,False,False,0.26401674882017767,0.26401674882017767,C,RHYME_C: Steady_Bullish_Growth
2024-03-25,133,0.0,0.0,0.02,Low,Low,False,False,0.1268488340028069,1.0,C,RHYME_C: Steady_Bullish_Growth
2024-03-26,134,0.0,0.0,0.02,Low,Low,False,False,0.12409551717107492,1.0,C,RHYME_C: Steady_Bullish_Growth
2024-03-27,135,0.0,0.0,0.02,Low,Low,False,False,0.15664130216868544,1.0,C,RHYME_C: Steady_Bullish_Growth
2024-03-28,136,0.0,0.0,0.02,Low,Low,False,False,0.09831066092072693,1.0,C,RHYME_C: Steady_Bullish_Growth
2024-03-29,137,0.0,0.0,0.02,Low,Low,False,False,0.06827446310612428,1.0,C,RHYME_C: Steady_Bullish_Growth
2024-03-30,138,0.0,0.0,0.02,Low,Low,False,False,0.03662247774624805,0.5493371661937207,C,RHYME_C: Steady_Bullish_Growth
2024-03-31,139,0.0,0.0,0.02,Low,Low,False,False,0.011842388075485433,0.1776358211322815,C,RHYME_C: Steady_Bullish_Growth
2024-04-01,140,0.0,0.0,0.02,Low,Low,False,False,0.006081759684556598,0.09122639526834897,D,RHYME_D: Range_Bound_Neutral
2024-04-02,141,0.0,0.0,0.02,Low,Low,False,False,0.010161042161741296,0.15241563242611944,D,RHYME_D: Range_Bound_Neutral
2024-04-03,142,0.0,0.0,0.02,Low,Low,False,False,0.037140645537330874,0.5571096830599631,D,RHYME_D: Range_Bound_Neutral
2024-04-04,143,0.0,0.0,0.02,Low,Low,False,False,0.0727754796588207,1.0,D,RHYME_D: Range_Bound_Neutral
2024-04-05,144,0.0,0.0,0.02,Low,Low,False,False,0.09184465241193829,1.0,D,RHYME_D: Range_Bound_Neutral
2024-04-06,145,0.0,0.0,0.02,Low,Low,False,False,0.08040630184845021,1.0,D,RHYME_D: Range_Bound_Neutral
2024-04-07,146,0.0,0.0,0.02,Low,Low,False,False,0.05837797681495216,0.8756696522242824,D,RHYME_D: Range_Bound_Neutral
2024-04-08,147,0.0,0.0,0.02,Low,Low,False,False,0.0770308169072873,1.0,D,RHYME_D: Range_Bound_Neutral
2024-04-09,148,0.0,0.0,0.02,Low,Low,False,False,0.08236637559237758,1.0,C,RHYME_C: Steady_Bullish_Growth
2024-04-10,149,0.0,0.0,0.02,Low,Low,False,False,0.03899721398787692,0.5849582098181538,C,RHYME_C: Steady_Bullish_Growth
2024-04-11,150,0.0,0.0,0.02,Low,Low,False,False,-0.0023580701408010274,-0.03537105211201541,C,RHYME_C: Steady_Bullish_Growth
2024-04-12,151,0.0,0.0,0.02,Low,Low,False,False,-0.03297504268345275,-0.49462564025179123,C,RHYME_C: Steady_Bullish_Growth
2024-04-13,152,0.0,0.0,0.02,Low,Low,False,False,-0.08024692264487798,-1.0,C,RHYME_C: Steady_Bullish_Growth
2024-04-14,153,0.0,0.0,0.02,Low,Low,False,False,-0.10655302483225015,-1.0,C,RHYME_C: Steady_Bullish_Growth
2024-04-15,154,0.0,0.0,0.02,Low,Low,False,False,-0.07533513476766607,-1.0,C,RHYME_C: Steady_Bullish_Growth
2024-04-16,155,0.0,0.0,0.02,Low,Low,False,False,-0.04371291139840139,-0.6556936709760208,C,RHYME_C: Steady_Bullish_Growth
2024-04-17,156,0.0,0.0,0.02,Low,Low,False,False,0.0022735342714437223,0.034103014071655835,D,RHYME_D: Range_Bound_Neutral
2024-04-18,157,0.0,0.0,0.02,Low,Low,False,False,0.004197064458069777,0.06295596687104665,D,RHYME_D: Range_Bound_Neutral
2024-04-19,158,0.0,0.0,0.02,Low,Low,False,False,0.019864507335076498,0.29796761002614747,D,RHYME_D: Range_Bound_Neutral
2024-04-20,159,0.0,0.0,0.02,Low,Low,False,False,0.008286792807454146,0.1243018921118122,D,RHYME_D: Range_Bound_Neutral
2024-04-21,160,0.0,0.0,0.02,Low,Low,False,False,0.016552719950394312,0.24829079925591468,D,RHYME_D: Range_Bound_Neutral
2024-04-22,161,0.0,0.0,0.02,Low,Low,False,False,0.024797852322424596,0.37196778483636894,D,RHYME_D: Range_Bound_Neutral
2024-04-23,162,0.0,0.0,0.02,Low,Low,False,False,0.07080132462150868,1.0,D,RHYME_D: Range_Bound_Neutral
2024-04-24,163,0.0,0.0,0.02,Low,Low,False,False,0.16143043784801359,1.0,D,RHYME_D: Range_Bound_Neutral
2024-04-25,164,0.0,0.0,0.02,Low,Low,False,False,0.20472223667682554,1.0,C,RHYME_C: Steady_Bullish_Growth
2024-04-26,165,0.0,0.0,0.02,Low,Low,False,False,0.18209423389805135,1.0,C,RHYME_C: Steady_Bullish_Growth
2024-04-27,166,0.0,0.0,0.02,Low,Low,False,False,0.15626706282890712,1.0,C,RHYME_C: Steady_Bullish_Growth
2024-04-28,167,0.0,0.0,0.02,Low,Low,False,False,0.12613927359745336,1.0,C,RHYME_C: Steady_Bullish_Growth
2024-04-29,168,0.0,0.0,0.02,Low,Low,False,False,0.003474636375545348,0.05211954563318022,C,RHYME_C: Steady_Bullish_Growth
2024-04-30,169,0.0,0.0,0.02,Low,Low,False,False,0.07030989440827651,1.0,C,RHYME_C: Steady_Bullish_Growth
2024-05-01,170,0.0,0.0,0.02,Low,Low,False,False,0.09619815213763072,1.0,C,RHYME_C: Steady_Bullish_Growth
2024-05-02,171,0.0,0.0,0.02,Low,Low,False,False,0.08953656992430536,1.0,C,RHYME_C: Steady_Bullish_Growth
2024-05-03,172,0.0,0.0,0.02,Low,Low,False,False,0.11622666089581246,1.0,C,RHYME_C: Steady_Bullish_Growth
2024-05-04,173,0.0,0.0,0.02,Low,Low,False,False,0.1349219145302918,1.0,C,RHYME_C: Steady_Bullish_Growth
2024-05-05,174,0.0,0.0,0.02,Low,Low,False,False,-0.02783581361535048,-0.4175372042302572,E,RHYME_E: Steady_Bearish_Decline
2024-05-06,175,0.0,0.0,0.02,Low,Low,False,False,-0.06367645922112497,-0.9551468883168746,E,RHYME_E: Steady_Bearish_Decline
2024-05-07,176,0.0,0.0,0.02,Low,Low,False,False,-0.06653402636647499,-0.9980103954971248,E,RHYME_E: Steady_Bearish_Decline
2024-05-08,177,0.0,0.0,0.02,Low,Low,False,False,-0.08826927311299804,-1.0,E,RHYME_E: Steady_Bearish_Decline
2024-05-09,178,0.0,0.0,0.02,Low,Low,False,False,-0.08737583421781192,-1.0,E,RHYME_E: Steady_Bearish_Decline
2024-05-10,179,0.0,0.0,0.02,Low,Low,False,False,-0.0819139656830552,-1.0,E,RHYME_E: Steady_Bearish_Decline
2024-05-11,180,0.0,0.0,0.02,Low,Low,False,False,-0.06315558959011458,-0.9473338438517187,E,RHYME_E: Steady_Bearish_Decline
2024-05-12,181,0.0,0.0,0.02,Low,Low,False,False,-0.025955876573086623,-0.38933814859629934,E,RHYME_E: Steady_Bearish_Decline
2024-05-13,182,0.0,0.0,0.02,Low,Low,False,False,0.011272623123382619,0.16908934685073929,D,RHYME_D: Range_Bound_Neutral
2024-05-14,183,0.0,0.0,0.02,Low,Low,False,False,0.06458591428216875,0.9687887142325313,D,RHYME_D: Range_Bound_Neutral
2024-05-15,184,0.0,0.0,0.02,Low,Low,False,False,0.09601392522065888,1.0,D,RHYME_D: Range_Bound_Neutral
2024-05-16,185,0.0,0.0,0.02,Low,Low,False,False,0.05710263246740155,0.8565394870110232,D,RHYME_D: Range_Bound_Neutral
2024-05-17,186,0.0,0.0,0.02,Low,Low,False,False,-0.04912897315202791,-0.7369345972804187,D,RHYME_D: Range_Bound_Neutral
2024-05-18,187,0.0,0.0,0.02,Low,Low,False,False,-0.12244444603784921,-1.0,D,RHYME_D: Range_Bound_Neutral
2024-05-19,188,0.0,0.0,0.02,Low,Low,False,False,-0.15596330969923766,-1.0,D,RHYME_D: Range_Bound_Neutral
2024-05-20,189,0.0,0.0,0.02,Low,Low,False,False,-0.16391941821088385,-1.0,D,RHYME_D: Range_Bound_Neutral
2024-05-21,190,0.0,0.0,0.02,Low,Low,False,False,-0.14170997360253756,-1.0,E,RHYME_E: Steady_Bearish_Decline
2024-05-22,191,0.0,0.0,0.02,Low,Low,False,False,-0.08384071792371695,-1.0,E,RHYME_E: Steady_Bearish_Decline
2024-05-23,192,0.0,0.0,0.02,Low,Low,False,False,-0.06325250791285364,-0.9487876186928046,E,RHYME_E: Steady_Bearish_Decline
2024-05-24,193,0.0,0.0,0.02,Low,Low,False,False,-0.058348745386349155,-0.8752311807952373,E,RHYME_E: Steady_Bearish_Decline
2024-05-25,194,0.0,0.0,0.02,Low,Low,False,False,-0.025714767615246936,-0.38572151422870404,E,RHYME_E: Steady_Bearish_Decline
2024-05-26,195,0.0,0.0,0.02,Low,Low,False,False,-0.0003395537442025809,-0.005093306163038713,E,RHYME_E: Steady_Bearish_Decline
2024-05-27,196,0.0,0.0,0.02,Low,Low,False,False,0.009307141036559052,0.13960711554838579,E,RHYME_E: Steady_Bearish_Decline
2024-05-28,197,0.0,0.0,0.02,Low,Low,False,False,0.019250968872567498,0.28876453308851247,E,RHYME_E: Steady_Bearish_Decline
2024-05-29,198,0.0,0.0,0.02,Low,Low,False,False,-0.02980818358062387,-0.44712275370935806,E,RHYME_E: Steady_Bearish_Decline
2024-05-30,199,0.0,0.0,0.02,Low,Low,False,False,-0.07633782380536269,-1.0,E,RHYME_E: Steady_Bearish_Decline
2024-05-31,200,0.0,0.0,0.02,Low,Low,False,False,-0.11558173914613479,-1.0,E,RHYME_E: Steady_Bearish_Decline
2024-06-01,201,0.0,0.0,0.02,Low,Low,False,False,-0.09985771265292143,-1.0,E,RHYME_E: Steady_Bearish_Decline
2024-06-02,202,0.0,0.0,0.02,Low,Low,False,False,-0.08286984063052338,-1.0,E,RHYME_E: Steady_Bearish_Decline
2024-06-03,203,0.0,0.0,0.02,Low,Low,False,False,-0.06437559006043292,-0.9656338509064938,E,RHYME_E: Steady_Bearish_Decline
2024-06-04,204,0.0,0.0,0.02,Low,Low,False,False,-0.04900780441162256,-0.7351170661743384,E,RHYME_E: Steady_Bearish_Decline
2024-06-20,205,0.0,0.0,0.02,Low,Low,False,False,-0.04810201673875292,-0.7215302510812938,E,RHYME_E: Steady_Bearish_Decline
2024-06-21,206,0.0,0.0,0.02,Low,Low,False,False,-0.06361519464893695,-0.9542279197340542,E,RHYME_E: Steady_Bearish_Decline
2024-06-24,207,0.0,0.0,0.02,Low,Low,False,False,-0.066891231144941,-1.0,E,RHYME_E: Steady_Bearish_Decline
2024-06-25,208,0.0,0.0,0.02,Low,Low,False,False,-0.05577491804959167,-0.8366237707438751,E,RHYME_E: Steady_Bearish_Decline
2024-06-26,209,0.0,0.0,0.02,Low,Low,False,False,-0.05188208860256016,-0.7782313290384024,E,RHYME_E: Steady_Bearish_Decline
2024-06-27,210,0.0,0.0,0.02,Low,Low,False,False,0.000507666048305655,0.007614990724584825,D,RHYME_D: Range_Bound_Neutral
2024-06-28,211,0.0,0.0,0.02,Low,Low,False,False,0.0009006566669811367,0.01350985000471705,D,RHYME_D: Range_Bound_Neutral
2024-07-01,212,0.0,0.0,0.02,Low,Low,False,False,-0.0017958130126557448,-0.02693719518983617,D,RHYME_D: Range_Bound_Neutral
2024-07-02,213,0.0,0.0,0.02,Low,Low,False,False,-0.0001763353956425462,-0.002645030934638193,D,RHYME_D: Range_Bound_Neutral
2024-07-03,214,0.0,0.0,0.02,Low,Low,False,False,0.0018397197695645406,0.02759579654346811,D,RHYME_D: Range_Bound_Neutral
2024-07-05,215,0.0,0.0,0.02,Low,Low,False,False,0.0024683431210228424,0.037025146815342636,D,RHYME_D: Range_Bound_Neutral
2024-07-08,216,0.0,0.0,0.02,Low,Low,False,False,0.002946983339030096,0.04420475008545144,D,RHYME_D: Range_Bound_Neutral
2024-07-09,217,0.0,0.0,0.02,Low,Low,False,False,0.004348107108928856,0.06522160663393284,D,RHYME_D: Range_Bound_Neutral
2024-07-10,218,0.0,0.0,0.02,Low,Low,False,False,0.0055822767086319836,0.08373415062947975,D,RHYME_D: Range_Bound_Neutral
2024-07-11,219,0.0,0.0,0.02,Low,Low,False,False,0.008343561831977153,0.1251534274796573,D,RHYME_D: Range_Bound_Neutral
2024-07-12,220,0.0,0.0,0.02,Low,Low,False,False,0.012269422602528834,0.18404133903793252,C,RHYME_C: Steady_Bullish_Growth
2024-07-15,221,0.0,0.0,0.02,Low,Low,False,False,0.01640665796177676,0.2460998694266514,C,RHYME_C: Steady_Bullish_Growth
2024-07-16,222,0.0,0.0,0.02,Low,Low,False,False,0.024765719481645077,0.37148579222467615,C,RHYME_C: Steady_Bullish_Growth
2024-07-17,223,0.0,0.0,0.02,Low,Low,False,False,0.0301405431166053,0.4521081467490795,C,RHYME_C: Steady_Bullish_Growth
2024-07-18,224,0.0,0.0,0.02,Low,Low,False,False,0.030439539168529484,0.45659308752794225,C,RHYME_C: Steady_Bullish_Growth
2024-07-19,225,0.0,0.0,0.02,Low,Low,False,False,0.027963384777902167,0.4194507716685325,C,RHYME_C: Steady_Bullish_Growth
2024-07-22,226,0.0,0.0,0.02,Low,Low,False,False,0.026459806518597473,0.3968970977789621,C,RHYME_C: Steady_Bullish_Growth
2024-07-23,227,0.0,0.0,0.02,Low,Low,False,False,0.020194312683388782,0.30291469025083173,C,RHYME_C: Steady_Bullish_Growth
2024-07-24,228,0.0,0.0,0.02,Low,Low,False,False,0.01215243560061241,0.18228653400918615,C,RHYME_C: Steady_Bullish_Growth
2024-07-25,229,0.0,0.0,0.02,Low,Low,False,False,0.008210199987353839,0.12315299981030758,C,RHYME_C: Steady_Bullish_Growth
2024-07-26,230,0.0,0.0,0.02,Low,Low,False,False,0.008882011890143593,0.1332301783521539,C,RHYME_C: Steady_Bullish_Growth
2024-07-29,231,0.0,0.0,0.02,Low,Low,False,False,0.007153696070569371,0.10730544105854056,D,RHYME_D: Range_Bound_Neutral
2024-07-30,232,0.0,0.0,0.02,Low,Low,False,False,0.006506804099421615,0.09760206149132422,D,RHYME_D: Range_Bound_Neutral
2024-07-31,233,0.0,0.0,0.02,Low,Low,False,False,0.011334419500499848,0.17001629250749772,D,RHYME_D: Range_Bound_Neutral
2024-08-01,234,0.0,0.0,0.02,Low,Low,False,False,0.012739839277654541,0.19109758916481812,D,RHYME_D: Range_Bound_Neutral
2024-08-02,235,0.0,0.0,0.02,Low,Low,False,False,0.0062928575833745,0.0943928637506175,D,RHYME_D: Range_Bound_Neutral
2024-08-05,236,0.0,0.0,0.02,Low,Low,False,False,-0.00479154977336016,-0.0718732466004024,D,RHYME_D: Range_Bound_Neutral
2024-08-06,237,0.0,0.0,0.02,Low,Low,False,False,-0.014819220656355547,-0.2222883098453332,D,RHYME_D: Range_Bound_Neutral
2024-08-07,238,0.0,0.0,0.02,Low,Low,False,False,-0.02746860526128614,-0.4120290789192921,D,RHYME_D: Range_Bound_Neutral
2024-08-08,239,0.0,0.0,0.02,Low,Low,False,False,-0.031823960929927675,-0.4773594139489151,E,RHYME_E: Steady_Bearish_Decline
2024-08-09,240,0.0,0.0,0.02,Low,Low,False,False,-0.030062954507073636,-0.45094431760610454,E,RHYME_E: Steady_Bearish_Decline
2024-08-12,241,0.0,0.0,0.02,Low,Low,False,False,-0.02224760056613395,-0.3337140084920093,E,RHYME_E: Steady_Bearish_Decline
2024-08-13,242,0.0,0.0,0.02,Low,Low,False,False,-0.013410849802923619,-0.20116274704385428,E,RHYME_E: Steady_Bearish_Decline
2024-08-14,243,0.0,0.0,0.02,Low,Low,False,False,-0.0027054181301987557,-0.040581271952981335,E,RHYME_E: Steady_Bearish_Decline
2024-08-15,244,0.0,0.0,0.02,Low,Low,False,False,0.00450128073201328,0.0675192109801992,E,RHYME_E: Steady_Bearish_Decline
2024-08-16,245,0.0,0.0,0.02,Low,Low,False,False,0.011337776239379593,0.1700666435906939,E,RHYME_E: Steady_Bearish_Decline
2024-08-19,246,0.0,0.0,0.02,Low,Low,False,False,0.021194070725945258,0.31791106088917886,E,RHYME_E: Steady_Bearish_Decline
2024-08-20,247,0.0,0.0,0.02,Low,Low,False,False,0.026496153063047867,0.397442295945718,C,RHYME_C: Steady_Bullish_Growth
2024-08-21,248,0.0,0.0,0.02,Low,Low,False,False,0.03164400591833627,0.47466008877504406,C,RHYME_C: Steady_Bullish_Growth
2024-08-22,249,0.0,0.0,0.02,Low,Low,False,False,0.03156625838925953,0.4734938758388929,C,RHYME_C: Steady_Bullish_Growth
2024-08-23,250,0.0,0.0,0.02,Low,Low,False,False,0.034440082476684175,0.5166012371502626,C,RHYME_C: Steady_Bullish_Growth
2024-08-26,251,0.0,0.0,0.02,Low,Low,False,False,0.034933625560767956,0.5240043834115193,C,RHYME_C: Steady_Bullish_Growth
2024-08-27,252,0.0,0.0,0.02,Low,Low,False,False,0.03672889516478639,0.5509334274717959,C,RHYME_C: Steady_Bullish_Growth
2024-08-28,253,0.0,0.0,0.02,Low,Low,False,False,0.03596943316109891,0.5395414974164836,C,RHYME_C: Steady_Bullish_Growth
2024-08-29,254,0.0,0.0,0.02,Low,Low,False,False,0.03654083017258358,0.5481124525887537,C,RHYME_C: Steady_Bullish_Growth
2024-08-30,255,0.0,0.0,0.02,Low,Low,False,False,0.033683227823736006,0.5052484173560401,C,RHYME_C: Steady_Bullish_Growth
2024-09-03,256,0.0,0.0,0.02,Low,Low,False,False,0.026138587072696895,0.3920788060904534,C,RHYME_C: Steady_Bullish_Growth
2024-09-04,257,0.0,0.0,0.02,Low,Low,False,False,0.019254788790986632,0.2888218318647995,C,RHYME_C: Steady_Bullish_Growth
2024-09-05,258,0.0,0.0,0.02,Low,Low,False,False,0.012349961861849668,0.18524942792774501,C,RHYME_C: Steady_Bullish_Growth
2024-09-06,259,0.0,0.0,0.02,Low,Low,False,False,0.0029573320649933788,0.04435998097490068,D,RHYME_D: Range_Bound_Neutral
2024-09-09,260,0.0,0.0,0.02,Low,Low,False,False,-0.006159736010613592,-0.09239604015920388,D,RHYME_D: Range_Bound_Neutral
2024-09-10,261,0.0,0.0,0.02,Low,Low,False,False,-0.010776266060178785,-0.16164399090268178,D,RHYME_D: Range_Bound_Neutral
2024-09-11,262,0.0,0.0,0.02,Low,Low,False,False,-0.013512940831433728,-0.20269411247150593,D,RHYME_D: Range_Bound_Neutral
2024-09-12,263,0.0,0.0,0.02,Low,Low,False,False,-0.013230244882123654,-0.1984536732318548,D,RHYME_D: Range_Bound_Neutral
2024-09-13,264,0.0,0.0,0.02,Low,Low,False,False,-0.006075549662345359,-0.09113324493518038,D,RHYME_D: Range_Bound_Neutral
2024-09-16,265,0.0,0.0,0.02,Low,Low,False,False,-0.0006027553776881689,-0.009041330665322533,D,RHYME_D: Range_Bound_Neutral
2024-09-17,266,0.0,0.0,0.02,Low,Low,False,False,0.0052786745680768465,0.0791801185211527,D,RHYME_D: Range_Bound_Neutral
2024-09-18,267,0.0,0.0,0.02,Low,Low,False,False,0.009698751492766444,0.14548127239149666,C,RHYME_C: Steady_Bullish_Growth
2024-09-19,268,0.0,0.0,0.02,Low,Low,False,False,0.015669531708219386,0.2350429756232908,C,RHYME_C: Steady_Bullish_Growth
2024-09-20,269,0.0,0.0,0.02,Low,Low,False,False,0.018091706973629273,0.2713756046044391,C,RHYME_C: Steady_Bullish_Growth
2024-09-23,270,0.0,0.0,0.02,Low,Low,False,False,0.020918791735812015,0.3137818760371802,C,RHYME_C: Steady_Bullish_Growth
2024-09-24,271,0.0,0.0,0.02,Low,Low,False,False,0.023986415056471477,0.35979622584707216,C,RHYME_C: Steady_Bullish_Growth
2024-09-25,272,0.0,0.0,0.02,Low,Low,False,False,0.026137909564730277,0.39206864347095416,C,RHYME_C: Steady_Bullish_Growth
2024-09-26,273,0.0,0.0,0.02,Low,Low,False,False,0.02543469337598392,0.3815204006397588,C,RHYME_C: Steady_Bullish_Growth
2024-09-27,274,0.0,0.0,0.02,Low,Low,False,False,0.026078354531604564,0.39117531797406846,C,RHYME_C: Steady_Bullish_Growth
2024-09-30,275,0.0,0.0,0.02,Low,Low,False,False,0.02657778602378058,0.3986667903567087,C,RHYME_C: Steady_Bullish_Growth
2024-10-01,276,0.0,0.0,0.02,Low,Low,False,False,0.02402277072810488,0.3603415609215732,C,RHYME_C: Steady_Bullish_Growth
2024-10-02,277,0.0,0.0,0.02,Low,Low,False,False,0.023019883604604052,0.3452982540690608,C,RHYME_C: Steady_Bullish_Growth
2024-10-03,278,0.0,0.0,0.02,Low,Low,False,False,0.019156690761533923,0.28735036142300885,C,RHYME_C: Steady_Bullish_Growth
2024-10-04,279,0.0,0.0,0.02,Low,Low,False,False,0.015879263213147254,0.23818894819720882,C,RHYME_C: Steady_Bullish_Growth
2024-10-07,280,0.0,0.0,0.02,Low,Low,False,False,0.011248339185441214,0.1687250877816182,C,RHYME_C: Steady_Bullish_Growth
2024-10-08,281,0.0,0.0,0.02,Low,Low,False,False,0.008450640666827214,0.1267596100024082,C,RHYME_C: Steady_Bullish_Growth
2024-10-09,282,0.0,0.0,0.02,Low,Low,False,False,0.007536288216136278,0.11304432324204416,D,RHYME_D: Range_Bound_Neutral
2024-10-10,283,0.0,0.0,0.02,Low,Low,False,False,0.007719524097974606,0.11579286146961909,D,RHYME_D: Range_Bound_Neutral
2024-10-11,284,0.0,0.0,0.02,Low,Low,False,False,0.00824547530608033,0.12368212959120495,D,RHYME_D: Range_Bound_Neutral
2024-10-14,285,0.0,0.0,0.02,Low,Low,False,False,0.012497868859748573,0.1874680328962286,D,RHYME_D: Range_Bound_Neutral
2024-10-15,286,0.0,0.0,0.02,Low,Low,False,False,0.015211923025854723,0.22817884538782085,D,RHYME_D: Range_Bound_Neutral
2024-10-16,287,0.0,0.0,0.02,Low,Low,False,False,0.017335728468793166,0.2600359270318975,D,RHYME_D: Range_Bound_Neutral
2024-10-17,288,0.0,0.0,0.02,Low,Low,False,False,0.020271440795087692,0.3040716119263154,D,RHYME_D: Range_Bound_Neutral
2024-10-18,289,0.0,0.0,0.02,Low,Low,False,False,0.020725735188891425,0.3108860278333714,D,RHYME_D: Range_Bound_Neutral
2024-10-21,290,0.0,0.0,0.02,Low,Low,False,False,0.017966124020188046,0.2694918603028207,C,RHYME_C: Steady_Bullish_Growth
2024-10-22,291,0.0,0.0,0.02,Low,Low,False,False,0.01622882240006951,0.24343233600104264,C,RHYME_C: Steady_Bullish_Growth
2024-10-23,292,0.0,0.0,0.02,Low,Low,False,False,0.01099796725468516,0.1649695088202774,C,RHYME_C: Steady_Bullish_Growth
2024-10-24,293,0.0,0.0,0.02,Low,Low,False,False,0.006837032354809036,0.10255548532213554,C,RHYME_C: Steady_Bullish_Growth
2024-10-25,294,0.0,0.0,0.02,Low,Low,False,False,0.0009245321420741082,0.013867982131111622,C,RHYME_C: Steady_Bullish_Growth
2024-10-28,295,0.0,0.0,0.02,Low,Low,False,False,-0.0012297737677618992,-0.018446606516428488,C,RHYME_C: Steady_Bullish_Growth
2024-10-29,296,0.0,0.0,0.02,Low,Low,False,False,-0.0035309304583833745,-0.05296395687575062,C,RHYME_C: Steady_Bullish_Growth
2024-10-30,297,0.0,0.0,0.02,Low,Low,False,False,-0.005035710942398519,-0.07553566413597779,C,RHYME_C: Steady_Bullish_Growth
2024-10-31,298,0.0,0.0,0.02,Low,Low,False,False,-0.008861716593418278,-0.13292574890127418,D,RHYME_D: Range_Bound_Neutral
2024-11-01,299,0.0,0.0,0.02,Low,Low,False,False,-0.010622280148830598,-0.15933420223245898,D,RHYME_D: Range_Bound_Neutral
2024-11-04,300,0.0,0.0,0.02,Low,Low,False,False,-0.01457214870574386,-0.2185822305861579,D,RHYME_D: Range_Bound_Neutral
2024-11-05,301,0.0,0.0,0.02,Low,Low,False,False,-0.015101478370463273,-0.2265221755569491,D,RHYME_D: Range_Bound_Neutral
2024-11-06,302,0.0,0.0,0.02,Low,Low,False,False,-0.008994856032407017,-0.13492284048610526,D,RHYME_D: Range_Bound_Neutral
2024-11-07,303,0.0,0.0,0.02,Low,Low,False,False,0.00035142852958647275,0.005271427943797091,D,RHYME_D: Range_Bound_Neutral
2024-11-08,304,0.0,0.0,0.02,Low,Low,False,False,0.011664631201153464,0.17496946801730195,D,RHYME_D: Range_Bound_Neutral
2024-11-11,305,0.0,0.0,0.02,Low,Low,False,False,0.025006363486097083,0.37509545229145624,D,RHYME_D: Range_Bound_Neutral
2024-11-12,306,0.0,0.0,0.02,Low,Low,False,False,0.032917531194766037,0.49376296792149055,C,RHYME_C: Steady_Bullish_Growth
2024-11-13,307,0.0,0.0,0.02,Low,Low,False,False,0.03420806906279883,0.5131210359419824,C,RHYME_C: Steady_Bullish_Growth
2024-11-14,308,0.0,0.0,0.02,Low,Low,False,False,0.03269297800665005,0.4903946700997508,C,RHYME_C: Steady_Bullish_Growth
2024-11-15,309,0.0,0.0,0.02,Low,Low,False,False,0.027727855459963147,0.4159178318994472,C,RHYME_C: Steady_Bullish_Growth
2024-11-18,310,0.0,0.0,0.02,Low,Low,False,False,0.021181655615710726,0.3177248342356609,C,RHYME_C: Steady_Bullish_Growth
2024-11-19,311,0.0,0.0,0.02,Low,Low,False,False,0.01687410343426654,0.2531115515139981,C,RHYME_C: Steady_Bullish_Growth
2024-11-20,312,0.0,0.0,0.02,Low,Low,False,False,0.012170304723134961,0.18255457084702442,C,RHYME_C: Steady_Bullish_Growth
2024-11-21,313,0.0,0.0,0.02,Low,Low,False,False,0.01290625488266417,0.19359382323996255,C,RHYME_C: Steady_Bullish_Growth
2024-11-22,314,0.0,0.0,0.02,Low,Low,False,False,0.01739130243574949,0.26086953653624234,C,RHYME_C: Steady_Bullish_Growth
2024-11-25,315,0.0,0.0,0.02,Low,Low,False,False,0.022834421268637328,0.3425163190295599,C,RHYME_C: Steady_Bullish_Growth
2024-11-26,316,0.0,0.0,0.02,Low,Low,False,False,0.027651544938916306,0.4147731740837446,C,RHYME_C: Steady_Bullish_Growth
2024-11-27,317,0.0,0.0,0.02,Low,Low,False,False,0.031758993357464016,0.47638490036196024,C,RHYME_C: Steady_Bullish_Growth
2024-11-29,318,0.0,0.0,0.02,Low,Low,False,False,0.03197893976433619,0.47968409646504284,C,RHYME_C: Steady_Bullish_Growth
2024-12-02,319,0.0,0.0,0.02,Low,Low,False,False,0.029354210577449358,0.44031315866174037,C,RHYME_C: Steady_Bullish_Growth
2024-12-03,320,0.0,0.0,0.02,Low,Low,False,False,0.023891753468363808,0.3583763020254571,C,RHYME_C: Steady_Bullish_Growth
2024-12-04,321,0.0,0.0,0.02,Low,Low,False,False,0.020390776292822377,0.30586164439233565,C,RHYME_C: Steady_Bullish_Growth
2024-12-05,322,0.0,0.0,0.02,Low,Low,False,False,0.01761982814734253,0.26429742221013797,C,RHYME_C: Steady_Bullish_Growth
2024-12-06,323,0.0,0.0,0.02,Low,Low,False,False,0.014398856903760748,0.21598285355641123,C,RHYME_C: Steady_Bullish_Growth
2024-12-09,324,0.0,0.0,0.02,Low,Low,False,False,0.010927664235060197,0.16391496352590296,C,RHYME_C: Steady_Bullish_Growth
2024-12-10,325,0.0,0.0,0.02,Low,Low,False,False,0.007225513105828529,0.10838269658742794,D,RHYME_D: Range_Bound_Neutral
2024-12-11,326,0.0,0.0,0.02,Low,Low,False,False,0.002676635299386998,0.04014952949080497,D,RHYME_D: Range_Bound_Neutral
2024-12-12,327,0.0,0.0,0.02,Low,Low,False,False,-0.0014071291200292713,-0.02110693680043907,D,RHYME_D: Range_Bound_Neutral
2024-12-13,328,0.0,0.0,0.02,Low,Low,False,False,-0.00660826259374192,-0.0991239389061288,D,RHYME_D: Range_Bound_Neutral
2024-12-16,329,0.0,0.0,0.02,Low,Low,False,False,-0.010986707620491698,-0.16480061430737547,D,RHYME_D: Range_Bound_Neutral
2024-12-17,330,0.0,0.0,0.02,Low,Low,False,False,-0.014396449295487002,-0.21594673943230502,D,RHYME_D: Range_Bound_Neutral
2024-12-18,331,0.0,0.0,0.02,Low,Low,False,False,-0.024998946223422025,-0.3749841933513304,D,RHYME_D: Range_Bound_Neutral
2024-12-19,332,0.0,0.0,0.02,Low,Low,False,False,-0.034899410075648785,-0.5234911511347318,D,RHYME_D: Range_Bound_Neutral
2024-12-20,333,0.0,0.0,0.02,Low,Low,False,False,-0.040911003964438586,-0.6136650594665788,E,RHYME_E: Steady_Bearish_Decline
2024-12-23,334,0.0,0.0,0.02,Low,Low,False,False,-0.04536126037048838,-0.6804189055573256,E,RHYME_E: Steady_Bearish_Decline
2024-12-24,335,0.0,0.0,0.02,Low,Low,False,False,-0.04590757790800115,-0.6886136686200173,E,RHYME_E: Steady_Bearish_Decline
2024-12-26,336,0.0,0.0,0.02,Low,Low,False,False,-0.03737895921623313,-0.560684388243497,E,RHYME_E: Steady_Bearish_Decline
2024-12-27,337,0.0,0.0,0.02,Low,Low,False,False,-0.029178845848744528,-0.4376826877311679,E,RHYME_E: Steady_Bearish_Decline
2024-12-30,338,0.0,0.0,0.02,Low,Low,False,False,-0.026051132210434425,-0.39076698315651637,E,RHYME_E: Steady_Bearish_Decline
2024-12-31,339,0.0,0.0,0.02,Low,Low,False,False,-0.02402172045373585,-0.36032580680603776,E,RHYME_E: Steady_Bearish_Decline
2025-01-02,340,0.0,0.0,0.02,Low,Low,False,False,-0.02442216327557567,-0.36633244913363505,E,RHYME_E: Steady_Bearish_Decline
2025-01-03,341,0.0,0.0,0.02,Low,Low,False,False,-0.023012075664661347,-0.3451811349699202,E,RHYME_E: Steady_Bearish_Decline
2025-01-06,342,0.0,0.0,0.02,Low,Low,False,False,-0.01965092488081066,-0.2947638732121599,E,RHYME_E: Steady_Bearish_Decline
2025-01-07,343,0.0,0.0,0.02,Low,Low,False,False,-0.014654127429043595,-0.21981191143565393,E,RHYME_E: Steady_Bearish_Decline
2025-01-08,344,0.0,0.0,0.02,Low,Low,False,False,-0.009721023376366378,-0.14581535064549567,E,RHYME_E: Steady_Bearish_Decline
2025-01-10,345,0.0,0.0,0.02,Low,Low,False,False,-0.008017526062562341,-0.12026289093843512,E,RHYME_E: Steady_Bearish_Decline
2025-01-13,346,0.0,0.0,0.02,Low,Low,False,False,-0.007620873715572851,-0.11431310573359277,D,RHYME_D: Range_Bound_Neutral
2025-01-14,347,0.0,0.0,0.02,Low,Low,False,False,-0.006255581868208959,-0.09383372802313439,D,RHYME_D: Range_Bound_Neutral
2025-01-15,348,0.0,0.0,0.02,Low,Low,False,False,-0.0008214792069887178,-0.012322188104830767,D,RHYME_D: Range_Bound_Neutral
2025-01-16,349,0.0,0.0,0.02,Low,Low,False,False,0.005277995165433147,0.0791699274814972,D,RHYME_D: Range_Bound_Neutral
2025-01-17,350,0.0,0.0,0.02,Low,Low,False,False,0.015851003581093925,0.23776505371640888,D,RHYME_D: Range_Bound_Neutral
2025-01-21,351,0.0,0.0,0.02,Low,Low,False,False,0.02489958203251219,0.37349373048768286,D,RHYME_D: Range_Bound_Neutral
2025-01-22,352,0.0,0.0,0.02,Low,Low,False,False,0.03080067931260677,0.46201018968910157,D,RHYME_D: Range_Bound_Neutral
2025-01-23,353,0.0,0.0,0.02,Low,Low,False,False,0.034806243492623734,0.522093652389356,D,RHYME_D: Range_Bound_Neutral
2025-01-24,354,0.0,0.0,0.02,Low,Low,False,False,0.036963427683484484,0.5544514152522673,C,RHYME_C: Steady_Bullish_Growth
2025-01-27,355,0.0,0.0,0.02,Low,Low,False,False,0.03836360646787851,0.5754540970181776,C,RHYME_C: Steady_Bullish_Growth
2025-01-28,356,0.0,0.0,0.02,Low,Low,False,False,0.03594658572703979,0.5391987859055969,C,RHYME_C: Steady_Bullish_Growth
2025-01-29,357,0.0,0.0,0.02,Low,Low,False,False,0.033313628044594035,0.4997044206689105,C,RHYME_C: Steady_Bullish_Growth
2025-01-30,358,0.0,0.0,0.02,Low,Low,False,False,0.0308016090411658,0.462024135617487,C,RHYME_C: Steady_Bullish_Growth
2025-01-31,359,0.0,0.0,0.02,Low,Low,False,False,0.02747276131546017,0.41209141973190255,C,RHYME_C: Steady_Bullish_Growth
2025-02-03,360,0.0,0.0,0.02,Low,Low,False,False,0.023035701647703855,0.3455355247155578,C,RHYME_C: Steady_Bullish_Growth
2025-02-04,361,0.0,0.0,0.02,Low,Low,False,False,0.02095627274686085,0.31434409120291273,C,RHYME_C: Steady_Bullish_Growth
2025-02-05,362,0.0,0.0,0.02,Low,Low,False,False,0.02097863996804672,0.3146795995207008,C,RHYME_C: Steady_Bullish_Growth
2025-02-06,363,0.0,0.0,0.02,Low,Low,False,False,0.017508699987162535,0.262630499807438,C,RHYME_C: Steady_Bullish_Growth
2025-02-07,364,0.0,0.0,0.02,Low,Low,False,False,0.014938213041663762,0.22407319562495642,C,RHYME_C: Steady_Bullish_Growth
2025-02-10,365,0.0,0.0,0.02,Low,Low,False,False,0.014160763911434504,0.21241145867151756,C,RHYME_C: Steady_Bullish_Growth
2025-02-11,366,0.0,0.0,0.02,Low,Low,False,False,0.01197181582102691,0.17957723731540365,C,RHYME_C: Steady_Bullish_Growth
2025-02-12,367,0.0,0.0,0.02,Low,Low,False,False,0.008126688437149143,0.12190032655723715,C,RHYME_C: Steady_Bullish_Growth
2025-02-13,368,0.0,0.0,0.02,Low,Low,False,False,0.007786120634017291,0.11679180951025936,D,RHYME_D: Range_Bound_Neutral
2025-02-14,369,0.0,0.0,0.02,Low,Low,False,False,0.008917007912043529,0.13375511868065293,D,RHYME_D: Range_Bound_Neutral
2025-02-18,370,0.0,0.0,0.02,Low,Low,False,False,0.010035524576907928,0.15053286865361892,D,RHYME_D: Range_Bound_Neutral
2025-02-19,371,0.0,0.0,0.02,Low,Low,False,False,0.012148886847417995,0.18223330271126992,D,RHYME_D: Range_Bound_Neutral
2025-02-20,372,0.0,0.0,0.02,Low,Low,False,False,0.01381761677534521,0.20726425163017814,D,RHYME_D: Range_Bound_Neutral
2025-02-21,373,0.0,0.0,0.02,Low,Low,False,False,0.009290942520725487,0.1393641378108823,D,RHYME_D: Range_Bound_Neutral
2025-02-22,374,0.0,0.0,0.02,Low,Low,False,False,0.005187522231121289,0.07781283346681933,D,RHYME_D: Range_Bound_Neutral
2025-02-23,375,0.0,0.0,0.02,Low,Low,False,False,-0.0009546691761274095,-0.014320037641911143,D,RHYME_D: Range_Bound_Neutral
2025-02-24,376,0.0,0.0,0.02,Low,Low,False,False,-0.0075980984800959606,-0.11397147720143941,D,RHYME_D: Range_Bound_Neutral
2025-02-25,377,0.0,0.0,0.02,Low,Low,False,False,-0.015421173964430657,-0.23131760946645985,E,RHYME_E: Steady_Bearish_Decline
2025-02-26,378,0.0,0.0,0.02,Low,Low,False,False,-0.016376458654968284,-0.24564687982452427,E,RHYME_E: Steady_Bearish_Decline
2025-02-27,379,0.0,0.0,0.02,Low,Low,False,False,-0.019894262823815012,-0.2984139423572252,E,RHYME_E: Steady_Bearish_Decline
2025-02-28,380,0.0,0.0,0.02,Low,Low,False,False,-0.021483963219460445,-0.32225944829190667,E,RHYME_E: Steady_Bearish_Decline
2025-03-01,381,0.0,0.0,0.02,Low,Low,False,False,-0.01977104271252128,-0.2965656406878192,E,RHYME_E: Steady_Bearish_Decline
2025-03-02,382,0.0,0.0,0.02,Low,Low,False,False,-0.01614463627819296,-0.24216954417289438,E,RHYME_E: Steady_Bearish_Decline
2025-03-03,383,0.0,0.0,0.02,Low,Low,False,False,-0.016835017139095076,-0.25252525708642615,E,RHYME_E: Steady_Bearish_Decline
2025-03-04,384,0.0,0.0,0.02,Low,Low,False,False,-0.01868003526617512,-0.2802005289926268,E,RHYME_E: Steady_Bearish_Decline
2025-03-05,385,0.0,0.0,0.02,Low,Low,False,False,-0.020517773774185177,-0.30776660661277766,E,RHYME_E: Steady_Bearish_Decline
2025-03-06,386,0.0,0.0,0.02,Low,Low,False,False,-0.02531119125248038,-0.3796678687872057,E,RHYME_E: Steady_Bearish_Decline
2025-03-07,387,0.0,0.0,0.02,Low,Low,False,False,-0.03183303989984343,-0.47749559849765144,E,RHYME_E: Steady_Bearish_Decline
2025-03-08,388,0.0,0.0,0.02,Low,Low,False,False,-0.031687738771333684,-0.47531608157000527,E,RHYME_E: Steady_Bearish_Decline
2025-03-09,389,0.0,0.0,0.02,Low,Low,False,False,-0.02974319412175186,-0.4461479118262779,E,RHYME_E: Steady_Bearish_Decline
2025-03-10,390,0.0,0.0,0.02,Low,Low,False,False,-0.034614381793278914,-0.5192157268991837,E,RHYME_E: Steady_Bearish_Decline
2025-03-11,391,0.0,0.0,0.02,Low,Low,False,False,-0.03648818117831676,-0.5473227176747514,E,RHYME_E: Steady_Bearish_Decline
2025-03-12,392,0.0,0.0,0.02,Low,Low,False,False,-0.039441602067079584,-0.5916240310061938,E,RHYME_E: Steady_Bearish_Decline
2025-03-13,393,0.0,0.0,0.02,Low,Low,False,False,-0.045749820130575825,-0.6862473019586374,E,RHYME_E: Steady_Bearish_Decline
2025-03-14,394,0.0,0.0,0.02,Low,Low,False,False,-0.04627214012669656,-0.6940821019004484,E,RHYME_E: Steady_Bearish_Decline
2025-03-15,395,0.0,0.0,0.02,Low,Low,False,False,-0.04098529220599001,-0.6147793830898501,E,RHYME_E: Steady_Bearish_Decline
2025-03-16,396,0.0,0.0,0.02,Low,Low,False,False,-0.03529408877642071,-0.5294113316463106,E,RHYME_E: Steady_Bearish_Decline
2025-03-17,397,0.0,0.0,0.02,Low,Low,False,False,-0.027240670646148657,-0.40861005969222985,E,RHYME_E: Steady_Bearish_Decline
2025-03-18,398,0.0,0.0,0.02,Low,Low,False,False,-0.017450686107235325,-0.26176029160852987,E,RHYME_E: Steady_Bearish_Decline
2025-03-19,399,0.0,0.0,0.02,Low,Low,False,False,-0.011406627460288976,-0.17109941190433464,E,RHYME_E: Steady_Bearish_Decline
2025-03-20,400,0.0,0.0,0.02,Low,Low,False,False,-0.005825571578421229,-0.08738357367631844,D,RHYME_D: Range_Bound_Neutral
2025-03-21,401,0.0,0.0,0.02,Low,Low,False,False,-0.0004720551333167178,-0.007080826999750767,D,RHYME_D: Range_Bound_Neutral
2025-03-22,402,0.0,0.0,0.02,Low,Low,False,False,0.0018409002308832356,0.027613503463248534,D,RHYME_D: Range_Bound_Neutral
2025-03-23,403,0.0,0.0,0.02,Low,Low,False,False,0.004632532803984235,0.06948799205976353,D,RHYME_D: Range_Bound_Neutral
2025-03-24,404,0.0,0.0,0.02,Low,Low,False,False,0.007109678619459547,0.10664517929189321,D,RHYME_D: Range_Bound_Neutral
2025-03-25,405,0.0,0.0,0.02,Low,Low,False,False,0.011573968907808041,0.17360953361712061,D,RHYME_D: Range_Bound_Neutral
2025-03-26,406,0.0,0.0,0.02,Low,Low,False,False,0.01487480857359369,0.22312212860390535,D,RHYME_D: Range_Bound_Neutral
2025-03-27,407,0.0,0.0,0.02,Low,Low,False,False,0.017811294172835,0.267169412592525,D,RHYME_D: Range_Bound_Neutral
2025-03-28,408,0.0,0.0,0.02,Low,Low,False,False,0.0167696185403583,0.2515442781053745,C,RHYME_C: Steady_Bullish_Growth
2025-03-29,409,0.0,0.0,0.02,Low,Low,False,False,0.009774295814215739,0.14661443721323608,C,RHYME_C: Steady_Bullish_Growth
2025-03-30,410,0.0,0.0,0.02,Low,Low,False,False,0.0013453003332217772,0.02017950499832666,C,RHYME_C: Steady_Bullish_Growth
2025-03-31,411,0.0,0.0,0.02,Low,Low,False,False,-0.004029455079272437,-0.060441826189086556,C,RHYME_C: Steady_Bullish_Growth
2025-04-01,412,0.0,0.0,0.02,Low,Low,False,False,-0.008142214717921759,-0.12213322076882638,C,RHYME_C: Steady_Bullish_Growth
2025-04-02,413,0.0,0.0,0.02,Low,Low,False,False,-0.007276186146434993,-0.1091427921965249,C,RHYME_C: Steady_Bullish_Growth
2025-04-03,414,0.0,0.0,0.02,Low,Low,False,False,-0.013832743617477994,-0.2074911542621699,C,RHYME_C: Steady_Bullish_Growth
2025-04-04,415,0.0,0.0,0.02,Low,Low,False,False,-0.030292919286389552,-0.4543937892958433,C,RHYME_C: Steady_Bullish_Growth
2025-04-05,416,0.0,0.0,0.02,Low,Low,False,False,-0.04922800610732536,-0.7384200916098804,E,RHYME_E: Steady_Bearish_Decline
2025-04-06,417,0.0,0.0,0.02,Low,Low,False,False,-0.06905233978532865,-1.0,E,RHYME_E: Steady_Bearish_Decline
2025-04-07,418,0.0,0.0,0.02,Low,Low,False,False,-0.09161147177720308,-1.0,E,RHYME_E: Steady_Bearish_Decline
2025-04-08,419,0.0,0.0,0.02,Low,Low,False,False,-0.10466929932298219,-1.0,E,RHYME_E: Steady_Bearish_Decline
2025-04-09,420,0.0,0.0,0.02,Low,Low,False,False,-0.09000692576338931,-1.0,E,RHYME_E: Steady_Bearish_Decline
2025-04-10,421,0.0,0.0,0.02,Low,Low,False,False,-0.081499240734903,-1.0,E,RHYME_E: Steady_Bearish_Decline
2025-04-11,422,0.0,0.0,0.02,Low,Low,False,False,-0.06810092876724105,-1.0,E,RHYME_E: Steady_Bearish_Decline
2025-04-12,423,0.0,0.0,0.02,Low,Low,False,False,-0.05238939819648514,-0.7858409729472771,E,RHYME_E: Steady_Bearish_Decline
2025-04-13,424,0.0,0.0,0.02,Low,Low,False,False,-0.03089532643497639,-0.46342989652464583,E,RHYME_E: Steady_Bearish_Decline
2025-04-14,425,0.0,0.0,0.02,Low,Low,False,False,-0.02749744173897206,-0.4124616260845809,E,RHYME_E: Steady_Bearish_Decline
2025-04-15,426,0.0,0.0,0.02,Low,Low,False,False,-0.016265664469770957,-0.24398496704656436,E,RHYME_E: Steady_Bearish_Decline
2025-04-16,427,0.0,0.0,0.02,Low,Low,False,False,-0.011642348004818004,-0.17463522007227006,E,RHYME_E: Steady_Bearish_Decline
2025-04-17,428,0.0,0.0,0.02,Low,Low,False,False,-0.00766374400339398,-0.1149561600509097,D,RHYME_D: Range_Bound_Neutral
2025-04-18,429,0.0,0.0,0.02,Low,Low,False,False,-0.003173876044213819,-0.04760814066320729,D,RHYME_D: Range_Bound_Neutral
2025-04-19,430,0.0,0.0,0.02,Low,Low,False,False,-0.0010382067043847032,-0.015573100565770548,D,RHYME_D: Range_Bound_Neutral
2025-04-20,431,0.0,0.0,0.02,Low,Low,False,False,0.0024779698510815074,0.03716954776622261,D,RHYME_D: Range_Bound_Neutral
2025-04-21,432,0.0,0.0,0.02,Low,Low,False,False,0.005489824823302181,0.08234737234953271,D,RHYME_D: Range_Bound_Neutral
2025-04-22,433,0.0,0.0,0.02,Low,Low,False,False,0.012251165214182125,0.18376747821273187,D,RHYME_D: Range_Bound_Neutral
2025-04-23,434,0.0,0.0,0.02,Low,Low,False,False,0.017935139400797384,0.26902709101196076,D,RHYME_D: Range_Bound_Neutral
2025-04-24,435,0.0,0.0,0.02,Low,Low,False,False,0.023219044834556835,0.3482856725183525,D,RHYME_D: Range_Bound_Neutral
2025-04-25,436,0.0,0.0,0.02,Low,Low,False,False,0.028504634012959107,0.4275695101943866,C,RHYME_C: Steady_Bullish_Growth
2025-04-26,437,0.0,0.0,0.02,Low,Low,False,False,0.03866587707185554,0.579988156077833,C,RHYME_C: Steady_Bullish_Growth
2025-04-27,438,0.0,0.0,0.02,Low,Low,False,False,0.04090994376495383,0.6136491564743074,C,RHYME_C: Steady_Bullish_Growth
2025-04-28,439,0.0,0.0,0.02,Low,Low,False,False,0.039474800824133016,0.5921220123619952,C,RHYME_C: Steady_Bullish_Growth
2025-04-29,440,0.0,0.0,0.02,Low,Low,False,False,0.03948582822574531,0.5922874233861797,C,RHYME_C: Steady_Bullish_Growth
2025-04-30,441,0.0,0.0,0.02,Low,Low,False,False,0.03664687668896871,0.5497031503345307,C,RHYME_C: Steady_Bullish_Growth
2025-05-01,442,0.0,0.0,0.02,Low,Low,False,False,0.03523129237043987,0.5284693855565981,C,RHYME_C: Steady_Bullish_Growth
2025-05-02,443,0.0,0.0,0.02,Low,Low,False,False,0.03823404359971505,0.5735106539957258,C,RHYME_C: Steady_Bullish_Growth
2025-05-03,444,0.0,0.0,0.02,Low,Low,False,False,0.039370594920159485,0.5905589238023923,C,RHYME_C: Steady_Bullish_Growth
2025-05-04,445,0.0,0.0,0.02,Low,Low,False,False,0.039658725068246525,0.5948808760236979,C,RHYME_C: Steady_Bullish_Growth
2025-05-05,446,0.0,0.0,0.02,Low,Low,False,False,0.03930920373187208,0.5896380559780812,C,RHYME_C: Steady_Bullish_Growth
2025-05-06,447,0.0,0.0,0.02,Low,Low,False,False,0.03635513174764049,0.5453269762146074,C,RHYME_C: Steady_Bullish_Growth
2025-05-07,448,0.0,0.0,0.02,Low,Low,False,False,0.030491171698734387,0.4573675754810158,C,RHYME_C: Steady_Bullish_Growth
2025-05-08,449,0.0,0.0,0.02,Low,Low,False,False,0.028314007028138466,0.424710105422077,C,RHYME_C: Steady_Bullish_Growth
2025-05-09,450,0.0,0.0,0.02,Low,Low,False,False,0.027057441060727383,0.40586161591091074,C,RHYME_C: Steady_Bullish_Growth
2025-05-10,451,0.0,0.0,0.02,Low,Low,False,False,0.02821799491274346,0.4232699236911519,C,RHYME_C: Steady_Bullish_Growth
2025-05-11,452,0.0,0.0,0.02,Low,Low,False,False,0.029416463477389465,0.441246952160842,C,RHYME_C: Steady_Bullish_Growth
2025-05-12,453,0.0,0.0,0.02,Low,Low,False,False,0.03544846580333805,0.5317269870500707,C,RHYME_C: Steady_Bullish_Growth
2025-05-13,454,0.0,0.0,0.02,Low,Low,False,False,0.039177667571166364,0.5876650135674955,C,RHYME_C: Steady_Bullish_Growth
2025-05-14,455,0.0,0.0,0.02,Low,Low,False,False,0.042561284440633784,0.6384192666095068,C,RHYME_C: Steady_Bullish_Growth
2025-05-15,456,0.0,0.0,0.02,Low,Low,False,False,0.04500641113997972,0.6750961670996958,C,RHYME_C: Steady_Bullish_Growth
2025-05-16,457,0.0,0.0,0.02,Low,Low,False,False,0.049353511201891465,0.740302668028372,C,RHYME_C: Steady_Bullish_Growth
2025-05-17,458,0.0,0.0,0.02,Low,Low,False,False,0.046206886599730046,0.6931032989959507,C,RHYME_C: Steady_Bullish_Growth
2025-05-18,459,0.0,0.0,0.02,Low,Low,False,False,0.04257483364127945,0.6386225046191918,C,RHYME_C: Steady_Bullish_Growth
2025-05-19,460,0.0,0.0,0.02,Low,Low,False,False,0.040393122527329295,0.6058968379099394,C,RHYME_C: Steady_Bullish_Growth
2025-05-20,461,0.0,0.0,0.02,Low,Low,False,False,0.03687593953956836,0.5531390930935254,C,RHYME_C: Steady_Bullish_Growth
2025-05-21,462,0.0,0.0,0.02,Low,Low,False,False,0.028022864692018645,0.4203429703802797,C,RHYME_C: Steady_Bullish_Growth
2025-05-22,463,0.0,0.0,0.02,Low,Low,False,False,0.02141901224256082,0.3212851836384123,C,RHYME_C: Steady_Bullish_Growth
2025-05-23,464,0.0,0.0,0.02,Low,Low,False,False,0.01287425500770678,0.1931138251156017,C,RHYME_C: Steady_Bullish_Growth
2025-05-24,465,0.0,0.0,0.02,Low,Low,False,False,0.004820533625633061,0.07230800438449592,D,RHYME_D: Range_Bound_Neutral
2025-05-25,466,0.0,0.0,0.02,Low,Low,False,False,-0.0030287226922521837,-0.045430840383782756,D,RHYME_D: Range_Bound_Neutral
2025-05-26,467,0.0,0.0,0.02,Low,Low,False,False,-0.006286310606278267,-0.094294659094174,D,RHYME_D: Range_Bound_Neutral
2025-05-27,468,0.0,0.0,0.02,Low,Low,False,False,-0.006177476245144975,-0.09266214367717462,D,RHYME_D: Range_Bound_Neutral
2025-05-28,469,0.0,0.0,0.02,Low,Low,False,False,-0.005665145033452834,-0.08497717550179251,D,RHYME_D: Range_Bound_Neutral
2025-05-29,470,0.0,0.0,0.02,Low,Low,False,False,-0.0048258516124836115,-0.07238777418725417,D,RHYME_D: Range_Bound_Neutral
2025-05-30,471,0.0,0.0,0.02,Low,Low,False,False,-0.004250968501532726,-0.06376452752299089,D,RHYME_D: Range_Bound_Neutral
2025-05-31,472,0.0,0.0,0.02,Low,Low,False,False,-0.0036560809891436064,-0.054841214837154095,D,RHYME_D: Range_Bound_Neutral
2025-06-01,473,0.0,0.0,0.02,Low,Low,False,False,-0.005875420287858257,-0.08813130431787386,D,RHYME_D: Range_Bound_Neutral
2025-06-02,474,0.0,0.0,0.02,Low,Low,False,False,-0.0043038279759783915,-0.06455741963967587,D,RHYME_D: Range_Bound_Neutral
2025-06-03,475,0.0,0.0,0.02,Low,Low,False,False,-0.0020323250969596085,-0.030484876454394128,D,RHYME_D: Range_Bound_Neutral
2025-06-04,476,0.0,0.0,0.02,Low,Low,False,False,0.0009994232495056377,0.014991348742584565,D,RHYME_D: Range_Bound_Neutral
2025-06-05,477,0.0,0.0,0.02,Low,Low,False,False,0.003401749373757257,0.05102624060635885,D,RHYME_D: Range_Bound_Neutral
2025-06-06,478,0.0,0.0,0.02,Low,Low,False,False,0.008023184774581082,0.12034777161871624,D,RHYME_D: Range_Bound_Neutral
2025-06-07,479,0.0,0.0,0.02,Low,Low,False,False,0.01149037247124074,0.1723555870686111,C,RHYME_C: Steady_Bullish_Growth
2025-06-08,480,0.0,0.0,0.02,Low,Low,False,False,0.013030714310741542,0.19546071466112314,C,RHYME_C: Steady_Bullish_Growth
2025-06-09,481,0.0,0.0,0.02,Low,Low,False,False,0.01584714249864083,0.23770713747961247,C,RHYME_C: Steady_Bullish_Growth
2025-06-10,482,0.0,0.0,0.02,Low,Low,False,False,0.019768912213200318,0.29653368319800477,C,RHYME_C: Steady_Bullish_Growth
2025-06-11,483,0.0,0.0,0.02,Low,Low,False,False,0.020009198614654666,0.30013797921982,C,RHYME_C: Steady_Bullish_Growth
2025-06-12,484,0.0,0.0,0.02,Low,Low,False,False,0.019302006192726928,0.2895300928909039,C,RHYME_C: Steady_Bullish_Growth
2025-06-13,485,0.0,0.0,0.02,Low,Low,False,False,0.016385382209942234,0.2457807331491335,C,RHYME_C: Steady_Bullish_Growth
2025-06-14,486,0.0,0.0,0.02,Low,Low,False,False,0.012144648539887948,0.18216972809831922,C,RHYME_C: Steady_Bullish_Growth
2025-06-15,487,0.0,0.0,0.02,Low,Low,False,False,0.0064761423841595,0.0971421357623925,D,RHYME_D: Range_Bound_Neutral
2025-06-16,488,0.0,0.0,0.02,Low,Low,False,False,0.004454786428123025,0.06682179642184538,D,RHYME_D: Range_Bound_Neutral
2025-06-17,489,0.0,0.0,0.02,Low,Low,False,False,0.0006643112314901334,0.009964668472352,D,RHYME_D: Range_Bound_Neutral
2025-06-18,490,0.0,0.0,0.02,Low,Low,False,False,0.0002635492145413032,0.003953238218119548,D,RHYME_D: Range_Bound_Neutral
2025-06-19,491,0.0,0.0,0.02,Low,Low,False,False,-9.086563190507935e-05,-0.0013629844785761902,D,RHYME_D: Range_Bound_Neutral
2025-06-20,492,0.0,0.0,0.02,Low,Low,False,False,-0.0007610317071679029,-0.011415475607518544,D,RHYME_D: Range_Bound_Neutral
2025-06-21,493,0.0,0.0,0.02,Low,Low,False,False,-0.0038539119877103456,-0.057808679815655184,D,RHYME_D: Range_Bound_Neutral
2025-06-22,494,0.0,0.0,0.02,Low,Low,False,False,-0.005031395740573208,-0.07547093610859812,D,RHYME_D: Range_Bound_Neutral
2025-06-23,495,0.0,0.0,0.02,Low,Low,False,False,-0.004026456882212148,-0.060396853233182224,D,RHYME_D: Range_Bound_Neutral
2025-06-24,496,0.0,0.0,0.02,Low,Low,False,False,-0.0011269216853774244,-0.016903825280661366,D,RHYME_D: Range_Bound_Neutral
2025-06-25,497,0.0,0.0,0.02,Low,Low,False,False,0.0006191873176926155,0.009287809765389232,D,RHYME_D: Range_Bound_Neutral
2025-06-26,498,0.0,0.0,0.02,Low,Low,False,False,0.005099194593277234,0.07648791889915851,D,RHYME_D: Range_Bound_Neutral
2025-06-27,499,0.0,0.0,0.02,Low,Low,False,False,0.010963242609218327,0.1644486391382749,C,RHYME_C: Steady_Bullish_Growth
2025-06-28,500,0.0,0.0,0.02,Low,Low,False,False,0.01432331768255346,0.2148497652383019,C,RHYME_C: Steady_Bullish_Growth
2025-06-29,501,0.0,0.0,0.02,Low,Low,False,False,0.015602308005128851,0.23403462007693276,C,RHYME_C: Steady_Bullish_Growth
2025-06-30,502,0.0,0.0,0.02,Low,Low,False,False,0.01958205448783512,0.2937308173175268,C,RHYME_C: Steady_Bullish_Growth
2025-07-01,503,0.0,0.0,0.02,Low,Low,False,False,0.022207572927794406,0.3331135939169161,C,RHYME_C: Steady_Bullish_Growth
2025-07-02,504,0.0,0.0,0.02,Low,Low,False,False,0.024846112280088706,0.3726916842013306,C,RHYME_C: Steady_Bullish_Growth
2025-07-03,505,0.0,0.0,0.02,Low,Low,False,False,0.02767128569073618,0.4150692853610427,C,RHYME_C: Steady_Bullish_Growth
2025-07-04,506,0.0,0.0,0.02,Low,Low,False,False,0.029388240748142724,0.44082361122214087,C,RHYME_C: Steady_Bullish_Growth
2025-07-05,507,0.0,0.0,0.02,Low,Low,False,False,0.030294082723776317,0.45441124085664475,C,RHYME_C: Steady_Bullish_Growth
2025-07-06,508,0.0,0.0,0.02,Low,Low,False,False,0.03085559669304705,0.46283395039570574,C,RHYME_C: Steady_Bullish_Growth
2025-07-07,509,0.0,0.0,0.02,Low,Low,False,False,0.027354881024324706,0.4103232153648706,C,RHYME_C: Steady_Bullish_Growth
2025-07-08,510,0.0,0.0,0.02,Low,Low,False,False,0.022866474646307644,0.34299711969461466,C,RHYME_C: Steady_Bullish_Growth
2025-07-09,511,0.0,0.0,0.02,Low,Low,False,False,0.02026277356556294,0.3039416034834441,C,RHYME_C: Steady_Bullish_Growth
2025-07-10,512,0.0,0.0,0.02,Low,Low,False,False,0.019272223815487655,0.2890833572323148,C,RHYME_C: Steady_Bullish_Growth
2025-07-11,513,0.0,0.0,0.02,Low,Low,False,False,0.01683370586511468,0.2525055879767202,C,RHYME_C: Steady_Bullish_Growth
2025-07-12,514,0.0,0.0,0.02,Low,Low,False,False,0.016667829000825085,0.2500174350123763,C,RHYME_C: Steady_Bullish_Growth
2025-07-13,515,0.0,0.0,0.02,Low,Low,False,False,0.016519356512692873,0.2477903476903931,C,RHYME_C: Steady_Bullish_Growth
2025-07-14,516,0.0,0.0,0.02,Low,Low,False,False,0.015870767985742384,0.23806151978613577,C,RHYME_C: Steady_Bullish_Growth
2025-07-15,517,0.0,0.0,0.02,Low,Low,False,False,0.010603167367461586,0.15904751051192378,C,RHYME_C: Steady_Bullish_Growth
2025-07-16,518,0.0,0.0,0.02,Low,Low,False,False,0.008109989852704391,0.12164984779056587,C,RHYME_C: Steady_Bullish_Growth
2025-07-17,519,0.0,0.0,0.02,Low,Low,False,False,0.007604095442546699,0.11406143163820048,D,RHYME_D: Range_Bound_Neutral
2025-07-18,520,0.0,0.0,0.02,Low,Low,False,False,0.007039091129539488,0.10558636694309231,D,RHYME_D: Range_Bound_Neutral
2025-07-19,521,0.0,0.0,0.02,Low,Low,False,False,0.006487705792845189,0.09731558689267783,D,RHYME_D: Range_Bound_Neutral
2025-07-20,522,0.0,0.0,0.02,Low,Low,False,False,0.009145778906634039,0.13718668359951058,D,RHYME_D: Range_Bound_Neutral
2025-07-21,523,0.0,0.0,0.02,Low,Low,False,False,0.010501639430483989,0.15752459145725983,D,RHYME_D: Range_Bound_Neutral
2025-07-22,524,0.0,0.0,0.02,Low,Low,False,False,0.012203536476029786,0.1830530471404468,D,RHYME_D: Range_Bound_Neutral
2025-07-23,525,0.0,0.0,0.02,Low,Low,False,False,0.014590315057624759,0.21885472586437138,D,RHYME_D: Range_Bound_Neutral
2025-07-24,526,0.0,0.0,0.02,Low,Low,False,False,0.01542152974284261,0.23132294614263915,D,RHYME_D: Range_Bound_Neutral
2025-07-25,527,0.0,0.0,0.02,Low,Low,False,False,0.016934395409091696,0.25401593113637544,C,RHYME_C: Steady_Bullish_Growth
2025-07-26,528,0.0,0.0,0.02,Low,Low,False,False,0.018967139478401673,0.2845070921760251,C,RHYME_C: Steady_Bullish_Growth
2025-07-27,529,0.0,0.0,0.02,Low,Low,False,False,0.017961500125555974,0.2694225018833396,C,RHYME_C: Steady_Bullish_Growth
2025-07-28,530,0.0,0.0,0.02,Low,Low,False,False,0.015192971487538065,0.22789457231307098,C,RHYME_C: Steady_Bullish_Growth
2025-07-29,531,0.0,0.0,0.02,Low,Low,False,False,0.013721324241561472,0.20581986362342208,C,RHYME_C: Steady_Bullish_Growth
2025-07-30,532,0.0,0.0,0.02,Low,Low,False,False,0.00984899444393772,0.1477349166590658,C,RHYME_C: Steady_Bullish_Growth
2025-07-31,533,0.0,0.0,0.02,Low,Low,False,False,0.00302827481730894,0.0454241222596341,C,RHYME_C: Steady_Bullish_Growth
2025-08-01,534,0.0,0.0,0.02,Low,Low,False,False,-0.007004690196872998,-0.10507035295309497,C,RHYME_C: Steady_Bullish_Growth
2025-08-02,535,0.0,0.0,0.02,Low,Low,False,False,-0.015343313740287523,-0.23014970610431285,E,RHYME_E: Steady_Bearish_Decline
2025-08-03,536,0.0,0.0,0.02,Low,Low,False,False,-0.022661118096751087,-0.3399167714512663,E,RHYME_E: Steady_Bearish_Decline
2025-08-04,537,0.0,0.0,0.02,Low,Low,False,False,-0.02578464846999906,-0.3867697270499859,E,RHYME_E: Steady_Bearish_Decline
2025-08-05,538,0.0,0.0,0.02,Low,Low,False,False,-0.025701214942381423,-0.38551822413572134,E,RHYME_E: Steady_Bearish_Decline
2025-08-06,539,0.0,0.0,0.02,Low,Low,False,False,-0.02105083833174992,-0.3157625749762488,E,RHYME_E: Steady_Bearish_Decline
2025-08-07,540,0.0,0.0,0.02,Low,Low,False,False,-0.01583873748764353,-0.23758106231465292,E,RHYME_E: Steady_Bearish_Decline
2025-08-08,541,0.0,0.0,0.02,Low,Low,False,False,-0.010196208998742629,-0.15294313498113943,E,RHYME_E: Steady_Bearish_Decline
2025-08-09,542,0.0,0.0,0.02,Low,Low,False,False,-0.008219395474066804,-0.12329093211100206,E,RHYME_E: Steady_Bearish_Decline
2025-08-10,543,0.0,0.0,0.02,Low,Low,False,False,-0.005780736889604898,-0.08671105334407347,D,RHYME_D: Range_Bound_Neutral
2025-08-11,544,0.0,0.0,0.02,Low,Low,False,False,-0.0041189728961548155,-0.06178459344232223,D,RHYME_D: Range_Bound_Neutral
2025-08-12,545,0.0,0.0,0.02,Low,Low,False,False,0.0009136038344736974,0.013704057517105461,D,RHYME_D: Range_Bound_Neutral
2025-08-13,546,0.0,0.0,0.02,Low,Low,False,False,0.0071183896414799275,0.10677584462219891,D,RHYME_D: Range_Bound_Neutral
2025-08-14,547,0.0,0.0,0.02,Low,Low,False,False,0.0117985762026529,0.1769786430397935,D,RHYME_D: Range_Bound_Neutral
2025-08-15,548,0.0,0.0,0.02,Low,Low,False,False,0.01622712326579845,0.24340684898697673,D,RHYME_D: Range_Bound_Neutral
2025-08-16,549,0.0,0.0,0.02,Low,Low,False,False,0.02226162615173788,0.3339243922760682,D,RHYME_D: Range_Bound_Neutral
2025-08-17,550,0.0,0.0,0.02,Low,Low,False,False,0.023337406696834595,0.3500611004525189,D,RHYME_D: Range_Bound_Neutral
2025-08-18,551,0.0,0.0,0.02,Low,Low,False,False,0.020423874924767382,0.30635812387151073,C,RHYME_C: Steady_Bullish_Growth
2025-08-19,552,0.0,0.0,0.02,Low,Low,False,False,0.018569680379748377,0.27854520569622565,C,RHYME_C: Steady_Bullish_Growth
2025-08-20,553,0.0,0.0,0.02,Low,Low,False,False,0.017196218897629123,0.25794328346443685,C,RHYME_C: Steady_Bullish_Growth
2025-08-21,554,0.0,0.0,0.02,Low,Low,False,False,0.013946504071431498,0.20919756107147247,C,RHYME_C: Steady_Bullish_Growth
2025-08-22,555,0.0,0.0,0.02,Low,Low,False,False,0.015026893804737096,0.22540340707105644,C,RHYME_C: Steady_Bullish_Growth
2025-08-23,556,0.0,0.0,0.02,Low,Low,False,False,0.016748310084774953,0.2512246512716243,C,RHYME_C: Steady_Bullish_Growth
2025-08-24,557,0.0,0.0,0.02,Low,Low,False,False,0.019970032812489658,0.29955049218734486,C,RHYME_C: Steady_Bullish_Growth
2025-08-25,558,0.0,0.0,0.02,Low,Low,False,False,0.019688415636211376,0.29532623454317064,C,RHYME_C: Steady_Bullish_Growth
2025-08-26,559,0.0,0.0,0.02,Low,Low,False,False,0.021439269442828923,0.32158904164243385,C,RHYME_C: Steady_Bullish_Growth
2025-08-27,560,0.0,0.0,0.02,Low,Low,False,False,0.0178795856433962,0.268193784650943,C,RHYME_C: Steady_Bullish_Growth
2025-08-28,561,0.0,0.0,0.02,Low,Low,False,False,0.015324015273106895,0.22986022909660342,C,RHYME_C: Steady_Bullish_Growth
2025-08-29,562,0.0,0.0,0.02,Low,Low,False,False,0.012368937545692349,0.18553406318538523,C,RHYME_C: Steady_Bullish_Growth
2025-08-30,563,0.0,0.0,0.02,Low,Low,False,False,0.012555733874236141,0.18833600811354212,C,RHYME_C: Steady_Bullish_Growth
2025-08-31,564,0.0,0.0,0.02,Low,Low,False,False,0.011057936059980955,0.16586904089971433,C,RHYME_C: Steady_Bullish_Growth
2025-09-01,565,0.0,0.0,0.02,Low,Low,False,False,0.009424445346615018,0.14136668019922527,C,RHYME_C: Steady_Bullish_Growth
2025-09-02,566,0.0,0.0,0.02,Low,Low,False,False,0.006738024232965989,0.10107036349448983,D,RHYME_D: Range_Bound_Neutral
2025-09-03,567,0.0,0.0,0.02,Low,Low,False,False,0.004360807528658084,0.06541211292987126,D,RHYME_D: Range_Bound_Neutral
2025-09-04,568,0.0,0.0,0.02,Low,Low,False,False,0.00262462887988435,0.03936943319826525,D,RHYME_D: Range_Bound_Neutral
2025-09-05,569,0.0,0.0,0.02,Low,Low,False,False,0.0014255741756579177,0.021383612634868765,D,RHYME_D: Range_Bound_Neutral
2025-09-06,570,0.0,0.0,0.02,Low,Low,False,False,0.00045044979051511724,0.006756746857726759,D,RHYME_D: Range_Bound_Neutral
2025-09-07,571,0.0,0.0,0.02,Low,Low,False,False,0.0006652139469480733,0.0099782092042211,D,RHYME_D: Range_Bound_Neutral
2025-09-08,572,0.0,0.0,0.02,Low,Low,False,False,0.0015615259490568967,0.02342288923585345,D,RHYME_D: Range_Bound_Neutral
2025-09-09,573,0.0,0.0,0.02,Low,Low,False,False,0.0013514441055646476,0.020271661583469713,D,RHYME_D: Range_Bound_Neutral
2025-09-10,574,0.0,0.0,0.02,Low,Low,False,False,0.0007525925268438982,0.011288887902658473,D,RHYME_D: Range_Bound_Neutral
2025-09-11,575,0.0,0.0,0.02,Low,Low,False,False,0.004680866797345473,0.0702130019601821,D,RHYME_D: Range_Bound_Neutral
2025-09-12,576,0.0,0.0,0.02,Low,Low,False,False,0.007353717343146826,0.11030576014720239,D,RHYME_D: Range_Bound_Neutral
2025-09-13,577,0.0,0.0,0.02,Low,Low,False,False,0.009509082975059258,0.14263624462588886,D,RHYME_D: Range_Bound_Neutral
2025-09-14,578,0.0,0.0,0.02,Low,Low,False,False,0.010835802722704901,0.16253704084057352,C,RHYME_C: Steady_Bullish_Growth
2025-09-15,579,0.0,0.0,0.02,Low,Low,False,False,0.011836035696398461,0.17754053544597692,C,RHYME_C: Steady_Bullish_Growth
2025-09-16,580,0.0,0.0,0.02,Low,Low,False,False,0.009184423881941406,0.1377663582291211,C,RHYME_C: Steady_Bullish_Growth
2025-09-17,581,0.0,0.0,0.02,Low,Low,False,False,0.008825180829275858,0.13237771243913787,C,RHYME_C: Steady_Bullish_Growth
2025-09-18,582,0.0,0.0,0.02,Low,Low,False,False,0.009848485502276016,0.14772728253414025,C,RHYME_C: Steady_Bullish_Growth
2025-09-19,583,0.0,0.0,0.02,Low,Low,False,False,0.010817487402470682,0.16226231103706024,C,RHYME_C: Steady_Bullish_Growth
2025-09-20,584,0.0,0.0,0.02,Low,Low,False,False,0.012122936266011353,0.1818440439901703,C,RHYME_C: Steady_Bullish_Growth
2025-09-21,585,0.0,0.0,0.02,Low,Low,False,False,0.01333384515244096,0.2000076772866144,C,RHYME_C: Steady_Bullish_Growth
2025-09-22,586,0.0,0.0,0.02,Low,Low,False,False,0.012995016651814462,0.19492524977721692,C,RHYME_C: Steady_Bullish_Growth
2025-09-23,587,0.0,0.0,0.02,Low,Low,False,False,0.010133476075003367,0.1520021411250505,C,RHYME_C: Steady_Bullish_Growth
2025-09-24,588,0.0,0.0,0.02,Low,Low,False,False,0.00768831006848103,0.11532465102721545,D,RHYME_D: Range_Bound_Neutral
2025-09-25,589,0.0,0.0,0.02,Low,Low,False,False,0.0038717792132145767,0.05807668819821865,D,RHYME_D: Range_Bound_Neutral
2025-09-26,590,0.0,0.0,0.02,Low,Low,False,False,0.0022787658863818727,0.03418148829572809,D,RHYME_D: Range_Bound_Neutral
2025-09-27,591,0.0,0.0,0.02,Low,Low,False,False,0.0013009379754420625,0.019514069631630937,D,RHYME_D: Range_Bound_Neutral
2025-09-28,592,0.0,0.0,0.02,Low,Low,False,False,0.00058313422906342,0.0087470134359513,D,RHYME_D: Range_Bound_Neutral
2025-09-29,593,0.0,0.0,0.02,Low,Low,False,False,0.0008445218242760788,0.012667827364141182,D,RHYME_D: Range_Bound_Neutral
2025-09-30,594,0.0,0.0,0.02,Low,Low,False,False,0.003227599626472566,0.04841399439708849,D,RHYME_D: Range_Bound_Neutral
2025-10-01,595,0.0,0.0,0.02,Low,Low,False,False,0.005019095087126724,0.07528642630690086,D,RHYME_D: Range_Bound_Neutral
2025-10-02,596,0.0,0.0,0.02,Low,Low,False,False,0.007717663930504104,0.11576495895756156,D,RHYME_D: Range_Bound_Neutral
2025-10-03,597,0.0,0.0,0.02,Low,Low,False,False,0.010928041910938324,0.16392062866407486,C,RHYME_C: Steady_Bullish_Growth
2025-10-04,598,0.0,0.0,0.02,Low,Low,False,False,0.01295799803873443,0.19436997058101646,C,RHYME_C: Steady_Bullish_Growth
2025-10-05,599,0.0,0.0,0.02,Low,Low,False,False,0.014938034234311726,0.22407051351467588,C,RHYME_C: Steady_Bullish_Growth
2025-10-06,600,0.0,0.0,0.02,Low,Low,False,False,0.016192516796549317,0.24288775194823975,C,RHYME_C: Steady_Bullish_Growth
2025-10-07,601,0.0,0.0,0.02,Low,Low,False,False,0.014704399903156862,0.22056599854735293,C,RHYME_C: Steady_Bullish_Growth
2025-10-08,602,0.0,0.0,0.02,Low,Low,False,False,0.013941510238821397,0.20912265358232096,C,RHYME_C: Steady_Bullish_Growth
2025-10-09,603,0.0,0.0,0.02,Low,Low,False,False,0.011832554331761669,0.17748831497642503,C,RHYME_C: Steady_Bullish_Growth
2025-10-10,604,0.0,0.0,0.02,Low,Low,False,False,0.002804179765011794,0.04206269647517691,C,RHYME_C: Steady_Bullish_Growth
2025-10-11,605,0.0,0.0,0.02,Low,Low,False,False,-0.007490895533839748,-0.11236343300759621,D,RHYME_D: Range_Bound_Neutral
2025-10-12,606,0.0,0.0,0.02,Low,Low,False,False,-0.015200277636538972,-0.2280041645480846,D,RHYME_D: Range_Bound_Neutral
2025-10-13,607,0.0,0.0,0.02,Low,Low,False,False,-0.021715506086463776,-0.32573259129695664,D,RHYME_D: Range_Bound_Neutral
2025-10-14,608,0.0,0.0,0.02,Low,Low,False,False,-0.025522944869573183,-0.38284417304359775,D,RHYME_D: Range_Bound_Neutral
2025-10-15,609,0.0,0.0,0.02,Low,Low,False,False,-0.020992129930349712,-0.3148819489552457,D,RHYME_D: Range_Bound_Neutral
2025-10-16,610,0.0,0.0,0.02,Low,Low,False,False,-0.017912518326190008,-0.2686877748928501,D,RHYME_D: Range_Bound_Neutral
2025-10-17,611,0.0,0.0,0.02,Low,Low,False,False,-0.015527156190837554,-0.23290734286256332,D,RHYME_D: Range_Bound_Neutral
2025-10-18,612,0.0,0.0,0.02,Low,Low,False,False,-0.01641927684734268,-0.24628915271014018,D,RHYME_D: Range_Bound_Neutral
2025-10-19,613,0.0,0.0,0.02,Low,Low,False,False,-0.017869844971253768,-0.2680476745688065,E,RHYME_E: Steady_Bearish_Decline
2025-10-20,614,0.0,0.0,0.02,Low,Low,False,False,-0.016524705347986668,-0.24787058021980002,E,RHYME_E: Steady_Bearish_Decline
2025-10-21,615,0.0,0.0,0.02,Low,Low,False,False,-0.011920499215525293,-0.1788074882328794,E,RHYME_E: Steady_Bearish_Decline
2025-10-22,616,0.0,0.0,0.02,Low,Low,False,False,-0.008311775040908742,-0.12467662561363113,E,RHYME_E: Steady_Bearish_Decline
2025-10-23,617,0.0,0.0,0.02,Low,Low,False,False,-0.003050359300363903,-0.045755389505458544,E,RHYME_E: Steady_Bearish_Decline
2025-10-24,618,0.0,0.0,0.02,Low,Low,False,False,0.0029653675107379485,0.04448051266106923,E,RHYME_E: Steady_Bearish_Decline
2025-10-25,619,0.0,0.0,0.02,Low,Low,False,False,0.00560970818585016,0.0841456227877524,E,RHYME_E: Steady_Bearish_Decline
2025-10-26,620,0.0,0.0,0.02,Low,Low,False,False,0.00924157230348488,0.1386235845522732,E,RHYME_E: Steady_Bearish_Decline
2025-10-27,621,0.0,0.0,0.02,Low,Low,False,False,0.01452338130913855,0.21785071963707825,C,RHYME_C: Steady_Bullish_Growth
2025-10-28,622,0.0,0.0,0.02,Low,Low,False,False,0.016456919834445305,0.24685379751667957,C,RHYME_C: Steady_Bullish_Growth
2025-10-29,623,0.0,0.0,0.02,Low,Low,False,False,0.014573875321330254,0.2186081298199538,C,RHYME_C: Steady_Bullish_Growth
2025-10-30,624,0.0,0.0,0.02,Low,Low,False,False,0.008336515508017728,0.12504773262026592,C,RHYME_C: Steady_Bullish_Growth
2025-10-31,625,0.0,0.0,0.02,Low,Low,False,False,0.002386210869461225,0.035793163041918374,C,RHYME_C: Steady_Bullish_Growth
2025-11-01,626,0.0,0.0,0.02,Low,Low,False,False,-0.003982428693230622,-0.05973643039845933,C,RHYME_C: Steady_Bullish_Growth
2025-11-02,627,0.0,0.0,0.02,Low,Low,False,False,-0.007175582110332646,-0.10763373165498968,C,RHYME_C: Steady_Bullish_Growth
2025-11-03,628,0.0,0.0,0.02,Low,Low,False,False,-0.009319756880060925,-0.13979635320091388,C,RHYME_C: Steady_Bullish_Growth
2025-11-04,629,0.0,0.0,0.02,Low,Low,False,False,-0.010973257164580308,-0.16459885746870462,D,RHYME_D: Range_Bound_Neutral
2025-11-05,630,0.0,0.0,0.02,Low,Low,False,False,-0.013497038834224262,-0.20245558251336393,D,RHYME_D: Range_Bound_Neutral
2025-11-06,631,0.0,0.0,0.02,Low,Low,False,False,-0.01768489791169936,-0.2652734686754904,D,RHYME_D: Range_Bound_Neutral
2025-11-07,632,0.0,0.0,0.02,Low,Low,False,False,-0.018633115341066042,-0.27949673011599063,D,RHYME_D: Range_Bound_Neutral
2025-11-08,633,0.0,0.0,0.02,Low,Low,False,False,-0.01734454649069561,-0.2601681973604342,D,RHYME_D: Range_Bound_Neutral
2025-11-09,634,0.0,0.0,0.02,Low,Low,False,False,-0.012887606578218969,-0.19331409867328453,D,RHYME_D: Range_Bound_Neutral
2025-11-10,635,0.0,0.0,0.02,Low,Low,False,False,-0.008809656346140726,-0.1321448451921109,D,RHYME_D: Range_Bound_Neutral
2025-11-11,636,0.0,0.0,0.02,Low,Low,False,False,-0.002998137813602586,-0.04497206720403879,D,RHYME_D: Range_Bound_Neutral
2025-11-12,637,0.0,0.0,0.02,Low,Low,False,False,-0.0006756035598465271,-0.010134053397697906,D,RHYME_D: Range_Bound_Neutral
2025-11-13,638,0.0,0.0,0.02,Low,Low,False,False,-0.0003120409444697936,-0.004680614167046904,D,RHYME_D: Range_Bound_Neutral
2025-11-14,639,0.0,0.0,0.02,Low,Low,False,False,-0.0008903707488906454,-0.01335556123335968,D,RHYME_D: Range_Bound_Neutral
2025-11-15,640,0.0,0.0,0.02,Low,Low,False,False,-0.0027141930469998243,-0.040712895704997365,D,RHYME_D: Range_Bound_Neutral
2025-11-16,641,0.0,0.0,0.02,Low,Low,False,False,-0.005054717323313085,-0.07582075984969627,D,RHYME_D: Range_Bound_Neutral
2025-11-17,642,0.0,0.0,0.02,Low,Low,False,False,-0.010469791191621947,-0.1570468678743292,E,RHYME_E: Steady_Bearish_Decline
2025-11-18,643,0.0,0.0,0.02,Low,Low,False,False,-0.01250586069134807,-0.18758791037022104,E,RHYME_E: Steady_Bearish_Decline
2025-11-19,644,0.0,0.0,0.02,Low,Low,False,False,-0.014676946108079347,-0.2201541916211902,E,RHYME_E: Steady_Bearish_Decline
2025-11-20,645,0.0,0.0,0.02,Low,Low,False,False,-0.01924407020118879,-0.28866105301783185,E,RHYME_E: Steady_Bearish_Decline
2025-11-21,646,0.0,0.0,0.02,Low,Low,False,False,-0.0204723414157989,-0.3070851212369835,E,RHYME_E: Steady_Bearish_Decline
2025-11-22,647,0.0,0.0,0.02,Low,Low,False,False,-0.018561117710177988,-0.2784167656526698,E,RHYME_E: Steady_Bearish_Decline
2025-11-23,648,0.0,0.0,0.02,Low,Low,False,False,-0.017957422595681782,-0.26936133893522674,E,RHYME_E: Steady_Bearish_Decline
2025-11-24,649,0.0,0.0,0.02,Low,Low,False,False,-0.01524954225205355,-0.22874313378080324,E,RHYME_E: Steady_Bearish_Decline
2025-11-25,650,0.0,0.0,0.02,Low,Low,False,False,-0.006388561105384882,-0.09582841658077323,D,RHYME_D: Range_Bound_Neutral
2025-11-26,651,0.0,0.0,0.02,Low,Low,False,False,-0.00040811339890944875,-0.006121700983641731,D,RHYME_D: Range_Bound_Neutral
2025-11-27,652,0.0,0.0,0.02,Low,Low,False,False,0.006581695676698196,0.09872543515047294,D,RHYME_D: Range_Bound_Neutral
2025-11-28,653,0.0,0.0,0.02,Low,Low,False,False,0.014759353166209133,0.221390297493137,D,RHYME_D: Range_Bound_Neutral
2025-11-29,654,0.0,0.0,0.02,Low,Low,False,False,0.020429936840311358,0.30644905260467037,D,RHYME_D: Range_Bound_Neutral
2025-11-30,655,0.0,0.0,0.02,Low,Low,False,False,0.022901980833121227,0.3435297124968184,D,RHYME_D: Range_Bound_Neutral
2025-12-01,656,0.0,0.0,0.02,Low,Low,False,False,0.021615386782106727,0.3242308017316009,D,RHYME_D: Range_Bound_Neutral
2025-12-02,657,0.0,0.0,0.02,Low,Low,False,False,0.02103755070707347,0.31556326060610207,D,RHYME_D: Range_Bound_Neutral
2025-12-03,658,0.0,0.0,0.02,Low,Low,False,False,0.02011203025414865,0.30168045381222974,C,RHYME_C: Steady_Bullish_Growth
2025-12-04,659,0.0,0.0,0.02,Low,Low,False,False,0.018701170336817174,0.2805175550522576,C,RHYME_C: Steady_Bullish_Growth
2025-12-05,660,0.0,0.0,0.02,Low,Low,False,False,0.017391222305034537,0.26086833457551806,C,RHYME_C: Steady_Bullish_Growth
2025-12-06,661,0.0,0.0,0.02,Low,Low,False,False,0.01871016284987692,0.2806524427481538,C,RHYME_C: Steady_Bullish_Growth
2025-12-07,662,0.0,0.0,0.02,Low,Low,False,False,0.018286766932071208,0.2743015039810681,C,RHYME_C: Steady_Bullish_Growth
2025-12-08,663,0.0,0.0,0.02,Low,Low,False,False,0.014352037933464956,0.21528056900197434,C,RHYME_C: Steady_Bullish_Growth
2025-12-09,664,0.0,0.0,0.02,Low,Low,False,False,0.011204171274960428,0.16806256912440642,C,RHYME_C: Steady_Bullish_Growth
2025-12-10,665,0.0,0.0,0.02,Low,Low,False,False,0.009329836004189573,0.1399475400628436,C,RHYME_C: Steady_Bullish_Growth
2025-12-11,666,0.0,0.0,0.02,Low,Low,False,False,0.009519811887906515,0.14279717831859773,C,RHYME_C: Steady_Bullish_Growth
2025-12-12,667,0.0,0.0,0.02,Low,Low,False,False,0.008613148740454601,0.12919723110681902,C,RHYME_C: Steady_Bullish_Growth
2025-12-13,668,0.0,0.0,0.02,Low,Low,False,False,0.008990643226708617,0.13485964840062925,C,RHYME_C: Steady_Bullish_Growth
2025-12-14,669,0.0,0.0,0.02,Low,Low,False,False,0.009141009336652184,0.13711514004978276,C,RHYME_C: Steady_Bullish_Growth
2025-12-15,670,0.0,0.0,0.02,Low,Low,False,False,0.007367185059862225,0.11050777589793337,D,RHYME_D: Range_Bound_Neutral
2025-12-16,671,0.0,0.0,0.02,Low,Low,False,False,0.0030696462190968887,0.04604469328645333,D,RHYME_D: Range_Bound_Neutral
2025-12-17,672,0.0,0.0,0.02,Low,Low,False,False,-0.0005768340498892854,-0.008652510748339282,D,RHYME_D: Range_Bound_Neutral
2025-12-18,673,0.0,0.0,0.02,Low,Low,False,False,-0.0038631347093632806,-0.05794702064044921,D,RHYME_D: Range_Bound_Neutral
2025-12-19,674,0.0,0.0,0.02,Low,Low,False,False,-0.005097175079887273,-0.07645762619830909,D,RHYME_D: Range_Bound_Neutral
2025-12-20,675,0.0,0.0,0.02,Low,Low,False,False,-0.005890331806761018,-0.08835497710141527,D,RHYME_D: Range_Bound_Neutral
2025-12-21,676,0.0,0.0,0.02,Low,Low,False,False,-0.005766143321691342,-0.08649214982537012,D,RHYME_D: Range_Bound_Neutral
2025-12-22,677,0.0,0.0,0.02,Low,Low,False,False,-0.002690523862444838,-0.04035785793667257,D,RHYME_D: Range_Bound_Neutral
2025-12-23,678,0.0,0.0,0.02,Low,Low,False,False,0.0005400655657794573,0.00810098348669186,D,RHYME_D: Range_Bound_Neutral
2025-12-24,679,0.0,0.0,0.02,Low,Low,False,False,0.001968818931070704,0.029532283966060557,D,RHYME_D: Range_Bound_Neutral
2025-12-25,680,0.0,0.0,0.02,Low,Low,False,False,0.003270068798234549,0.04905103197351823,D,RHYME_D: Range_Bound_Neutral
2025-12-26,681,0.0,0.0,0.02,Low,Low,False,False,0.005216279387938227,0.07824419081907341,D,RHYME_D: Range_Bound_Neutral
2025-12-27,682,0.0,0.0,0.02,Low,Low,False,False,0.005454446475416264,0.08181669713124395,D,RHYME_D: Range_Bound_Neutral
2025-12-28,683,0.0,0.0,0.02,Low,Low,False,False,0.005843295978354979,0.08764943967532468,D,RHYME_D: Range_Bound_Neutral
2025-12-29,684,0.0,0.0,0.02,Low,Low,False,False,0.004731174362236246,0.07096761543354368,D,RHYME_D: Range_Bound_Neutral
2025-12-30,685,0.0,0.0,0.02,Low,Low,False,False,0.004160418128448473,0.0624062719267271,D,RHYME_D: Range_Bound_Neutral
2025-12-31,686,0.0,0.0,0.02,Low,Low,False,False,0.001653541254989177,0.024803118824837656,D,RHYME_D: Range_Bound_Neutral
2026-01-01,687,0.0,0.0,0.02,Low,Low,False,False,-0.0011483295831438145,-0.017224943747157218,D,RHYME_D: Range_Bound_Neutral
2026-01-02,688,0.0,0.0,0.02,Low,Low,False,False,-0.001703055517187524,-0.02554583275781286,D,RHYME_D: Range_Bound_Neutral
2026-01-03,689,0.0,0.0,0.02,Low,Low,False,False,-0.0008485081676326001,-0.012727622514489001,D,RHYME_D: Range_Bound_Neutral
2026-01-04,690,0.0,0.0,0.02,Low,Low,False,False,0.0004845615437039097,0.007268423155558645,D,RHYME_D: Range_Bound_Neutral
2026-01-05,691,0.0,0.0,0.02,Low,Low,False,False,0.006783572494219348,0.10175358741329021,D,RHYME_D: Range_Bound_Neutral
2026-01-06,692,0.0,0.0,0.02,Low,Low,False,False,0.014205753386335784,0.21308630079503676,C,RHYME_C: Steady_Bullish_Growth
2026-01-07,693,0.0,0.0,0.02,Low,Low,False,False,0.016897410856603345,0.2534611628490502,C,RHYME_C: Steady_Bullish_Growth
2026-01-08,694,0.0,0.0,0.02,Low,Low,False,False,0.021556595961954583,0.32334893942931875,C,RHYME_C: Steady_Bullish_Growth
2026-01-09,695,0.0,0.0,0.02,Low,Low,False,False,0.026735843366934242,0.40103765050401363,C,RHYME_C: Steady_Bullish_Growth
2026-01-10,696,0.0,0.0,0.02,Low,Low,False,False,0.027903895703838,0.41855843555757,C,RHYME_C: Steady_Bullish_Growth
2026-01-11,697,0.0,0.0,0.02,Low,Low,False,False,0.026559463893099933,0.398391958396499,C,RHYME_C: Steady_Bullish_Growth
2026-01-12,698,0.0,0.0,0.02,Low,Low,False,False,0.02754703900659461,0.41320558509891914,C,RHYME_C: Steady_Bullish_Growth
2026-01-13,699,0.0,0.0,0.02,Low,Low,False,False,0.027377352121486398,0.41066028182229597,C,RHYME_C: Steady_Bullish_Growth
2026-01-14,700,0.0,0.0,0.02,Low,Low,False,False,0.026424578455885417,0.39636867683828125,C,RHYME_C: Steady_Bullish_Growth
2026-01-15,701,0.0,0.0,0.02,Low,Low,False,False,0.025801668638445907,0.3870250295766886,C,RHYME_C: Steady_Bullish_Growth
2026-01-16,702,0.0,0.0,0.02,Low,Low,False,False,0.024975603582230388,0.3746340537334558,C,RHYME_C: Steady_Bullish_Growth
2026-01-17,703,0.0,0.0,0.02,Low,Low,False,False,0.02413158683839889,0.36197380257598333,C,RHYME_C: Steady_Bullish_Growth
2026-01-18,704,0.0,0.0,0.02,Low,Low,False,False,0.02136581933718973,0.32048729005784593,C,RHYME_C: Steady_Bullish_Growth
2026-01-19,705,0.0,0.0,0.02,Low,Low,False,False,0.01763057378079025,0.2644586067118537,C,RHYME_C: Steady_Bullish_Growth
2026-01-20,706,0.0,0.0,0.02,Low,Low,False,False,0.010171276505255955,0.15256914757883933,C,RHYME_C: Steady_Bullish_Growth
2026-01-21,707,0.0,0.0,0.02,Low,Low,False,False,0.006436248177227988,0.09654372265841982,D,RHYME_D: Range_Bound_Neutral
2026-01-22,708,0.0,0.0,0.02,Low,Low,False,False,0.004080387575420286,0.061205813631304284,D,RHYME_D: Range_Bound_Neutral
2026-01-23,709,0.0,0.0,0.02,Low,Low,False,False,0.0019099827906134959,0.028649741859202438,D,RHYME_D: Range_Bound_Neutral
2026-01-24,710,0.0,0.0,0.02,Low,Low,False,False,7.9197053898028e-05,0.00118795580847042,D,RHYME_D: Range_Bound_Neutral
2026-01-25,711,0.0,0.0,0.02,Low,Low,False,False,0.0025372797864902097,0.038059196797353145,D,RHYME_D: Range_Bound_Neutral
2026-01-26,712,0.0,0.0,0.02,Low,Low,False,False,0.0024729171155850604,0.03709375673377591,D,RHYME_D: Range_Bound_Neutral
2026-01-27,713,0.0,0.0,0.02,Low,Low,False,False,0.0007533420725758244,0.011300131088637366,D,RHYME_D: Range_Bound_Neutral
2026-01-28,714,0.0,0.0,0.02,Low,Low,False,False,-0.00042649045668774477,-0.0063973568503161715,D,RHYME_D: Range_Bound_Neutral
2026-01-29,715,0.0,0.0,0.02,Low,Low,False,False,-0.002093451666757007,-0.0314017750013551,D,RHYME_D: Range_Bound_Neutral
2026-01-30,716,0.0,0.0,0.02,Low,Low,False,False,-0.005053116978345762,-0.07579675467518643,D,RHYME_D: Range_Bound_Neutral
2026-01-31,717,0.0,0.0,0.02,Low,Low,False,False,-0.009680398819944647,-0.1452059822991697,E,RHYME_E: Steady_Bearish_Decline
2026-02-01,718,0.0,0.0,0.02,Low,Low,False,False,-0.014279096169113048,-0.21418644253669572,E,RHYME_E: Steady_Bearish_Decline
2026-02-02,719,0.0,0.0,0.02,Low,Low,False,False,-0.016857381408396432,-0.2528607211259465,E,RHYME_E: Steady_Bearish_Decline
2026-02-03,720,0.0,0.0,0.02,Low,Low,False,False,-0.018345820299098814,-0.2751873044864822,E,RHYME_E: Steady_Bearish_Decline
2026-02-04,721,0.0,0.0,0.02,Low,Low,False,False,-0.016446209905204845,-0.24669314857807267,E,RHYME_E: Steady_Bearish_Decline
2026-02-05,722,0.0,0.0,0.02,Low,Low,False,False,-0.017450050655430593,-0.2617507598314589,E,RHYME_E: Steady_Bearish_Decline
2026-02-06,723,0.0,0.0,0.02,Low,Low,False,False,-0.013572730758546037,-0.20359096137819055,E,RHYME_E: Steady_Bearish_Decline
2026-02-07,724,0.0,0.0,0.02,Low,Low,False,False,-0.011116143220864183,-0.16674214831296275,E,RHYME_E: Steady_Bearish_Decline
2026-02-08,725,0.0,0.0,0.02,Low,Low,False,False,-0.008666988855201452,-0.13000483282802178,E,RHYME_E: Steady_Bearish_Decline
2026-02-09,726,0.0,0.0,0.02,Low,Low,False,False,-0.0082317055617811,-0.1234755834267165,E,RHYME_E: Steady_Bearish_Decline
2026-02-10,727,0.0,0.0,0.02,Low,Low,False,False,-0.001624390718751978,-0.02436586078127967,D,RHYME_D: Range_Bound_Neutral
2026-02-11,728,0.0,0.0,0.02,Low,Low,False,False,-0.0010341205247420548,-0.015511807871130823,D,RHYME_D: Range_Bound_Neutral
2026-02-12,729,0.0,0.0,0.02,Low,Low,False,False,-0.00316377795169831,-0.04745666927547465,D,RHYME_D: Range_Bound_Neutral
2026-02-13,730,0.0,0.0,0.02,Low,Low,False,False,-0.002943593597457772,-0.04415390396186658,D,RHYME_D: Range_Bound_Neutral
2026-02-14,731,0.0,0.0,0.02,Low,Low,False,False,-0.0025895240777518147,-0.03884286116627722,D,RHYME_D: Range_Bound_Neutral
2026-02-15,732,0.0,0.0,0.02,Low,Low,False,False,-0.002280223103900192,-0.03420334655850288,D,RHYME_D: Range_Bound_Neutral
2026-02-16,733,0.0,0.0,0.02,Low,Low,False,False,-0.001735911934807266,-0.02603867902210899,D,RHYME_D: Range_Bound_Neutral
2026-02-17,734,0.0,0.0,0.02,Low,Low,False,False,0.0014453473992002142,0.021680210988003212,D,RHYME_D: Range_Bound_Neutral
2026-02-18,735,0.0,0.0,0.02,Low,Low,False,False,0.0022649390756677157,0.033974086135015735,D,RHYME_D: Range_Bound_Neutral
2026-02-19,736,0.0,0.0,0.02,Low,Low,False,False,0.0014454107834795948,0.021681161752193923,D,RHYME_D: Range_Bound_Neutral
2026-02-20,737,0.0,0.0,0.02,Low,Low,False,False,0.0012814687420901194,0.01922203113135179,D,RHYME_D: Range_Bound_Neutral
2026-02-21,738,0.0,0.0,0.02,Low,Low,False,False,0.0010050335504758756,0.015075503257138134,D,RHYME_D: Range_Bound_Neutral
2026-02-22,739,0.0,0.0,0.02,Low,Low,False,False,0.001910436891879419,0.028656553378191285,D,RHYME_D: Range_Bound_Neutral
2026-02-23,740,0.0,0.0,0.02,Low,Low,False,False,-0.0016443028812909155,-0.024664543219363733,D,RHYME_D: Range_Bound_Neutral
2026-02-24,741,0.0,0.0,0.02,Low,Low,False,False,-0.0036349058433338133,-0.0545235876500072,D,RHYME_D: Range_Bound_Neutral
2026-02-25,742,0.0,0.0,0.02,Low,Low,False,False,-0.005830497180415617,-0.08745745770623425,D,RHYME_D: Range_Bound_Neutral
2026-02-26,743,0.0,0.0,0.02,Low,Low,False,False,-0.005174086397731981,-0.07761129596597971,D,RHYME_D: Range_Bound_Neutral
2026-02-27,744,0.0,0.0,0.02,Low,Low,False,False,-0.004840491047442441,-0.07260736571163662,D,RHYME_D: Range_Bound_Neutral
2026-02-28,745,0.0,0.0,0.02,Low,Low,False,False,-0.0001324966174375275,-0.0019874492615629125,D,RHYME_D: Range_Bound_Neutral
2026-03-01,746,0.0,0.0,0.02,Low,Low,False,False,0.0030346471160294097,0.045519706740441146,D,RHYME_D: Range_Bound_Neutral
2026-03-02,747,0.0,0.0,0.02,Low,Low,False,False,0.004722511868438195,0.07083767802657293,D,RHYME_D: Range_Bound_Neutral
2026-03-03,748,0.0,0.0,0.02,Low,Low,False,False,0.0022069677692875267,0.0331045165393129,D,RHYME_D: Range_Bound_Neutral
2026-03-04,749,0.0,0.0,0.02,Low,Low,False,False,0.0015367018654901532,0.023050527982352298,D,RHYME_D: Range_Bound_Neutral
2026-03-05,750,0.0,0.0,0.02,Low,Low,False,False,-0.00019800539648640036,-0.0029700809472960055,D,RHYME_D: Range_Bound_Neutral
2026-03-06,751,0.0,0.0,0.02,Low,Low,False,False,-0.003607599678453366,-0.05411399517680049,D,RHYME_D: Range_Bound_Neutral
2026-03-07,752,0.0,0.0,0.02,Low,Low,False,False,-0.008546619152553947,-0.1281992872883092,D,RHYME_D: Range_Bound_Neutral
2026-03-08,753,0.0,0.0,0.02,Low,Low,False,False,-0.01053794667716057,-0.15806920015740855,E,RHYME_E: Steady_Bearish_Decline
2026-03-09,754,0.0,0.0,0.02,Low,Low,False,False,-0.01479518885035136,-0.2219278327552704,E,RHYME_E: Steady_Bearish_Decline
2026-03-10,755,0.0,0.0,0.02,Low,Low,False,False,-0.017572069909134513,-0.2635810486370177,E,RHYME_E: Steady_Bearish_Decline
2026-03-11,756,0.0,0.0,0.02,Low,Low,False,False,-0.017511512335090962,-0.2626726850263644,E,RHYME_E: Steady_Bearish_Decline
2026-03-12,757,0.0,0.0,0.02,Low,Low,False,False,-0.019452161678264357,-0.29178242517396535,E,RHYME_E: Steady_Bearish_Decline
2026-03-13,758,0.0,0.0,0.02,Low,Low,False,False,-0.021633561044137495,-0.3245034156620624,E,RHYME_E: Steady_Bearish_Decline
2026-03-14,759,0.0,0.0,0.02,Low,Low,False,False,-0.024377861248053634,-0.3656679187208045,E,RHYME_E: Steady_Bearish_Decline
2026-03-15,760,0.0,0.0,0.02,Low,Low,False,False,-0.02679588782143516,-0.4019383173215274,E,RHYME_E: Steady_Bearish_Decline
2026-03-16,761,0.0,0.0,0.02,Low,Low,False,False,-0.026905156824164278,-0.40357735236246417,E,RHYME_E: Steady_Bearish_Decline
2026-03-17,762,0.0,0.0,0.02,Low,Low,False,False,-0.02253198168445958,-0.3379797252668937,E,RHYME_E: Steady_Bearish_Decline
2026-03-18,763,0.0,0.0,0.02,Low,Low,False,False,-0.019935631126635545,-0.29903446689953317,E,RHYME_E: Steady_Bearish_Decline
2026-03-19,764,0.0,0.0,0.02,Low,Low,False,False,-0.018123355844866462,-0.27185033767299693,E,RHYME_E: Steady_Bearish_Decline
2026-03-20,765,0.0,0.0,0.02,Low,Low,False,False,-0.019213707265269053,-0.2882056089790358,E,RHYME_E: Steady_Bearish_Decline
2026-03-21,766,0.0,0.0,0.02,Low,Low,False,False,-0.02310813439559356,-0.3466220159339034,E,RHYME_E: Steady_Bearish_Decline
2026-03-22,767,0.0,0.0,0.02,Low,Low,False,False,-0.027916427291767687,-0.4187464093765153,E,RHYME_E: Steady_Bearish_Decline
2026-03-23,768,0.0,0.0,0.02,Low,Low,False,False,-0.02706475569591482,-0.4059713354387223,E,RHYME_E: Steady_Bearish_Decline
2026-03-24,769,0.0,0.0,0.02,Low,Low,False,False,-0.024977467182921487,-0.3746620077438223,E,RHYME_E: Steady_Bearish_Decline
2026-03-25,770,0.0,0.0,0.02,Low,Low,False,False,-0.018378874749617413,-0.2756831212442612,E,RHYME_E: Steady_Bearish_Decline
2026-03-26,771,0.0,0.0,0.02,Low,Low,False,False,-0.013744892726970881,-0.20617339090456321,E,RHYME_E: Steady_Bearish_Decline
2026-03-27,772,0.0,0.0,0.02,Low,Low,False,False,-0.012115434806277636,-0.18173152209416454,E,RHYME_E: Steady_Bearish_Decline
2026-03-28,773,0.0,0.0,0.02,Low,Low,False,False,-0.014014401110029606,-0.2102160166504441,E,RHYME_E: Steady_Bearish_Decline
2026-03-29,774,0.0,0.0,0.02,Low,Low,False,False,-0.015807374619563386,-0.2371106192934508,E,RHYME_E: Steady_Bearish_Decline
2026-03-30,775,0.0,0.0,0.02,Low,Low,False,False,-0.019789149002842565,-0.2968372350426385,E,RHYME_E: Steady_Bearish_Decline
2026-03-31,776,0.0,0.0,0.02,Low,Low,False,False,-0.017379207933151064,-0.26068811899726596,E,RHYME_E: Steady_Bearish_Decline
2026-04-01,777,0.0,0.0,0.02,Low,Low,False,False,-0.01090236797538291,-0.16353551963074364,E,RHYME_E: Steady_Bearish_Decline
2026-04-02,778,0.0,0.0,0.02,Low,Low,False,False,-0.004013640178464062,-0.06020460267696093,D,RHYME_D: Range_Bound_Neutral
2026-04-03,779,0.0,0.0,0.02,Low,Low,False,False,0.0032530102921890514,0.04879515438283577,D,RHYME_D: Range_Bound_Neutral
2026-04-04,780,0.0,0.0,0.02,Low,Low,False,False,0.010717716503979124,0.16076574755968687,D,RHYME_D: Range_Bound_Neutral
2026-04-05,781,0.0,0.0,0.02,Low,Low,False,False,0.012809134273532585,0.19213701410298878,D,RHYME_D: Range_Bound_Neutral
2026-04-06,782,0.0,0.0,0.02,Low,Low,False,False,0.015374613359851796,0.23061920039777695,D,RHYME_D: Range_Bound_Neutral
2026-04-07,783,0.0,0.0,0.02,Low,Low,False,False,0.016774870020521693,0.2516230503078254,D,RHYME_D: Range_Bound_Neutral
2026-04-08,784,0.0,0.0,0.02,Low,Low,False,False,0.021489448118202192,0.3223417217730329,D,RHYME_D: Range_Bound_Neutral
2026-04-09,785,0.0,0.0,0.02,Low,Low,False,False,0.024936017095713137,0.37404025643569705,D,RHYME_D: Range_Bound_Neutral
2026-04-10,786,0.0,0.0,0.02,Low,Low,False,False,0.026797238563599057,0.40195857845398586,C,RHYME_C: Steady_Bullish_Growth
2026-04-11,787,0.0,0.0,0.02,Low,Low,False,False,0.02734116688772703,0.41011750331590546,C,RHYME_C: Steady_Bullish_Growth
2026-04-12,788,0.0,0.0,0.02,Low,Low,False,False,0.02777060217829508,0.4165590326744262,C,RHYME_C: Steady_Bullish_Growth
2026-04-13,789,0.0,0.0,0.02,Low,Low,False,False,0.026024817469239236,0.39037226203858855,C,RHYME_C: Steady_Bullish_Growth
2026-04-14,790,0.0,0.0,0.02,Low,Low,False,False,0.02548356338625335,0.38225345079380024,C,RHYME_C: Steady_Bullish_Growth
2026-04-15,791,0.0,0.0,0.02,Low,Low,False,False,0.027341558476950745,0.41012337715426117,C,RHYME_C: Steady_Bullish_Growth
2026-04-16,792,0.0,0.0,0.02,Low,Low,False,False,0.029652791455834437,0.44479187183751656,C,RHYME_C: Steady_Bullish_Growth
2026-04-17,793,0.0,0.0,0.02,Low,Low,False,False,0.034637923060052866,0.519568845900793,C,RHYME_C: Steady_Bullish_Growth
2026-04-18,794,0.0,0.0,0.02,Low,Low,False,False,0.03529769933756177,0.5294654900634266,C,RHYME_C: Steady_Bullish_Growth
2026-04-19,795,0.0,0.0,0.02,Low,Low,False,False,0.03501709999707714,0.5252564999561571,C,RHYME_C: Steady_Bullish_Growth
2026-04-20,796,0.0,0.0,0.02,Low,Low,False,False,0.035767313163517,0.536509697452755,C,RHYME_C: Steady_Bullish_Growth
2026-04-21,797,0.0,0.0,0.02,Low,Low,False,False,0.03340226954688941,0.5010340432033411,C,RHYME_C: Steady_Bullish_Growth
2026-04-22,798,0.0,0.0,0.02,Low,Low,False,False,0.029106541338007164,0.43659812007010745,C,RHYME_C: Steady_Bullish_Growth
2026-04-23,799,0.0,0.0,0.02,Low,Low,False,False,0.024904282567616898,0.37356423851425347,C,RHYME_C: Steady_Bullish_Growth
2026-04-24,800,0.0,0.0,0.02,Low,Low,False,False,0.021716214325545158,0.32574321488317737,C,RHYME_C: Steady_Bullish_Growth
2026-04-25,801,0.0,0.0,0.02,Low,Low,False,False,0.017373280520555756,0.26059920780833634,C,RHYME_C: Steady_Bullish_Growth
2026-04-26,802,0.0,0.0,0.02,Low,Low,False,False,0.015124245506184186,0.2268636825927628,C,RHYME_C: Steady_Bullish_Growth
2026-04-27,803,0.0,0.0,0.02,Low,Low,False,False,0.012064094238875667,0.180961413583135,C,RHYME_C: Steady_Bullish_Growth
2026-04-28,804,0.0,0.0,0.02,Low,Low,False,False,0.010533936584942616,0.15800904877413924,C,RHYME_C: Steady_Bullish_Growth
2026-04-29,805,0.0,0.0,0.02,Low,Low,False,False,0.008381612577277098,0.12572418865915647,C,RHYME_C: Steady_Bullish_Growth
2026-04-30,806,0.0,0.0,0.02,Low,Low,False,False,0.00803286793065583,0.12049301895983744,C,RHYME_C: Steady_Bullish_Growth
2026-05-01,807,0.0,0.0,0.02,Low,Low,False,False,0.007665402689553513,0.1149810403433027,D,RHYME_D: Range_Bound_Neutral
2026-05-02,808,0.0,0.0,0.02,Low,Low,False,False,0.007572213357785351,0.11358320036678027,D,RHYME_D: Range_Bound_Neutral
2026-05-03,809,0.0,0.0,0.02,Low,Low,False,False,0.00881388123644955,0.13220821854674325,D,RHYME_D: Range_Bound_Neutral
2026-05-04,810,0.0,0.0,0.02,Low,Low,False,False,0.009104088434923607,0.1365613265238541,D,RHYME_D: Range_Bound_Neutral
2026-05-05,811,0.0,0.0,0.02,Low,Low,False,False,0.008358487788756142,0.12537731683134212,D,RHYME_D: Range_Bound_Neutral
2026-05-06,812,0.0,0.0,0.02,Low,Low,False,False,0.010820768698694527,0.1623115304804179,D,RHYME_D: Range_Bound_Neutral
2026-05-07,813,0.0,0.0,0.02,Low,Low,False,False,0.013247697826882732,0.19871546740324098,D,RHYME_D: Range_Bound_Neutral
2026-05-08,814,0.0,0.0,0.02,Low,Low,False,False,0.016746758789193628,0.2512013818379044,D,RHYME_D: Range_Bound_Neutral
2026-05-09,815,0.0,0.0,0.02,Low,Low,False,False,0.021247767531800132,0.318716512977002,C,RHYME_C: Steady_Bullish_Growth
2026-05-10,816,0.0,0.0,0.02,Low,Low,False,False,0.024235116801557544,0.36352675202336315,C,RHYME_C: Steady_Bullish_Growth
2026-05-11,817,0.0,0.0,0.02,Low,Low,False,False,0.02304184989021474,0.3456277483532211,C,RHYME_C: Steady_Bullish_Growth
2026-05-12,818,0.0,0.0,0.02,Low,Low,False,False,0.02268620196718585,0.3402930295077877,C,RHYME_C: Steady_Bullish_Growth
2026-05-13,819,0.0,0.0,0.02,Low,Low,False,False,0.019973420847082313,0.2996013127062347,C,RHYME_C: Steady_Bullish_Growth
2026-05-14,820,0.0,0.0,0.02,Low,Low,False,False,0.01862630023008527,0.27939450345127903,C,RHYME_C: Steady_Bullish_Growth
2026-05-15,821,0.0,0.0,0.02,Low,Low,False,False,0.014614206178305444,0.21921309267458167,C,RHYME_C: Steady_Bullish_Growth
2026-05-16,822,0.0,0.0,0.02,Low,Low,False,False,0.010315811584235002,0.15473717376352503,C,RHYME_C: Steady_Bullish_Growth
2026-05-17,823,0.0,0.0,0.02,Low,Low,False,False,0.005740746386659223,0.08611119579988835,D,RHYME_D: Range_Bound_Neutral
2026-05-18,824,0.0,0.0,0.02,Low,Low,False,False,0.003607459141345082,0.05411188712017623,D,RHYME_D: Range_Bound_Neutral
2026-05-19,825,0.0,0.0,0.02,Low,Low,False,False,-0.00046983023346525155,-0.007047453501978773,D,RHYME_D: Range_Bound_Neutral
2026-05-20,826,0.0,0.0,0.02,Low,Low,False,False,0.001454328039780295,0.021814920596704424,D,RHYME_D: Range_Bound_Neutral
2026-05-21,827,0.0,0.0,0.02,Low,Low,False,False,0.0045911992745766295,0.06886798911864944,D,RHYME_D: Range_Bound_Neutral
2026-05-22,828,0.0,0.0,0.02,Low,Low,False,False,0.009515898944035595,0.14273848416053392,D,RHYME_D: Range_Bound_Neutral
2026-05-23,829,0.0,0.0,0.02,Low,Low,False,False,0.01258385821995911,0.18875787329938665,D,RHYME_D: Range_Bound_Neutral
2026-05-24,830,0.0,0.0,0.02,Low,Low,False,False,0.016145716307511382,0.24218574461267073,D,RHYME_D: Range_Bound_Neutral
2026-05-25,831,0.0,0.0,0.02,Low,Low,False,False,0.01758829604933787,0.26382444074006806,C,RHYME_C: Steady_Bullish_Growth
2026-05-26,832,0.0,0.0,0.02,Low,Low,False,False,0.01932023378460701,0.28980350676910516,C,RHYME_C: Steady_Bullish_Growth
2026-05-27,833,0.0,0.0,0.02,Low,Low,False,False,0.0186967480740603,0.2804512211109045,C,RHYME_C: Steady_Bullish_Growth
2026-05-28,834,0.0,0.0,0.02,Low,Low,False,False,0.019628557297084903,0.29442835945627355,C,RHYME_C: Steady_Bullish_Growth
2026-05-29,835,0.0,0.0,0.02,Low,Low,False,False,0.02218722353697644,0.3328083530546466,C,RHYME_C: Steady_Bullish_Growth
2026-05-30,836,0.0,0.0,0.02,Low,Low,False,False,0.02447188884372764,0.3670783326559146,C,RHYME_C: Steady_Bullish_Growth
2026-05-31,837,0.0,0.0,0.02,Low,Low,False,False,0.02594779482715004,0.3892169224072506,C,RHYME_C: Steady_Bullish_Growth
2026-06-01,838,0.0,0.0,0.02,Low,Low,False,False,0.028495815504371524,0.42743723256557287,C,RHYME_C: Steady_Bullish_Growth
2026-06-02,839,0.0,0.0,0.02,Low,Low,False,False,0.028703525416737596,0.43055288125106395,C,RHYME_C: Steady_Bullish_Growth
2026-06-03,840,0.0,0.0,0.02,Low,Low,False,False,0.026065034906772366,0.3909755236015855,C,RHYME_C: Steady_Bullish_Growth
2026-06-04,841,0.0,0.0,0.02,Low,Low,False,False,0.02407915823760054,0.3611873735640081,C,RHYME_C: Steady_Bullish_Growth
2026-06-05,842,0.0,0.0,0.02,Low,Low,False,False,0.018364088168580706,0.2754613225287106,C,RHYME_C: Steady_Bullish_Growth
2026-06-06,843,0.0,0.0,0.02,Low,Low,False,False,0.011548820701159146,0.1732323105173872,C,RHYME_C: Steady_Bullish_Growth
2026-06-07,844,0.0,0.0,0.02,Low,Low,False,False,0.005445909396354587,0.0816886409453188,D,RHYME_D: Range_Bound_Neutral
2026-06-08,845,0.0,0.0,0.02,Low,Low,False,False,0.000643672287135022,0.00965508430702533,D,RHYME_D: Range_Bound_Neutral
2026-06-09,846,0.0,0.0,0.02,Low,Low,False,False,-0.004094498131314905,-0.06141747196972358,D,RHYME_D: Range_Bound_Neutral
2026-06-10,847,0.0,0.0,0.02,Low,Low,False,False,-0.005846637365161111,-0.08769956047741667,D,RHYME_D: Range_Bound_Neutral
2026-06-11,848,0.0,0.0,0.02,Low,Low,False,False,-0.0033196628554723606,-0.04979494283208541,D,RHYME_D: Range_Bound_Neutral
2026-06-12,849,0.0,0.0,0.02,Low,Low,False,False,0.00011378589013966156,0.0017067883520949234,D,RHYME_D: Range_Bound_Neutral
2026-06-13,850,0.0,0.0,0.02,Low,Low,False,False,0.004203290287561057,0.06304935431341585,D,RHYME_D: Range_Bound_Neutral
2026-06-14,851,0.0,0.0,0.02,Low,Low,False,False,0.007008588750390343,0.10512883125585515,D,RHYME_D: Range_Bound_Neutral
2026-06-15,852,0.0,0.0,0.02,Low,Low,False,False,0.013734045894211233,0.2060106884131685,C,RHYME_C: Steady_Bullish_Growth
2026-06-16,853,0.0,0.0,0.02,Low,Low,False,False,0.015085649762074382,0.22628474643111574,C,RHYME_C: Steady_Bullish_Growth
2026-06-17,854,0.0,0.0,0.02,Low,Low,False,False,0.012800207409256359,0.19200311113884538,C,RHYME_C: Steady_Bullish_Growth
2026-06-18,855,0.0,0.0,0.02,Low,Low,False,False,0.010926915563470363,0.16390373345205544,C,RHYME_C: Steady_Bullish_Growth
2026-06-19,856,0.0,0.0,0.02,Low,Low,False,False,0.008777463476811853,0.1316619521521778,C,RHYME_C: Steady_Bullish_Growth
2026-06-20,857,0.0,0.0,0.02,Low,Low,False,False,0.0050256687209919715,0.07538503081487957,C,RHYME_C: Steady_Bullish_Growth
2026-06-21,858,0.0,0.0,0.02,Low,Low,False,False,0.0017930856703101128,0.026896285054651692,C,RHYME_C: Steady_Bullish_Growth
2026-06-22,859,0.0,0.0,0.02,Low,Low,False,False,0.0024226097449202566,0.03633914617380385,C,RHYME_C: Steady_Bullish_Growth
2026-06-23,860,0.0,0.0,0.02,Low,Low,False,False,0.0012720077918197958,0.019080116877296938,D,RHYME_D: Range_Bound_Neutral
2026-06-24,861,0.0,0.0,0.02,Low,Low,False,False,0.0014293172532762188,0.021439758799143283,D,RHYME_D: Range_Bound_Neutral
2026-06-25,862,0.0,0.0,0.02,Low,Low,False,False,0.0015165618430306171,0.022748427645459257,D,RHYME_D: Range_Bound_Neutral
2026-06-26,863,0.0,0.0,0.02,Low,Low,False,False,0.004141532460719688,0.06212298691079532,D,RHYME_D: Range_Bound_Neutral
2026-06-27,864,0.0,0.0,0.02,Low,Low,False,False,0.006765881579355648,0.10148822369033472,D,RHYME_D: Range_Bound_Neutral
2026-06-28,865,0.0,0.0,0.02,Low,Low,False,False,0.009825698943205952,0.14738548414808927,D,RHYME_D: Range_Bound_Neutral
2026-06-29,866,0.0,0.0,0.02,Low,Low,False,False,0.013297426013811897,0.19946139020717846,D,RHYME_D: Range_Bound_Neutral
2026-06-30,867,0.0,0.0,0.02,Low,Low,False,False,0.014193300198984016,0.21289950298476024,D,RHYME_D: Range_Bound_Neutral
2026-07-01,868,0.0,0.0,0.02,Low,Low,False,False,0.01486798255261812,0.2230197382892718,C,RHYME_C: Steady_Bullish_Growth
2026-07-02,869,0.0,0.0,0.02,Low,Low,False,False,0.018419755693380724,0.27629633540071086,C,RHYME_C: Steady_Bullish_Growth
2026-07-03,870,0.0,0.0,0.02,Low,Low,False,False,0.022623830813522705,0.3393574622028406,C,RHYME_C: Steady_Bullish_Growth
2026-07-04,871,0.0,0.0,0.02,Low,Low,False,False,0.02570100538609732,0.3855150807914598,C,RHYME_C: Steady_Bullish_Growth
2026-07-05,872,0.0,0.0,0.02,Low,Low,False,False,0.029574315423922748,0.4436147313588412,C,RHYME_C: Steady_Bullish_Growth
2026-07-06,873,0.0,0.0,0.02,Low,Low,False,False,0.031755877097907614,0.4763381564686142,C,RHYME_C: Steady_Bullish_Growth
2026-07-07,874,0.0,0.0,0.02,Low,Low,False,False,0.029844167295322688,0.4476625094298403,C,RHYME_C: Steady_Bullish_Growth
2026-07-08,875,0.0,0.0,0.02,Low,Low,False,False,0.025377073596169586,0.3806561039425438,C,RHYME_C: Steady_Bullish_Growth
2026-07-09,876,0.0,0.0,0.02,Low,Low,False,False,0.022457953780842033,0.3368693067126305,C,RHYME_C: Steady_Bullish_Growth
2026-07-10,877,0.0,0.0,0.02,Low,Low,False,False,0.02023866642940164,0.3035799964410246,C,RHYME_C: Steady_Bullish_Growth
2026-07-11,878,0.0,0.0,0.02,Low,Low,False,False,0.01720505863048971,0.25807587945734567,C,RHYME_C: Steady_Bullish_Growth
2026-07-12,879,0.0,0.0,0.02,Low,Low,False,False,0.014293814393681048,0.21440721590521572,C,RHYME_C: Steady_Bullish_Growth
2026-07-13,880,0.0,0.0,0.02,Low,Low,False,False,0.01404216568914185,0.21063248533712775,C,RHYME_C: Steady_Bullish_Growth
2026-07-14,881,0.0,0.0,0.02,Low,Low,False,False,0.012577919875494059,0.1886687981324109,C,RHYME_C: Steady_Bullish_Growth
2026-07-15,882,0.0,0.0,0.02,Low,Low,False,False,0.010444452231683998,0.15666678347525997,C,RHYME_C: Steady_Bullish_Growth
2026-07-16,883,0.0,0.0,0.02,Low,Low,False,False,0.009867017434404879,0.14800526151607318,C,RHYME_C: Steady_Bullish_Growth
2026-07-17,884,0.0,0.0,0.02,Low,Low,False,False,0.008321994205491956,0.12482991308237934,C,RHYME_C: Steady_Bullish_Growth
2026-07-18,885,0.0,0.0,0.02,Low,Low,False,False,0.006924087174764448,0.10386130762146673,D,RHYME_D: Range_Bound_Neutral
2026-07-19,886,0.00041145596950800325,0.00041145596950800325,0.02,Low,Low,False,False,0.004762074289369034,0.0714311143405355,D,RHYME_D: Range_Bound_Neutral
2026-07-20,887,0.007265812372505131,0.007265812372505131,0.02,Low,Low,False,False,0.0021501569167319268,0.0322523537509789,D,RHYME_D: Range_Bound_Neutral
2026-07-21,888,0.012458349347227924,0.012458349347227924,0.02,Low,Low,False,False,-0.00012693451061118743,-0.0019040176591678115,D,RHYME_D: Range_Bound_Neutral
2026-07-22,889,0.014083727868270711,0.014083727868270711,0.02,Low,Low,False,False,-0.0005057636969583168,-0.007586455454374752,D,RHYME_D: Range_Bound_Neutral
2026-07-23,890,0.01630032868908591,0.01630032868908591,0.02,Low,Low,False,False,-0.0015360032631654974,-0.02304004894748246,D,RHYME_D: Range_Bound_Neutral
2026-07-24,891,0.01761595026805437,0.01761595026805437,0.02,Low,Low,False,False,-0.001180300537323209,-0.017704508059848134,D,RHYME_D: Range_Bound_Neutral
2026-07-25,892,0.016772340014200283,0.016772340014200283,0.02,Low,Low,False,False,0.0002233972391243455,0.0033509585868651826,D,RHYME_D: Range_Bound_Neutral
2026-07-26,893,0.01594204230785586,0.01594204230785586,0.02,Low,Low,False,False,0.0008350385655941928,0.012525578483912891,D,RHYME_D: Range_Bound_Neutral
2026-07-27,894,0.017141303947621138,0.017141303947621138,0.02,Low,Low,False,False,0.002399711015383277,0.03599566523074915,D,RHYME_D: Range_Bound_Neutral
2026-07-28,895,0.018088103152702224,0.018088103152702224,0.02,Low,Low,False,False,0.005518802374299581,0.08278203561449371,D,RHYME_D: Range_Bound_Neutral
2026-07-29,896,0.018906921818352074,0.018906921818352074,0.02,Low,Low,False,False,0.005831872277509698,0.08747808416264546,D,RHYME_D: Range_Bound_Neutral
2026-07-30,897,0.020823347414654483,0.020823347414654483,0.02,High,High,True,True,0.006785526765567429,0.10178290148351143,D,RHYME_D: Range_Bound_Neutral
2026-07-31,898,0.020859165120081274,0.020859165120081274,0.02,High,High,True,True,0.006871514622993846,0.10307271934490769,D,RHYME_D: Range_Bound_Neutral
2026-08-01,899,0.02015135778051667,0.02015135778051667,0.02,High,High,True,True,0.005918771960436109,0.08878157940654163,D,RHYME_D: Range_Bound_Neutral
2026-08-02,900,0.019547956534983243,0.019547956534983243,0.02,Low,Low,False,False,0.0035001542491515103,0.052502313737272654,D,RHYME_D: Range_Bound_Neutral
