day,rhyme_label_old,rhyme_full_old,vol_score_old,vol_label_old,vol_high_old,sentiment_raw_old,sentiment_norm_old,score_impl_old,rhyme_label_new,rhyme_full_new,vol_score_new,vol_label_new,vol_high_new,sentiment_raw_new,sentiment_norm_new,score_impl_new,flipped,flipped_into_AB,flipped_out_of_AB
2024-02-14,E,RHYME_E: Steady_Bearish_Decline,0.0,Low,False,-0.3026716306200412,-0.3026716306200412,BUGGY,B,RHYME_B: Panic_Volatility,0.5072173534358905,High,True,-0.3026716306200412,-0.3026716306200412,FIXED,True,True,False
2024-02-15,E,RHYME_E: Steady_Bearish_Decline,0.0,Low,False,-0.10657144237822624,-1.0,BUGGY,B,RHYME_B: Panic_Volatility,0.5057229316258796,High,True,-0.10657144237822624,-1.0,FIXED,True,True,False
2024-02-16,E,RHYME_E: Steady_Bearish_Decline,0.0,Low,False,-0.08567776205883293,-1.0,BUGGY,B,RHYME_B: Panic_Volatility,0.504724906591015,High,True,-0.08567776205883293,-1.0,FIXED,True,True,False
2024-02-17,E,RHYME_E: Steady_Bearish_Decline,0.0,Low,False,-0.08266570449325261,-1.0,BUGGY,B,RHYME_B: Panic_Volatility,0.5033608018093298,High,True,-0.08266570449325261,-1.0,FIXED,True,True,False
2024-02-18,E,RHYME_E: Steady_Bearish_Decline,0.0,Low,False,-0.13540146688855814,-1.0,BUGGY,B,RHYME_B: Panic_Volatility,0.5015046371126662,High,True,-0.13540146688855814,-1.0,FIXED,True,True,False
2024-02-19,E,RHYME_E: Steady_Bearish_Decline,0.0,Low,False,-0.13651877477149887,-1.0,BUGGY,B,RHYME_B: Panic_Volatility,0.49967965224943944,High,True,-0.13651877477149887,-1.0,FIXED,True,True,False
2024-02-20,E,RHYME_E: Steady_Bearish_Decline,0.0,Low,False,-0.252894027989926,-0.252894027989926,BUGGY,B,RHYME_B: Panic_Volatility,0.49788818045240363,High,True,-0.252894027989926,-0.252894027989926,FIXED,True,True,False
2024-02-21,E,RHYME_E: Steady_Bearish_Decline,0.0,Low,False,-0.27010406366284057,-0.27010406366284057,BUGGY,B,RHYME_B: Panic_Volatility,0.49610226020599607,High,True,-0.27010406366284057,-0.27010406366284057,FIXED,True,True,False
2024-02-22,E,RHYME_E: Steady_Bearish_Decline,0.0,Low,False,-0.25577888878402943,-0.25577888878402943,BUGGY,B,RHYME_B: Panic_Volatility,0.4943354199620116,High,True,-0.25577888878402943,-0.25577888878402943,FIXED,True,True,False
2024-02-23,E,RHYME_E: Steady_Bearish_Decline,0.0,Low,False,-0.2529940048831044,-0.2529940048831044,BUGGY,B,RHYME_B: Panic_Volatility,0.49256736488067887,High,True,-0.2529940048831044,-0.2529940048831044,FIXED,True,True,False
2024-02-24,E,RHYME_E: Steady_Bearish_Decline,0.0,Low,False,-0.15095285417286108,-1.0,BUGGY,B,RHYME_B: Panic_Volatility,0.495798932421933,High,True,-0.15095285417286108,-1.0,FIXED,True,True,False
2024-02-25,C,RHYME_C: Steady_Bullish_Growth,0.0,Low,False,0.041876892256072384,0.6281533838410858,BUGGY,A,RHYME_A: Euphoric_Volatility,0.49442635546364505,High,True,0.041876892256072384,0.6281533838410858,FIXED,True,True,False
2024-02-26,C,RHYME_C: Steady_Bullish_Growth,0.0,Low,False,0.1334661321234063,1.0,BUGGY,A,RHYME_A: Euphoric_Volatility,0.49313786382931935,High,True,0.1334661321234063,1.0,FIXED,True,True,False
2024-02-27,C,RHYME_C: Steady_Bullish_Growth,0.0,Low,False,0.32491581784269874,0.32491581784269874,BUGGY,A,RHYME_A: Euphoric_Volatility,0.49144722589268247,High,True,0.32491581784269874,0.32491581784269874,FIXED,True,True,False
2024-02-28,C,RHYME_C: Steady_Bullish_Growth,0.0,Low,False,0.45612007689460654,0.45612007689460654,BUGGY,A,RHYME_A: Euphoric_Volatility,0.48977385525570916,High,True,0.45612007689460654,0.45612007689460654,FIXED,True,True,False
2024-02-29,C,RHYME_C: Steady_Bullish_Growth,0.0,Low,False,0.41491711305337287,0.41491711305337287,BUGGY,A,RHYME_A: Euphoric_Volatility,0.4881098755247398,High,True,0.41491711305337287,0.41491711305337287,FIXED,True,True,False
2024-03-01,C,RHYME_C: Steady_Bullish_Growth,0.0,Low,False,0.27245508147188335,0.27245508147188335,BUGGY,A,RHYME_A: Euphoric_Volatility,0.48646550693259527,High,True,0.27245508147188335,0.27245508147188335,FIXED,True,True,False
2024-03-02,C,RHYME_C: Steady_Bullish_Growth,0.0,Low,False,0.2824165038105291,0.2824165038105291,BUGGY,A,RHYME_A: Euphoric_Volatility,0.48488217059859273,High,True,0.2824165038105291,0.2824165038105291,FIXED,True,True,False
2024-03-03,C,RHYME_C: Steady_Bullish_Growth,0.0,Low,False,0.29206964231525334,0.29206964231525334,BUGGY,A,RHYME_A: Euphoric_Volatility,0.48327536713384756,High,True,0.29206964231525334,0.29206964231525334,FIXED,True,True,False
2024-03-04,C,RHYME_C: Steady_Bullish_Growth,0.0,Low,False,0.2885714424699928,0.2885714424699928,BUGGY,A,RHYME_A: Euphoric_Volatility,0.4817267746597047,High,True,0.2885714424699928,0.2885714424699928,FIXED,True,True,False
2024-03-05,C,RHYME_C: Steady_Bullish_Growth,0.0,Low,False,0.2808988926707594,0.2808988926707594,BUGGY,A,RHYME_A: Euphoric_Volatility,0.4801510966725929,High,True,0.2808988926707594,0.2808988926707594,FIXED,True,True,False
2024-03-06,C,RHYME_C: Steady_Bullish_Growth,0.0,Low,False,0.2917847277839192,0.2917847277839192,BUGGY,A,RHYME_A: Euphoric_Volatility,0.478582597112768,High,True,0.2917847277839192,0.2917847277839192,FIXED,True,True,False
2024-03-07,C,RHYME_C: Steady_Bullish_Growth,0.0,Low,False,0.5756490803239906,0.5756490803239906,BUGGY,A,RHYME_A: Euphoric_Volatility,0.4820619955926226,High,True,0.5756490803239906,0.5756490803239906,FIXED,True,True,False
2024-03-08,C,RHYME_C: Steady_Bullish_Growth,0.0,Low,False,0.6318864935534529,0.6318864935534529,BUGGY,A,RHYME_A: Euphoric_Volatility,0.48094127715523777,High,True,0.6318864935534529,0.6318864935534529,FIXED,True,True,False
2024-03-09,C,RHYME_C: Steady_Bullish_Growth,0.0,Low,False,0.676122950543965,0.676122950543965,BUGGY,A,RHYME_A: Euphoric_Volatility,0.4794671465640951,High,True,0.676122950543965,0.676122950543965,FIXED,True,True,False
2024-03-10,C,RHYME_C: Steady_Bullish_Growth,0.0,Low,False,0.6809701669715555,0.6809701669715555,BUGGY,A,RHYME_A: Euphoric_Volatility,0.4780574545172209,High,True,0.6809701669715555,0.6809701669715555,FIXED,True,True,False
2024-03-11,C,RHYME_C: Steady_Bullish_Growth,0.0,Low,False,0.6514305696802969,0.6514305696802969,BUGGY,A,RHYME_A: Euphoric_Volatility,0.4765435817461273,High,True,0.6514305696802969,0.6514305696802969,FIXED,True,True,False
2024-03-12,C,RHYME_C: Steady_Bullish_Growth,0.0,Low,False,0.21839408509389968,1.0,BUGGY,A,RHYME_A: Euphoric_Volatility,0.4755387767902759,High,True,0.21839408509389968,1.0,FIXED,True,True,False
2024-03-13,C,RHYME_C: Steady_Bullish_Growth,0.0,Low,False,0.0768041269156925,1.0,BUGGY,A,RHYME_A: Euphoric_Volatility,0.4740762841697029,High,True,0.0768041269156925,1.0,FIXED,True,True,False
2024-03-14,C,RHYME_C: Steady_Bullish_Growth,0.0,Low,False,0.14745116807215775,1.0,BUGGY,A,RHYME_A: Euphoric_Volatility,0.47799646291616754,High,True,0.14745116807215775,1.0,FIXED,True,True,False
2024-03-15,C,RHYME_C: Steady_Bullish_Growth,0.0,Low,False,0.3016643653941675,0.3016643653941675,BUGGY,A,RHYME_A: Euphoric_Volatility,0.4765122628985814,High,True,0.3016643653941675,0.3016643653941675,FIXED,True,True,False
2024-03-16,C,RHYME_C: Steady_Bullish_Growth,0.0,Low,False,0.3613793161056096,0.3613793161056096,BUGGY,A,RHYME_A: Euphoric_Volatility,0.47542879137806526,High,True,0.3613793161056096,0.3613793161056096,FIXED,True,True,False
2024-03-17,C,RHYME_C: Steady_Bullish_Growth,0.0,Low,False,0.49401749032398934,0.49401749032398934,BUGGY,A,RHYME_A: Euphoric_Volatility,0.47396985596955327,High,True,0.49401749032398934,0.49401749032398934,FIXED,True,True,False
2024-03-18,C,RHYME_C: Steady_Bullish_Growth,0.0,Low,False,0.5771857872145991,0.5771857872145991,BUGGY,A,RHYME_A: Euphoric_Volatility,0.4726033516074919,High,True,0.5771857872145991,0.5771857872145991,FIXED,True,True,False
2024-03-19,C,RHYME_C: Steady_Bullish_Growth,0.0,Low,False,0.5297594735104008,0.5297594735104008,BUGGY,A,RHYME_A: Euphoric_Volatility,0.4718831221542364,High,True,0.5297594735104008,0.5297594735104008,FIXED,True,True,False
2024-03-20,C,RHYME_C: Steady_Bullish_Growth,0.0,Low,False,0.46385977691419633,0.46385977691419633,BUGGY,A,RHYME_A: Euphoric_Volatility,0.4704607550657488,High,True,0.46385977691419633,0.46385977691419633,FIXED,True,True,False
2024-03-21,C,RHYME_C: Steady_Bullish_Growth,0.0,Low,False,0.42692572373453674,0.42692572373453674,BUGGY,A,RHYME_A: Euphoric_Volatility,0.46956654919239615,High,True,0.42692572373453674,0.42692572373453674,FIXED,True,True,False
2024-03-22,C,RHYME_C: Steady_Bullish_Growth,0.0,Low,False,0.37216093143400286,0.37216093143400286,BUGGY,A,RHYME_A: Euphoric_Volatility,0.4681906435375318,High,True,0.37216093143400286,0.37216093143400286,FIXED,True,True,False
2024-03-23,C,RHYME_C: Steady_Bullish_Growth,0.0,Low,False,0.4013015263247812,0.4013015263247812,BUGGY,A,RHYME_A: Euphoric_Volatility,0.4669590989823503,High,True,0.4013015263247812,0.4013015263247812,FIXED,True,True,False
2024-03-24,C,RHYME_C: Steady_Bullish_Growth,0.0,Low,False,0.26401674882017767,0.26401674882017767,BUGGY,A,RHYME_A: Euphoric_Volatility,0.4656913252975747,High,True,0.26401674882017767,0.26401674882017767,FIXED,True,True,False
2024-03-25,C,RHYME_C: Steady_Bullish_Growth,0.0,Low,False,0.1268488340028069,1.0,BUGGY,A,RHYME_A: Euphoric_Volatility,0.4643509813818781,High,True,0.1268488340028069,1.0,FIXED,True,True,False
2024-03-26,C,RHYME_C: Steady_Bullish_Growth,0.0,Low,False,0.12409551717107492,1.0,BUGGY,A,RHYME_A: Euphoric_Volatility,0.46303294694653635,High,True,0.12409551717107492,1.0,FIXED,True,True,False
2024-03-27,C,RHYME_C: Steady_Bullish_Growth,0.0,Low,False,0.15664130216868544,1.0,BUGGY,A,RHYME_A: Euphoric_Volatility,0.46171535972037425,High,True,0.15664130216868544,1.0,FIXED,True,True,False
2024-03-28,C,RHYME_C: Steady_Bullish_Growth,0.0,Low,False,0.09831066092072693,1.0,BUGGY,A,RHYME_A: Euphoric_Volatility,0.46043298405675087,High,True,0.09831066092072693,1.0,FIXED,True,True,False
2024-03-29,C,RHYME_C: Steady_Bullish_Growth,0.0,Low,False,0.06827446310612428,1.0,BUGGY,A,RHYME_A: Euphoric_Volatility,0.4591374209978514,High,True,0.06827446310612428,1.0,FIXED,True,True,False
2024-03-30,C,RHYME_C: Steady_Bullish_Growth,0.0,Low,False,0.03662247774624805,0.5493371661937207,BUGGY,A,RHYME_A: Euphoric_Volatility,0.457852730413758,High,True,0.03662247774624805,0.5493371661937207,FIXED,True,True,False
2024-03-31,C,RHYME_C: Steady_Bullish_Growth,0.0,Low,False,0.011842388075485433,0.1776358211322815,BUGGY,A,RHYME_A: Euphoric_Volatility,0.45657876111718443,High,True,0.011842388075485433,0.1776358211322815,FIXED,True,True,False
2024-04-01,D,RHYME_D: Range_Bound_Neutral,0.0,Low,False,0.006081759684556598,0.09122639526834897,BUGGY,D,RHYME_D: Range_Bound_Neutral,0.4553235657758499,High,True,0.006081759684556598,0.09122639526834897,FIXED,False,False,False
2024-04-02,D,RHYME_D: Range_Bound_Neutral,0.0,Low,False,0.010161042161741296,0.15241563242611944,BUGGY,D,RHYME_D: Range_Bound_Neutral,0.4540710824680731,High,True,0.010161042161741296,0.15241563242611944,FIXED,False,False,False
2024-04-03,D,RHYME_D: Range_Bound_Neutral,0.0,Low,False,0.037140645537330874,0.5571096830599631,BUGGY,D,RHYME_D: Range_Bound_Neutral,0.45282887587305437,High,True,0.037140645537330874,0.5571096830599631,FIXED,False,False,False
2024-04-04,D,RHYME_D: Range_Bound_Neutral,0.0,Low,False,0.0727754796588207,1.0,BUGGY,D,RHYME_D: Range_Bound_Neutral,0.4515918878942462,High,True,0.0727754796588207,1.0,FIXED,False,False,False
2024-04-05,D,RHYME_D: Range_Bound_Neutral,0.0,Low,False,0.09184465241193829,1.0,BUGGY,D,RHYME_D: Range_Bound_Neutral,0.4503698605552818,High,True,0.09184465241193829,1.0,FIXED,False,False,False
2024-04-06,D,RHYME_D: Range_Bound_Neutral,0.0,Low,False,0.08040630184845021,1.0,BUGGY,D,RHYME_D: Range_Bound_Neutral,0.4491576980101894,High,True,0.08040630184845021,1.0,FIXED,False,False,False
2024-04-07,D,RHYME_D: Range_Bound_Neutral,0.0,Low,False,0.05837797681495216,0.8756696522242824,BUGGY,D,RHYME_D: Range_Bound_Neutral,0.4479872420122147,High,True,0.05837797681495216,0.8756696522242824,FIXED,False,False,False
2024-04-08,D,RHYME_D: Range_Bound_Neutral,0.0,Low,False,0.0770308169072873,1.0,BUGGY,D,RHYME_D: Range_Bound_Neutral,0.44678117901113523,High,True,0.0770308169072873,1.0,FIXED,False,False,False
2024-04-09,C,RHYME_C: Steady_Bullish_Growth,0.0,Low,False,0.08236637559237758,1.0,BUGGY,A,RHYME_A: Euphoric_Volatility,0.4456671182818262,High,True,0.08236637559237758,1.0,FIXED,True,True,False
2024-04-10,C,RHYME_C: Steady_Bullish_Growth,0.0,Low,False,0.03899721398787692,0.5849582098181538,BUGGY,A,RHYME_A: Euphoric_Volatility,0.4446417853841073,High,True,0.03899721398787692,0.5849582098181538,FIXED,True,True,False
2024-04-11,C,RHYME_C: Steady_Bullish_Growth,0.0,Low,False,-0.0023580701408010274,-0.03537105211201541,BUGGY,A,RHYME_A: Euphoric_Volatility,0.44347594396576845,High,True,-0.0023580701408010274,-0.03537105211201541,FIXED,True,True,False
2024-04-12,C,RHYME_C: Steady_Bullish_Growth,0.0,Low,False,-0.03297504268345275,-0.49462564025179123,BUGGY,A,RHYME_A: Euphoric_Volatility,0.4423953297459127,High,True,-0.03297504268345275,-0.49462564025179123,FIXED,True,True,False
2024-04-13,C,RHYME_C: Steady_Bullish_Growth,0.0,Low,False,-0.08024692264487798,-1.0,BUGGY,A,RHYME_A: Euphoric_Volatility,0.4412342319442055,High,True,-0.08024692264487798,-1.0,FIXED,True,True,False
2024-04-14,C,RHYME_C: Steady_Bullish_Growth,0.0,Low,False,-0.10655302483225015,-1.0,BUGGY,A,RHYME_A: Euphoric_Volatility,0.4400952722551749,High,True,-0.10655302483225015,-1.0,FIXED,True,True,False
2024-04-15,C,RHYME_C: Steady_Bullish_Growth,0.0,Low,False,-0.07533513476766607,-1.0,BUGGY,A,RHYME_A: Euphoric_Volatility,0.4390351053465195,High,True,-0.07533513476766607,-1.0,FIXED,True,True,False
2024-04-16,C,RHYME_C: Steady_Bullish_Growth,0.0,Low,False,-0.04371291139840139,-0.6556936709760208,BUGGY,A,RHYME_A: Euphoric_Volatility,0.4379139795537101,High,True,-0.04371291139840139,-0.6556936709760208,FIXED,True,True,False
2024-04-17,D,RHYME_D: Range_Bound_Neutral,0.0,Low,False,0.0022735342714437223,0.034103014071655835,BUGGY,D,RHYME_D: Range_Bound_Neutral,0.43680139700277526,High,True,0.0022735342714437223,0.034103014071655835,FIXED,False,False,False
2024-04-18,D,RHYME_D: Range_Bound_Neutral,0.0,Low,False,0.004197064458069777,0.06295596687104665,BUGGY,D,RHYME_D: Range_Bound_Neutral,0.43587664880439736,High,True,0.004197064458069777,0.06295596687104665,FIXED,False,False,False
2024-04-19,D,RHYME_D: Range_Bound_Neutral,0.0,Low,False,0.019864507335076498,0.29796761002614747,BUGGY,D,RHYME_D: Range_Bound_Neutral,0.43476805573005395,High,True,0.019864507335076498,0.29796761002614747,FIXED,False,False,False
2024-04-20,D,RHYME_D: Range_Bound_Neutral,0.0,Low,False,0.008286792807454146,0.1243018921118122,BUGGY,D,RHYME_D: Range_Bound_Neutral,0.4336635916163933,High,True,0.008286792807454146,0.1243018921118122,FIXED,False,False,False
2024-04-21,D,RHYME_D: Range_Bound_Neutral,0.0,Low,False,0.016552719950394312,0.24829079925591468,BUGGY,D,RHYME_D: Range_Bound_Neutral,0.43256714047844724,High,True,0.016552719950394312,0.24829079925591468,FIXED,False,False,False
2024-04-22,D,RHYME_D: Range_Bound_Neutral,0.0,Low,False,0.024797852322424596,0.37196778483636894,BUGGY,D,RHYME_D: Range_Bound_Neutral,0.4314955755659337,High,True,0.024797852322424596,0.37196778483636894,FIXED,False,False,False
2024-04-23,D,RHYME_D: Range_Bound_Neutral,0.0,Low,False,0.07080132462150868,1.0,BUGGY,D,RHYME_D: Range_Bound_Neutral,0.4304363634434453,High,True,0.07080132462150868,1.0,FIXED,False,False,False
2024-04-24,D,RHYME_D: Range_Bound_Neutral,0.0,Low,False,0.16143043784801359,1.0,BUGGY,D,RHYME_D: Range_Bound_Neutral,0.4295983345985195,High,True,0.16143043784801359,1.0,FIXED,False,False,False
2024-04-25,C,RHYME_C: Steady_Bullish_Growth,0.0,Low,False,0.20472223667682554,1.0,BUGGY,A,RHYME_A: Euphoric_Volatility,0.42864311425286206,High,True,0.20472223667682554,1.0,FIXED,True,True,False
2024-04-26,C,RHYME_C: Steady_Bullish_Growth,0.0,Low,False,0.18209423389805135,1.0,BUGGY,A,RHYME_A: Euphoric_Volatility,0.4278381050552996,High,True,0.18209423389805135,1.0,FIXED,True,True,False
2024-04-27,C,RHYME_C: Steady_Bullish_Growth,0.0,Low,False,0.15626706282890712,1.0,BUGGY,A,RHYME_A: Euphoric_Volatility,0.42680384890194906,High,True,0.15626706282890712,1.0,FIXED,True,True,False
2024-04-28,C,RHYME_C: Steady_Bullish_Growth,0.0,Low,False,0.12613927359745336,1.0,BUGGY,A,RHYME_A: Euphoric_Volatility,0.4258504224632815,High,True,0.12613927359745336,1.0,FIXED,True,True,False
2024-04-29,C,RHYME_C: Steady_Bullish_Growth,0.0,Low,False,0.003474636375545348,0.05211954563318022,BUGGY,A,RHYME_A: Euphoric_Volatility,0.42485418688488596,High,True,0.003474636375545348,0.05211954563318022,FIXED,True,True,False
2024-04-30,C,RHYME_C: Steady_Bullish_Growth,0.0,Low,False,0.07030989440827651,1.0,BUGGY,A,RHYME_A: Euphoric_Volatility,0.4287466984071183,High,True,0.07030989440827651,1.0,FIXED,True,True,False
2024-05-01,C,RHYME_C: Steady_Bullish_Growth,0.0,Low,False,0.09619815213763072,1.0,BUGGY,A,RHYME_A: Euphoric_Volatility,0.428127463827976,High,True,0.09619815213763072,1.0,FIXED,True,True,False
2024-05-02,C,RHYME_C: Steady_Bullish_Growth,0.0,Low,False,0.08953656992430536,1.0,BUGGY,A,RHYME_A: Euphoric_Volatility,0.427255255888128,High,True,0.08953656992430536,1.0,FIXED,True,True,False
2024-05-03,C,RHYME_C: Steady_Bullish_Growth,0.0,Low,False,0.11622666089581246,1.0,BUGGY,A,RHYME_A: Euphoric_Volatility,0.42623678834785905,High,True,0.11622666089581246,1.0,FIXED,True,True,False
2024-05-04,C,RHYME_C: Steady_Bullish_Growth,0.0,Low,False,0.1349219145302918,1.0,BUGGY,A,RHYME_A: Euphoric_Volatility,0.4253089774956982,High,True,0.1349219145302918,1.0,FIXED,True,True,False
2024-05-05,E,RHYME_E: Steady_Bearish_Decline,0.0,Low,False,-0.02783581361535048,-0.4175372042302572,BUGGY,B,RHYME_B: Panic_Volatility,0.42432019292207446,High,True,-0.02783581361535048,-0.4175372042302572,FIXED,True,True,False
2024-05-06,E,RHYME_E: Steady_Bearish_Decline,0.0,Low,False,-0.06367645922112497,-0.9551468883168746,BUGGY,B,RHYME_B: Panic_Volatility,0.42333827125249873,High,True,-0.06367645922112497,-0.9551468883168746,FIXED,True,True,False
2024-05-07,E,RHYME_E: Steady_Bearish_Decline,0.0,Low,False,-0.06653402636647499,-0.9980103954971248,BUGGY,B,RHYME_B: Panic_Volatility,0.4223631334812936,High,True,-0.06653402636647499,-0.9980103954971248,FIXED,True,True,False
2024-05-08,E,RHYME_E: Steady_Bearish_Decline,0.0,Low,False,-0.08826927311299804,-1.0,BUGGY,B,RHYME_B: Panic_Volatility,0.4213947018699658,High,True,-0.08826927311299804,-1.0,FIXED,True,True,False
2024-05-09,E,RHYME_E: Steady_Bearish_Decline,0.0,Low,False,-0.08737583421781192,-1.0,BUGGY,B,RHYME_B: Panic_Volatility,0.4204258093193419,High,True,-0.08737583421781192,-1.0,FIXED,True,True,False
2024-05-10,E,RHYME_E: Steady_Bearish_Decline,0.0,Low,False,-0.0819139656830552,-1.0,BUGGY,B,RHYME_B: Panic_Volatility,0.419464826055864,High,True,-0.0819139656830552,-1.0,FIXED,True,True,False
2024-05-11,E,RHYME_E: Steady_Bearish_Decline,0.0,Low,False,-0.06315558959011458,-0.9473338438517187,BUGGY,B,RHYME_B: Panic_Volatility,0.41850203221990356,High,True,-0.06315558959011458,-0.9473338438517187,FIXED,True,True,False
2024-05-12,E,RHYME_E: Steady_Bearish_Decline,0.0,Low,False,-0.025955876573086623,-0.38933814859629934,BUGGY,B,RHYME_B: Panic_Volatility,0.4175541223990715,High,True,-0.025955876573086623,-0.38933814859629934,FIXED,True,True,False
2024-05-13,D,RHYME_D: Range_Bound_Neutral,0.0,Low,False,0.011272623123382619,0.16908934685073929,BUGGY,D,RHYME_D: Range_Bound_Neutral,0.4166191587609468,High,True,0.011272623123382619,0.16908934685073929,FIXED,False,False,False
2024-05-14,D,RHYME_D: Range_Bound_Neutral,0.0,Low,False,0.06458591428216875,0.9687887142325313,BUGGY,D,RHYME_D: Range_Bound_Neutral,0.4156899142684899,High,True,0.06458591428216875,0.9687887142325313,FIXED,False,False,False
2024-05-15,D,RHYME_D: Range_Bound_Neutral,0.0,Low,False,0.09601392522065888,1.0,BUGGY,D,RHYME_D: Range_Bound_Neutral,0.4148082192083343,High,True,0.09601392522065888,1.0,FIXED,False,False,False
2024-05-16,D,RHYME_D: Range_Bound_Neutral,0.0,Low,False,0.05710263246740155,0.8565394870110232,BUGGY,D,RHYME_D: Range_Bound_Neutral,0.414150632543434,High,True,0.05710263246740155,0.8565394870110232,FIXED,False,False,False
2024-05-17,D,RHYME_D: Range_Bound_Neutral,0.0,Low,False,-0.04912897315202791,-0.7369345972804187,BUGGY,D,RHYME_D: Range_Bound_Neutral,0.413888964347651,High,True,-0.04912897315202791,-0.7369345972804187,FIXED,False,False,False
2024-05-18,D,RHYME_D: Range_Bound_Neutral,0.0,Low,False,-0.12244444603784921,-1.0,BUGGY,D,RHYME_D: Range_Bound_Neutral,0.414373878787907,High,True,-0.12244444603784921,-1.0,FIXED,False,False,False
2024-05-19,D,RHYME_D: Range_Bound_Neutral,0.0,Low,False,-0.15596330969923766,-1.0,BUGGY,D,RHYME_D: Range_Bound_Neutral,0.41385349958553186,High,True,-0.15596330969923766,-1.0,FIXED,False,False,False
2024-05-20,D,RHYME_D: Range_Bound_Neutral,0.0,Low,False,-0.16391941821088385,-1.0,BUGGY,D,RHYME_D: Range_Bound_Neutral,0.41306323444152226,High,True,-0.16391941821088385,-1.0,FIXED,False,False,False
2024-05-21,E,RHYME_E: Steady_Bearish_Decline,0.0,Low,False,-0.14170997360253756,-1.0,BUGGY,B,RHYME_B: Panic_Volatility,0.4121609479423098,High,True,-0.14170997360253756,-1.0,FIXED,True,True,False
2024-05-22,E,RHYME_E: Steady_Bearish_Decline,0.0,Low,False,-0.08384071792371695,-1.0,BUGGY,B,RHYME_B: Panic_Volatility,0.4113700920125573,High,True,-0.08384071792371695,-1.0,FIXED,True,True,False
2024-05-23,E,RHYME_E: Steady_Bearish_Decline,0.0,Low,False,-0.06325250791285364,-0.9487876186928046,BUGGY,B,RHYME_B: Panic_Volatility,0.4104882039374947,High,True,-0.06325250791285364,-0.9487876186928046,FIXED,True,True,False
2024-05-24,E,RHYME_E: Steady_Bearish_Decline,0.0,Low,False,-0.058348745386349155,-0.8752311807952373,BUGGY,B,RHYME_B: Panic_Volatility,0.40991286940304233,High,True,-0.058348745386349155,-0.8752311807952373,FIXED,True,True,False
2024-05-25,E,RHYME_E: Steady_Bearish_Decline,0.0,Low,False,-0.025714767615246936,-0.38572151422870404,BUGGY,B,RHYME_B: Panic_Volatility,0.40904341037115993,High,True,-0.025714767615246936,-0.38572151422870404,FIXED,True,True,False
2024-05-26,E,RHYME_E: Steady_Bearish_Decline,0.0,Low,False,-0.0003395537442025809,-0.005093306163038713,BUGGY,B,RHYME_B: Panic_Volatility,0.408184671903047,High,True,-0.0003395537442025809,-0.005093306163038713,FIXED,True,True,False
2024-05-27,E,RHYME_E: Steady_Bearish_Decline,0.0,Low,False,0.009307141036559052,0.13960711554838579,BUGGY,B,RHYME_B: Panic_Volatility,0.40756162880838825,High,True,0.009307141036559052,0.13960711554838579,FIXED,True,True,False
2024-05-28,E,RHYME_E: Steady_Bearish_Decline,0.0,Low,False,0.019250968872567498,0.28876453308851247,BUGGY,B,RHYME_B: Panic_Volatility,0.406706452209519,High,True,0.019250968872567498,0.28876453308851247,FIXED,True,True,False
2024-05-29,E,RHYME_E: Steady_Bearish_Decline,0.0,Low,False,-0.02980818358062387,-0.44712275370935806,BUGGY,B,RHYME_B: Panic_Volatility,0.405856635154193,High,True,-0.02980818358062387,-0.44712275370935806,FIXED,True,True,False
2024-05-30,E,RHYME_E: Steady_Bearish_Decline,0.0,Low,False,-0.07633782380536269,-1.0,BUGGY,B,RHYME_B: Panic_Volatility,0.4050121219055367,High,True,-0.07633782380536269,-1.0,FIXED,True,True,False
2024-05-31,E,RHYME_E: Steady_Bearish_Decline,0.0,Low,False,-0.11558173914613479,-1.0,BUGGY,B,RHYME_B: Panic_Volatility,0.4041728575346277,High,True,-0.11558173914613479,-1.0,FIXED,True,True,False
2024-06-01,E,RHYME_E: Steady_Bearish_Decline,0.0,Low,False,-0.09985771265292143,-1.0,BUGGY,B,RHYME_B: Panic_Volatility,0.4033387879055026,High,True,-0.09985771265292143,-1.0,FIXED,True,True,False
2024-06-02,E,RHYME_E: Steady_Bearish_Decline,0.0,Low,False,-0.08286984063052338,-1.0,BUGGY,B,RHYME_B: Panic_Volatility,0.4025098596605024,High,True,-0.08286984063052338,-1.0,FIXED,True,True,False
2024-06-03,E,RHYME_E: Steady_Bearish_Decline,0.0,Low,False,-0.06437559006043292,-0.9656338509064938,BUGGY,B,RHYME_B: Panic_Volatility,0.4016860202059483,High,True,-0.06437559006043292,-0.9656338509064938,FIXED,True,True,False
2024-06-04,E,RHYME_E: Steady_Bearish_Decline,0.0,Low,False,-0.04900780441162256,-0.7351170661743384,BUGGY,B,RHYME_B: Panic_Volatility,0.4008672176981381,High,True,-0.04900780441162256,-0.7351170661743384,FIXED,True,True,False
2024-06-20,E,RHYME_E: Steady_Bearish_Decline,0.0,Low,False,-0.04810201673875292,-0.7215302510812938,BUGGY,B,RHYME_B: Panic_Volatility,0.4000534010296543,High,True,-0.04810201673875292,-0.7215302510812938,FIXED,True,True,False
2024-06-21,E,RHYME_E: Steady_Bearish_Decline,0.0,Low,False,-0.06361519464893695,-0.9542279197340542,BUGGY,B,RHYME_B: Panic_Volatility,0.3992445198159781,High,True,-0.06361519464893695,-0.9542279197340542,FIXED,True,True,False
2024-06-24,E,RHYME_E: Steady_Bearish_Decline,0.0,Low,False,-0.066891231144941,-1.0,BUGGY,E,RHYME_E: Steady_Bearish_Decline,0.015554925925733883,Low,False,-0.066891231144941,-1.0,FIXED,False,False,False
2024-06-25,E,RHYME_E: Steady_Bearish_Decline,0.0,Low,False,-0.05577491804959167,-0.8366237707438751,BUGGY,E,RHYME_E: Steady_Bearish_Decline,0.01735223859578911,Low,False,-0.05577491804959167,-0.8366237707438751,FIXED,False,False,False
2024-06-26,E,RHYME_E: Steady_Bearish_Decline,0.0,Low,False,-0.05188208860256016,-0.7782313290384024,BUGGY,E,RHYME_E: Steady_Bearish_Decline,0.017073288006971797,Low,False,-0.05188208860256016,-0.7782313290384024,FIXED,False,False,False
2024-06-27,D,RHYME_D: Range_Bound_Neutral,0.0,Low,False,0.000507666048305655,0.007614990724584825,BUGGY,E,RHYME_E: Steady_Bearish_Decline,0.016993193435061577,Low,False,0.000507666048305655,0.007614990724584825,FIXED,True,False,False
2024-06-28,D,RHYME_D: Range_Bound_Neutral,0.0,Low,False,0.0009006566669811367,0.01350985000471705,BUGGY,E,RHYME_E: Steady_Bearish_Decline,0.017208534175365865,Low,False,0.0009006566669811367,0.01350985000471705,FIXED,True,False,False
2024-07-01,D,RHYME_D: Range_Bound_Neutral,0.0,Low,False,-0.0017958130126557448,-0.02693719518983617,BUGGY,E,RHYME_E: Steady_Bearish_Decline,0.017197840357696694,Low,False,-0.0017958130126557448,-0.02693719518983617,FIXED,True,False,False
2024-07-02,D,RHYME_D: Range_Bound_Neutral,0.0,Low,False,-0.0001763353956425462,-0.002645030934638193,BUGGY,E,RHYME_E: Steady_Bearish_Decline,0.016902774045794683,Low,False,-0.0001763353956425462,-0.002645030934638193,FIXED,True,False,False
2024-07-03,D,RHYME_D: Range_Bound_Neutral,0.0,Low,False,0.0018397197695645406,0.02759579654346811,BUGGY,E,RHYME_E: Steady_Bearish_Decline,0.01661372644324643,Low,False,0.0018397197695645406,0.02759579654346811,FIXED,True,False,False
2024-07-05,D,RHYME_D: Range_Bound_Neutral,0.0,Low,False,0.0024683431210228424,0.037025146815342636,BUGGY,D,RHYME_D: Range_Bound_Neutral,0.01672902508881589,Low,False,0.0024683431210228424,0.037025146815342636,FIXED,False,False,False
2024-07-08,D,RHYME_D: Range_Bound_Neutral,0.0,Low,False,0.002946983339030096,0.04420475008545144,BUGGY,D,RHYME_D: Range_Bound_Neutral,0.016809204039889444,Low,False,0.002946983339030096,0.04420475008545144,FIXED,False,False,False
2024-07-09,D,RHYME_D: Range_Bound_Neutral,0.0,Low,False,0.004348107108928856,0.06522160663393284,BUGGY,D,RHYME_D: Range_Bound_Neutral,0.01671289034288222,Low,False,0.004348107108928856,0.06522160663393284,FIXED,False,False,False
2024-07-10,D,RHYME_D: Range_Bound_Neutral,0.0,Low,False,0.0055822767086319836,0.08373415062947975,BUGGY,D,RHYME_D: Range_Bound_Neutral,0.01687911285754194,Low,False,0.0055822767086319836,0.08373415062947975,FIXED,False,False,False
2024-07-11,D,RHYME_D: Range_Bound_Neutral,0.0,Low,False,0.008343561831977153,0.1251534274796573,BUGGY,D,RHYME_D: Range_Bound_Neutral,0.017746560386627818,Low,False,0.008343561831977153,0.1251534274796573,FIXED,False,False,False
2024-07-12,C,RHYME_C: Steady_Bullish_Growth,0.0,Low,False,0.012269422602528834,0.18404133903793252,BUGGY,D,RHYME_D: Range_Bound_Neutral,0.01758575733789177,Low,False,0.012269422602528834,0.18404133903793252,FIXED,True,False,False
2024-07-15,C,RHYME_C: Steady_Bullish_Growth,0.0,Low,False,0.01640665796177676,0.2460998694266514,BUGGY,D,RHYME_D: Range_Bound_Neutral,0.017688142615035866,Low,False,0.01640665796177676,0.2460998694266514,FIXED,True,False,False
2024-07-16,C,RHYME_C: Steady_Bullish_Growth,0.0,Low,False,0.024765719481645077,0.37148579222467615,BUGGY,D,RHYME_D: Range_Bound_Neutral,0.018318917011766873,Low,False,0.024765719481645077,0.37148579222467615,FIXED,True,False,False
2024-07-17,C,RHYME_C: Steady_Bullish_Growth,0.0,Low,False,0.0301405431166053,0.4521081467490795,BUGGY,C,RHYME_C: Steady_Bullish_Growth,0.019063347954702915,Low,False,0.0301405431166053,0.4521081467490795,FIXED,False,False,False
2024-07-18,C,RHYME_C: Steady_Bullish_Growth,0.0,Low,False,0.030439539168529484,0.45659308752794225,BUGGY,C,RHYME_C: Steady_Bullish_Growth,0.019337107038029686,Low,False,0.030439539168529484,0.45659308752794225,FIXED,False,False,False
2024-07-19,C,RHYME_C: Steady_Bullish_Growth,0.0,Low,False,0.027963384777902167,0.4194507716685325,BUGGY,C,RHYME_C: Steady_Bullish_Growth,0.019408693869105532,Low,False,0.027963384777902167,0.4194507716685325,FIXED,False,False,False
2024-07-22,C,RHYME_C: Steady_Bullish_Growth,0.0,Low,False,0.026459806518597473,0.3968970977789621,BUGGY,C,RHYME_C: Steady_Bullish_Growth,0.019436443439890254,Low,False,0.026459806518597473,0.3968970977789621,FIXED,False,False,False
2024-07-23,C,RHYME_C: Steady_Bullish_Growth,0.0,Low,False,0.020194312683388782,0.30291469025083173,BUGGY,C,RHYME_C: Steady_Bullish_Growth,0.019539081647398697,Low,False,0.020194312683388782,0.30291469025083173,FIXED,False,False,False
2024-07-24,C,RHYME_C: Steady_Bullish_Growth,0.0,Low,False,0.01215243560061241,0.18228653400918615,BUGGY,C,RHYME_C: Steady_Bullish_Growth,0.020111122750509056,High,True,0.01215243560061241,0.18228653400918615,FIXED,False,False,False
2024-07-25,C,RHYME_C: Steady_Bullish_Growth,0.0,Low,False,0.008210199987353839,0.12315299981030758,BUGGY,C,RHYME_C: Steady_Bullish_Growth,0.02034219485553742,High,True,0.008210199987353839,0.12315299981030758,FIXED,False,False,False
2024-07-26,C,RHYME_C: Steady_Bullish_Growth,0.0,Low,False,0.008882011890143593,0.1332301783521539,BUGGY,C,RHYME_C: Steady_Bullish_Growth,0.02056459637148585,High,True,0.008882011890143593,0.1332301783521539,FIXED,False,False,False
2024-07-29,D,RHYME_D: Range_Bound_Neutral,0.0,Low,False,0.007153696070569371,0.10730544105854056,BUGGY,D,RHYME_D: Range_Bound_Neutral,0.020376786003954685,High,True,0.007153696070569371,0.10730544105854056,FIXED,False,False,False
2024-07-30,D,RHYME_D: Range_Bound_Neutral,0.0,Low,False,0.006506804099421615,0.09760206149132422,BUGGY,D,RHYME_D: Range_Bound_Neutral,0.020555487722190974,High,True,0.006506804099421615,0.09760206149132422,FIXED,False,False,False
2024-07-31,D,RHYME_D: Range_Bound_Neutral,0.0,Low,False,0.011334419500499848,0.17001629250749772,BUGGY,D,RHYME_D: Range_Bound_Neutral,0.0207662217249871,High,True,0.011334419500499848,0.17001629250749772,FIXED,False,False,False
2024-08-01,D,RHYME_D: Range_Bound_Neutral,0.0,Low,False,0.012739839277654541,0.19109758916481812,BUGGY,D,RHYME_D: Range_Bound_Neutral,0.021360499080746876,High,True,0.012739839277654541,0.19109758916481812,FIXED,False,False,False
2024-08-02,D,RHYME_D: Range_Bound_Neutral,0.0,Low,False,0.0062928575833745,0.0943928637506175,BUGGY,D,RHYME_D: Range_Bound_Neutral,0.022119534427593707,High,True,0.0062928575833745,0.0943928637506175,FIXED,False,False,False
2024-08-05,D,RHYME_D: Range_Bound_Neutral,0.0,Low,False,-0.00479154977336016,-0.0718732466004024,BUGGY,D,RHYME_D: Range_Bound_Neutral,0.022587695506554664,High,True,-0.00479154977336016,-0.0718732466004024,FIXED,False,False,False
2024-08-06,D,RHYME_D: Range_Bound_Neutral,0.0,Low,False,-0.014819220656355547,-0.2222883098453332,BUGGY,D,RHYME_D: Range_Bound_Neutral,0.02265209066800811,High,True,-0.014819220656355547,-0.2222883098453332,FIXED,False,False,False
2024-08-07,D,RHYME_D: Range_Bound_Neutral,0.0,Low,False,-0.02746860526128614,-0.4120290789192921,BUGGY,D,RHYME_D: Range_Bound_Neutral,0.022846397947169476,High,True,-0.02746860526128614,-0.4120290789192921,FIXED,False,False,False
2024-08-08,E,RHYME_E: Steady_Bearish_Decline,0.0,Low,False,-0.031823960929927675,-0.4773594139489151,BUGGY,B,RHYME_B: Panic_Volatility,0.02333121382775751,High,True,-0.031823960929927675,-0.4773594139489151,FIXED,True,True,False
2024-08-09,E,RHYME_E: Steady_Bearish_Decline,0.0,Low,False,-0.030062954507073636,-0.45094431760610454,BUGGY,B,RHYME_B: Panic_Volatility,0.02311524200762036,High,True,-0.030062954507073636,-0.45094431760610454,FIXED,True,True,False
2024-08-12,E,RHYME_E: Steady_Bearish_Decline,0.0,Low,False,-0.02224760056613395,-0.3337140084920093,BUGGY,B,RHYME_B: Panic_Volatility,0.022976568253898988,High,True,-0.02224760056613395,-0.3337140084920093,FIXED,True,True,False
2024-08-13,E,RHYME_E: Steady_Bearish_Decline,0.0,Low,False,-0.013410849802923619,-0.20116274704385428,BUGGY,B,RHYME_B: Panic_Volatility,0.023081003685779537,High,True,-0.013410849802923619,-0.20116274704385428,FIXED,True,True,False
2024-08-14,E,RHYME_E: Steady_Bearish_Decline,0.0,Low,False,-0.0027054181301987557,-0.040581271952981335,BUGGY,B,RHYME_B: Panic_Volatility,0.02294761546612493,High,True,-0.0027054181301987557,-0.040581271952981335,FIXED,True,True,False
2024-08-15,E,RHYME_E: Steady_Bearish_Decline,0.0,Low,False,0.00450128073201328,0.0675192109801992,BUGGY,B,RHYME_B: Panic_Volatility,0.023035601390587065,High,True,0.00450128073201328,0.0675192109801992,FIXED,True,True,False
2024-08-16,E,RHYME_E: Steady_Bearish_Decline,0.0,Low,False,0.011337776239379593,0.1700666435906939,BUGGY,B,RHYME_B: Panic_Volatility,0.02286532595354848,High,True,0.011337776239379593,0.1700666435906939,FIXED,True,True,False
2024-08-19,E,RHYME_E: Steady_Bearish_Decline,0.0,Low,False,0.021194070725945258,0.31791106088917886,BUGGY,B,RHYME_B: Panic_Volatility,0.02278660407726848,High,True,0.021194070725945258,0.31791106088917886,FIXED,True,True,False
2024-08-20,C,RHYME_C: Steady_Bullish_Growth,0.0,Low,False,0.026496153063047867,0.397442295945718,BUGGY,A,RHYME_A: Euphoric_Volatility,0.02264790997579929,High,True,0.026496153063047867,0.397442295945718,FIXED,True,True,False
2024-08-21,C,RHYME_C: Steady_Bullish_Growth,0.0,Low,False,0.03164400591833627,0.47466008877504406,BUGGY,A,RHYME_A: Euphoric_Volatility,0.022519623185453582,High,True,0.03164400591833627,0.47466008877504406,FIXED,True,True,False
2024-08-22,C,RHYME_C: Steady_Bullish_Growth,0.0,Low,False,0.03156625838925953,0.4734938758388929,BUGGY,A,RHYME_A: Euphoric_Volatility,0.022392549562775973,High,True,0.03156625838925953,0.4734938758388929,FIXED,True,True,False
2024-08-23,C,RHYME_C: Steady_Bullish_Growth,0.0,Low,False,0.034440082476684175,0.5166012371502626,BUGGY,A,RHYME_A: Euphoric_Volatility,0.022342749996695773,High,True,0.034440082476684175,0.5166012371502626,FIXED,True,True,False
2024-08-26,C,RHYME_C: Steady_Bullish_Growth,0.0,Low,False,0.034933625560767956,0.5240043834115193,BUGGY,A,RHYME_A: Euphoric_Volatility,0.022196980890301473,High,True,0.034933625560767956,0.5240043834115193,FIXED,True,True,False
2024-08-27,C,RHYME_C: Steady_Bullish_Growth,0.0,Low,False,0.03672889516478639,0.5509334274717959,BUGGY,A,RHYME_A: Euphoric_Volatility,0.022037881247308422,High,True,0.03672889516478639,0.5509334274717959,FIXED,True,True,False
2024-08-28,C,RHYME_C: Steady_Bullish_Growth,0.0,Low,False,0.03596943316109891,0.5395414974164836,BUGGY,A,RHYME_A: Euphoric_Volatility,0.021954524970603025,High,True,0.03596943316109891,0.5395414974164836,FIXED,True,True,False
2024-08-29,C,RHYME_C: Steady_Bullish_Growth,0.0,Low,False,0.03654083017258358,0.5481124525887537,BUGGY,A,RHYME_A: Euphoric_Volatility,0.02208133719225164,High,True,0.03654083017258358,0.5481124525887537,FIXED,True,True,False
2024-08-30,C,RHYME_C: Steady_Bullish_Growth,0.0,Low,False,0.033683227823736006,0.5052484173560401,BUGGY,A,RHYME_A: Euphoric_Volatility,0.021965171989006,High,True,0.033683227823736006,0.5052484173560401,FIXED,True,True,False
2024-09-03,C,RHYME_C: Steady_Bullish_Growth,0.0,Low,False,0.026138587072696895,0.3920788060904534,BUGGY,A,RHYME_A: Euphoric_Volatility,0.022109877587866655,High,True,0.026138587072696895,0.3920788060904534,FIXED,True,True,False
2024-09-04,C,RHYME_C: Steady_Bullish_Growth,0.0,Low,False,0.019254788790986632,0.2888218318647995,BUGGY,A,RHYME_A: Euphoric_Volatility,0.02208631717382115,High,True,0.019254788790986632,0.2888218318647995,FIXED,True,True,False
2024-09-05,C,RHYME_C: Steady_Bullish_Growth,0.0,Low,False,0.012349961861849668,0.18524942792774501,BUGGY,A,RHYME_A: Euphoric_Volatility,0.021997897020696093,High,True,0.012349961861849668,0.18524942792774501,FIXED,True,True,False
2024-09-06,D,RHYME_D: Range_Bound_Neutral,0.0,Low,False,0.0029573320649933788,0.04435998097490068,BUGGY,D,RHYME_D: Range_Bound_Neutral,0.022015490689587715,High,True,0.0029573320649933788,0.04435998097490068,FIXED,False,False,False
2024-09-09,D,RHYME_D: Range_Bound_Neutral,0.0,Low,False,-0.006159736010613592,-0.09239604015920388,BUGGY,D,RHYME_D: Range_Bound_Neutral,0.02198876581052555,High,True,-0.006159736010613592,-0.09239604015920388,FIXED,False,False,False
2024-09-10,D,RHYME_D: Range_Bound_Neutral,0.0,Low,False,-0.010776266060178785,-0.16164399090268178,BUGGY,D,RHYME_D: Range_Bound_Neutral,0.021942611965491996,High,True,-0.010776266060178785,-0.16164399090268178,FIXED,False,False,False
2024-09-11,D,RHYME_D: Range_Bound_Neutral,0.0,Low,False,-0.013512940831433728,-0.20269411247150593,BUGGY,D,RHYME_D: Range_Bound_Neutral,0.02192575510443295,High,True,-0.013512940831433728,-0.20269411247150593,FIXED,False,False,False
2024-09-12,D,RHYME_D: Range_Bound_Neutral,0.0,Low,False,-0.013230244882123654,-0.1984536732318548,BUGGY,D,RHYME_D: Range_Bound_Neutral,0.02184581474349795,High,True,-0.013230244882123654,-0.1984536732318548,FIXED,False,False,False
2024-09-13,D,RHYME_D: Range_Bound_Neutral,0.0,Low,False,-0.006075549662345359,-0.09113324493518038,BUGGY,D,RHYME_D: Range_Bound_Neutral,0.02179169791673406,High,True,-0.006075549662345359,-0.09113324493518038,FIXED,False,False,False
2024-09-16,D,RHYME_D: Range_Bound_Neutral,0.0,Low,False,-0.0006027553776881689,-0.009041330665322533,BUGGY,D,RHYME_D: Range_Bound_Neutral,0.021704065680763666,High,True,-0.0006027553776881689,-0.009041330665322533,FIXED,False,False,False
2024-09-17,D,RHYME_D: Range_Bound_Neutral,0.0,Low,False,0.0052786745680768465,0.0791801185211527,BUGGY,D,RHYME_D: Range_Bound_Neutral,0.021629458969570615,High,True,0.0052786745680768465,0.0791801185211527,FIXED,False,False,False
2024-09-18,C,RHYME_C: Steady_Bullish_Growth,0.0,Low,False,0.009698751492766444,0.14548127239149666,BUGGY,A,RHYME_A: Euphoric_Volatility,0.021524528406534935,High,True,0.009698751492766444,0.14548127239149666,FIXED,True,True,False
2024-09-19,C,RHYME_C: Steady_Bullish_Growth,0.0,Low,False,0.015669531708219386,0.2350429756232908,BUGGY,A,RHYME_A: Euphoric_Volatility,0.021568217215135597,High,True,0.015669531708219386,0.2350429756232908,FIXED,True,True,False
2024-09-20,C,RHYME_C: Steady_Bullish_Growth,0.0,Low,False,0.018091706973629273,0.2713756046044391,BUGGY,A,RHYME_A: Euphoric_Volatility,0.02151999643170607,High,True,0.018091706973629273,0.2713756046044391,FIXED,True,True,False
2024-09-23,C,RHYME_C: Steady_Bullish_Growth,0.0,Low,False,0.020918791735812015,0.3137818760371802,BUGGY,A,RHYME_A: Euphoric_Volatility,0.021437684332991567,High,True,0.020918791735812015,0.3137818760371802,FIXED,True,True,False
2024-09-24,C,RHYME_C: Steady_Bullish_Growth,0.0,Low,False,0.023986415056471477,0.35979622584707216,BUGGY,A,RHYME_A: Euphoric_Volatility,0.021415014187995834,High,True,0.023986415056471477,0.35979622584707216,FIXED,True,True,False
2024-09-25,C,RHYME_C: Steady_Bullish_Growth,0.0,Low,False,0.026137909564730277,0.39206864347095416,BUGGY,A,RHYME_A: Euphoric_Volatility,0.021361049894806344,High,True,0.026137909564730277,0.39206864347095416,FIXED,True,True,False
2024-09-26,C,RHYME_C: Steady_Bullish_Growth,0.0,Low,False,0.02543469337598392,0.3815204006397588,BUGGY,A,RHYME_A: Euphoric_Volatility,0.021394562535534227,High,True,0.02543469337598392,0.3815204006397588,FIXED,True,True,False
2024-09-27,C,RHYME_C: Steady_Bullish_Growth,0.0,Low,False,0.026078354531604564,0.39117531797406846,BUGGY,A,RHYME_A: Euphoric_Volatility,0.02131191405973565,High,True,0.026078354531604564,0.39117531797406846,FIXED,True,True,False
2024-09-30,C,RHYME_C: Steady_Bullish_Growth,0.0,Low,False,0.02657778602378058,0.3986667903567087,BUGGY,A,RHYME_A: Euphoric_Volatility,0.021213144456215176,High,True,0.02657778602378058,0.3986667903567087,FIXED,True,True,False
2024-10-01,C,RHYME_C: Steady_Bullish_Growth,0.0,Low,False,0.02402277072810488,0.3603415609215732,BUGGY,A,RHYME_A: Euphoric_Volatility,0.021207946796715147,High,True,0.02402277072810488,0.3603415609215732,FIXED,True,True,False
2024-10-02,C,RHYME_C: Steady_Bullish_Growth,0.0,Low,False,0.023019883604604052,0.3452982540690608,BUGGY,A,RHYME_A: Euphoric_Volatility,0.021145421913572642,High,True,0.023019883604604052,0.3452982540690608,FIXED,True,True,False
2024-10-03,C,RHYME_C: Steady_Bullish_Growth,0.0,Low,False,0.019156690761533923,0.28735036142300885,BUGGY,A,RHYME_A: Euphoric_Volatility,0.021101213317730752,High,True,0.019156690761533923,0.28735036142300885,FIXED,True,True,False
2024-10-04,C,RHYME_C: Steady_Bullish_Growth,0.0,Low,False,0.015879263213147254,0.23818894819720882,BUGGY,A,RHYME_A: Euphoric_Volatility,0.021067439699873382,High,True,0.015879263213147254,0.23818894819720882,FIXED,True,True,False
2024-10-07,C,RHYME_C: Steady_Bullish_Growth,0.0,Low,False,0.011248339185441214,0.1687250877816182,BUGGY,A,RHYME_A: Euphoric_Volatility,0.021085051556994104,High,True,0.011248339185441214,0.1687250877816182,FIXED,True,True,False
2024-10-08,C,RHYME_C: Steady_Bullish_Growth,0.0,Low,False,0.008450640666827214,0.1267596100024082,BUGGY,A,RHYME_A: Euphoric_Volatility,0.021053567698747753,High,True,0.008450640666827214,0.1267596100024082,FIXED,True,True,False
2024-10-09,D,RHYME_D: Range_Bound_Neutral,0.0,Low,False,0.007536288216136278,0.11304432324204416,BUGGY,D,RHYME_D: Range_Bound_Neutral,0.020989189819560283,High,True,0.007536288216136278,0.11304432324204416,FIXED,False,False,False
2024-10-10,D,RHYME_D: Range_Bound_Neutral,0.0,Low,False,0.007719524097974606,0.11579286146961909,BUGGY,D,RHYME_D: Range_Bound_Neutral,0.020946651707653828,High,True,0.007719524097974606,0.11579286146961909,FIXED,False,False,False
2024-10-11,D,RHYME_D: Range_Bound_Neutral,0.0,Low,False,0.00824547530608033,0.12368212959120495,BUGGY,D,RHYME_D: Range_Bound_Neutral,0.020939726822149007,High,True,0.00824547530608033,0.12368212959120495,FIXED,False,False,False
2024-10-14,D,RHYME_D: Range_Bound_Neutral,0.0,Low,False,0.012497868859748573,0.1874680328962286,BUGGY,D,RHYME_D: Range_Bound_Neutral,0.020868960684305618,High,True,0.012497868859748573,0.1874680328962286,FIXED,False,False,False
2024-10-15,D,RHYME_D: Range_Bound_Neutral,0.0,Low,False,0.015211923025854723,0.22817884538782085,BUGGY,D,RHYME_D: Range_Bound_Neutral,0.020903017754398418,High,True,0.015211923025854723,0.22817884538782085,FIXED,False,False,False
2024-10-16,D,RHYME_D: Range_Bound_Neutral,0.0,Low,False,0.017335728468793166,0.2600359270318975,BUGGY,D,RHYME_D: Range_Bound_Neutral,0.020863806231726203,High,True,0.017335728468793166,0.2600359270318975,FIXED,False,False,False
2024-10-17,D,RHYME_D: Range_Bound_Neutral,0.0,Low,False,0.020271440795087692,0.3040716119263154,BUGGY,D,RHYME_D: Range_Bound_Neutral,0.020850996786768283,High,True,0.020271440795087692,0.3040716119263154,FIXED,False,False,False
2024-10-18,D,RHYME_D: Range_Bound_Neutral,0.0,Low,False,0.020725735188891425,0.3108860278333714,BUGGY,D,RHYME_D: Range_Bound_Neutral,0.020812311804658677,High,True,0.020725735188891425,0.3108860278333714,FIXED,False,False,False
2024-10-21,C,RHYME_C: Steady_Bullish_Growth,0.0,Low,False,0.017966124020188046,0.2694918603028207,BUGGY,A,RHYME_A: Euphoric_Volatility,0.020785838510014518,High,True,0.017966124020188046,0.2694918603028207,FIXED,True,True,False
2024-10-22,C,RHYME_C: Steady_Bullish_Growth,0.0,Low,False,0.01622882240006951,0.24343233600104264,BUGGY,A,RHYME_A: Euphoric_Volatility,0.02080897160399987,High,True,0.01622882240006951,0.24343233600104264,FIXED,True,True,False
2024-10-23,C,RHYME_C: Steady_Bullish_Growth,0.0,Low,False,0.01099796725468516,0.1649695088202774,BUGGY,A,RHYME_A: Euphoric_Volatility,0.020784745362357485,High,True,0.01099796725468516,0.1649695088202774,FIXED,True,True,False
2024-10-24,C,RHYME_C: Steady_Bullish_Growth,0.0,Low,False,0.006837032354809036,0.10255548532213554,BUGGY,A,RHYME_A: Euphoric_Volatility,0.02083332228085429,High,True,0.006837032354809036,0.10255548532213554,FIXED,True,True,False
2024-10-25,C,RHYME_C: Steady_Bullish_Growth,0.0,Low,False,0.0009245321420741082,0.013867982131111622,BUGGY,A,RHYME_A: Euphoric_Volatility,0.02081758225663536,High,True,0.0009245321420741082,0.013867982131111622,FIXED,True,True,False
2024-10-28,C,RHYME_C: Steady_Bullish_Growth,0.0,Low,False,-0.0012297737677618992,-0.018446606516428488,BUGGY,A,RHYME_A: Euphoric_Volatility,0.020764056827002764,High,True,-0.0012297737677618992,-0.018446606516428488,FIXED,True,True,False
2024-10-29,C,RHYME_C: Steady_Bullish_Growth,0.0,Low,False,-0.0035309304583833745,-0.05296395687575062,BUGGY,A,RHYME_A: Euphoric_Volatility,0.020832688239448133,High,True,-0.0035309304583833745,-0.05296395687575062,FIXED,True,True,False
2024-10-30,C,RHYME_C: Steady_Bullish_Growth,0.0,Low,False,-0.005035710942398519,-0.07553566413597779,BUGGY,A,RHYME_A: Euphoric_Volatility,0.02086760860439862,High,True,-0.005035710942398519,-0.07553566413597779,FIXED,True,True,False
2024-10-31,D,RHYME_D: Range_Bound_Neutral,0.0,Low,False,-0.008861716593418278,-0.13292574890127418,BUGGY,D,RHYME_D: Range_Bound_Neutral,0.021020007179747682,High,True,-0.008861716593418278,-0.13292574890127418,FIXED,False,False,False
2024-11-01,D,RHYME_D: Range_Bound_Neutral,0.0,Low,False,-0.010622280148830598,-0.15933420223245898,BUGGY,D,RHYME_D: Range_Bound_Neutral,0.021014021233016315,High,True,-0.010622280148830598,-0.15933420223245898,FIXED,False,False,False
2024-11-04,D,RHYME_D: Range_Bound_Neutral,0.0,Low,False,-0.01457214870574386,-0.2185822305861579,BUGGY,D,RHYME_D: Range_Bound_Neutral,0.0210105710000935,High,True,-0.01457214870574386,-0.2185822305861579,FIXED,False,False,False
2024-11-05,D,RHYME_D: Range_Bound_Neutral,0.0,Low,False,-0.015101478370463273,-0.2265221755569491,BUGGY,D,RHYME_D: Range_Bound_Neutral,0.02102931308548848,High,True,-0.015101478370463273,-0.2265221755569491,FIXED,False,False,False
2024-11-06,D,RHYME_D: Range_Bound_Neutral,0.0,Low,False,-0.008994856032407017,-0.13492284048610526,BUGGY,D,RHYME_D: Range_Bound_Neutral,0.02175522470282232,High,True,-0.008994856032407017,-0.13492284048610526,FIXED,False,False,False
2024-11-07,D,RHYME_D: Range_Bound_Neutral,0.0,Low,False,0.00035142852958647275,0.005271427943797091,BUGGY,D,RHYME_D: Range_Bound_Neutral,0.02177992966253555,High,True,0.00035142852958647275,0.005271427943797091,FIXED,False,False,False
2024-11-08,D,RHYME_D: Range_Bound_Neutral,0.0,Low,False,0.011664631201153464,0.17496946801730195,BUGGY,D,RHYME_D: Range_Bound_Neutral,0.02193201288026088,High,True,0.011664631201153464,0.17496946801730195,FIXED,False,False,False
2024-11-11,D,RHYME_D: Range_Bound_Neutral,0.0,Low,False,0.025006363486097083,0.37509545229145624,BUGGY,D,RHYME_D: Range_Bound_Neutral,0.02195253925770635,High,True,0.025006363486097083,0.37509545229145624,FIXED,False,False,False
2024-11-12,C,RHYME_C: Steady_Bullish_Growth,0.0,Low,False,0.032917531194766037,0.49376296792149055,BUGGY,A,RHYME_A: Euphoric_Volatility,0.0219551342626585,High,True,0.032917531194766037,0.49376296792149055,FIXED,True,True,False
2024-11-13,C,RHYME_C: Steady_Bullish_Growth,0.0,Low,False,0.03420806906279883,0.5131210359419824,BUGGY,A,RHYME_A: Euphoric_Volatility,0.021912960884506654,High,True,0.03420806906279883,0.5131210359419824,FIXED,True,True,False
2024-11-14,C,RHYME_C: Steady_Bullish_Growth,0.0,Low,False,0.03269297800665005,0.4903946700997508,BUGGY,A,RHYME_A: Euphoric_Volatility,0.021911077357006557,High,True,0.03269297800665005,0.4903946700997508,FIXED,True,True,False
2024-11-15,C,RHYME_C: Steady_Bullish_Growth,0.0,Low,False,0.027727855459963147,0.4159178318994472,BUGGY,A,RHYME_A: Euphoric_Volatility,0.02192935326542547,High,True,0.027727855459963147,0.4159178318994472,FIXED,True,True,False
2024-11-18,C,RHYME_C: Steady_Bullish_Growth,0.0,Low,False,0.021181655615710726,0.3177248342356609,BUGGY,A,RHYME_A: Euphoric_Volatility,0.021891810269496447,High,True,0.021181655615710726,0.3177248342356609,FIXED,True,True,False
2024-11-19,C,RHYME_C: Steady_Bullish_Growth,0.0,Low,False,0.01687410343426654,0.2531115515139981,BUGGY,A,RHYME_A: Euphoric_Volatility,0.02187262507521401,High,True,0.01687410343426654,0.2531115515139981,FIXED,True,True,False
2024-11-20,C,RHYME_C: Steady_Bullish_Growth,0.0,Low,False,0.012170304723134961,0.18255457084702442,BUGGY,A,RHYME_A: Euphoric_Volatility,0.02184413053523719,High,True,0.012170304723134961,0.18255457084702442,FIXED,True,True,False
2024-11-21,C,RHYME_C: Steady_Bullish_Growth,0.0,Low,False,0.01290625488266417,0.19359382323996255,BUGGY,A,RHYME_A: Euphoric_Volatility,0.021890437117684094,High,True,0.01290625488266417,0.19359382323996255,FIXED,True,True,False
2024-11-22,C,RHYME_C: Steady_Bullish_Growth,0.0,Low,False,0.01739130243574949,0.26086953653624234,BUGGY,A,RHYME_A: Euphoric_Volatility,0.021857548764050876,High,True,0.01739130243574949,0.26086953653624234,FIXED,True,True,False
2024-11-25,C,RHYME_C: Steady_Bullish_Growth,0.0,Low,False,0.022834421268637328,0.3425163190295599,BUGGY,A,RHYME_A: Euphoric_Volatility,0.021858617430350585,High,True,0.022834421268637328,0.3425163190295599,FIXED,True,True,False
2024-11-26,C,RHYME_C: Steady_Bullish_Growth,0.0,Low,False,0.027651544938916306,0.4147731740837446,BUGGY,A,RHYME_A: Euphoric_Volatility,0.021810498727765748,High,True,0.027651544938916306,0.4147731740837446,FIXED,True,True,False
2024-11-27,C,RHYME_C: Steady_Bullish_Growth,0.0,Low,False,0.031758993357464016,0.47638490036196024,BUGGY,A,RHYME_A: Euphoric_Volatility,0.0217614157117634,High,True,0.031758993357464016,0.47638490036196024,FIXED,True,True,False
2024-11-29,C,RHYME_C: Steady_Bullish_Growth,0.0,Low,False,0.03197893976433619,0.47968409646504284,BUGGY,A,RHYME_A: Euphoric_Volatility,0.021695327876769664,High,True,0.03197893976433619,0.47968409646504284,FIXED,True,True,False
2024-12-02,C,RHYME_C: Steady_Bullish_Growth,0.0,Low,False,0.029354210577449358,0.44031315866174037,BUGGY,A,RHYME_A: Euphoric_Volatility,0.021693289002147797,High,True,0.029354210577449358,0.44031315866174037,FIXED,True,True,False
2024-12-03,C,RHYME_C: Steady_Bullish_Growth,0.0,Low,False,0.023891753468363808,0.3583763020254571,BUGGY,A,RHYME_A: Euphoric_Volatility,0.02164782267845129,High,True,0.023891753468363808,0.3583763020254571,FIXED,True,True,False
2024-12-04,C,RHYME_C: Steady_Bullish_Growth,0.0,Low,False,0.020390776292822377,0.30586164439233565,BUGGY,A,RHYME_A: Euphoric_Volatility,0.021654582315719758,High,True,0.020390776292822377,0.30586164439233565,FIXED,True,True,False
2024-12-05,C,RHYME_C: Steady_Bullish_Growth,0.0,Low,False,0.01761982814734253,0.26429742221013797,BUGGY,A,RHYME_A: Euphoric_Volatility,0.021628234894059822,High,True,0.01761982814734253,0.26429742221013797,FIXED,True,True,False
2024-12-06,C,RHYME_C: Steady_Bullish_Growth,0.0,Low,False,0.014398856903760748,0.21598285355641123,BUGGY,A,RHYME_A: Euphoric_Volatility,0.021597707315419837,High,True,0.014398856903760748,0.21598285355641123,FIXED,True,True,False
2024-12-09,C,RHYME_C: Steady_Bullish_Growth,0.0,Low,False,0.010927664235060197,0.16391496352590296,BUGGY,A,RHYME_A: Euphoric_Volatility,0.021630435985181665,High,True,0.010927664235060197,0.16391496352590296,FIXED,True,True,False
2024-12-10,D,RHYME_D: Range_Bound_Neutral,0.0,Low,False,0.007225513105828529,0.10838269658742794,BUGGY,D,RHYME_D: Range_Bound_Neutral,0.021612488834050213,High,True,0.007225513105828529,0.10838269658742794,FIXED,False,False,False
2024-12-11,D,RHYME_D: Range_Bound_Neutral,0.0,Low,False,0.002676635299386998,0.04014952949080497,BUGGY,D,RHYME_D: Range_Bound_Neutral,0.021593147394815992,High,True,0.002676635299386998,0.04014952949080497,FIXED,False,False,False
2024-12-12,D,RHYME_D: Range_Bound_Neutral,0.0,Low,False,-0.0014071291200292713,-0.02110693680043907,BUGGY,D,RHYME_D: Range_Bound_Neutral,0.021567108807760017,High,True,-0.0014071291200292713,-0.02110693680043907,FIXED,False,False,False
2024-12-13,D,RHYME_D: Range_Bound_Neutral,0.0,Low,False,-0.00660826259374192,-0.0991239389061288,BUGGY,D,RHYME_D: Range_Bound_Neutral,0.0215660985110548,High,True,-0.00660826259374192,-0.0991239389061288,FIXED,False,False,False
2024-12-16,D,RHYME_D: Range_Bound_Neutral,0.0,Low,False,-0.010986707620491698,-0.16480061430737547,BUGGY,D,RHYME_D: Range_Bound_Neutral,0.02156314591979267,High,True,-0.010986707620491698,-0.16480061430737547,FIXED,False,False,False
2024-12-17,D,RHYME_D: Range_Bound_Neutral,0.0,Low,False,-0.014396449295487002,-0.21594673943230502,BUGGY,D,RHYME_D: Range_Bound_Neutral,0.021533577726736846,High,True,-0.014396449295487002,-0.21594673943230502,FIXED,False,False,False
2024-12-18,D,RHYME_D: Range_Bound_Neutral,0.0,Low,False,-0.024998946223422025,-0.3749841933513304,BUGGY,D,RHYME_D: Range_Bound_Neutral,0.02175040081032217,High,True,-0.024998946223422025,-0.3749841933513304,FIXED,False,False,False
2024-12-19,D,RHYME_D: Range_Bound_Neutral,0.0,Low,False,-0.034899410075648785,-0.5234911511347318,BUGGY,D,RHYME_D: Range_Bound_Neutral,0.021733553467358318,High,True,-0.034899410075648785,-0.5234911511347318,FIXED,False,False,False
2024-12-20,E,RHYME_E: Steady_Bearish_Decline,0.0,Low,False,-0.040911003964438586,-0.6136650594665788,BUGGY,B,RHYME_B: Panic_Volatility,0.021735113494034963,High,True,-0.040911003964438586,-0.6136650594665788,FIXED,True,True,False
2024-12-23,E,RHYME_E: Steady_Bearish_Decline,0.0,Low,False,-0.04536126037048838,-0.6804189055573256,BUGGY,B,RHYME_B: Panic_Volatility,0.021693264858727305,High,True,-0.04536126037048838,-0.6804189055573256,FIXED,True,True,False
2024-12-24,E,RHYME_E: Steady_Bearish_Decline,0.0,Low,False,-0.04590757790800115,-0.6886136686200173,BUGGY,B,RHYME_B: Panic_Volatility,0.02163646919575421,High,True,-0.04590757790800115,-0.6886136686200173,FIXED,True,True,False
2024-12-26,E,RHYME_E: Steady_Bearish_Decline,0.0,Low,False,-0.03737895921623313,-0.560684388243497,BUGGY,B,RHYME_B: Panic_Volatility,0.021576264295972706,High,True,-0.03737895921623313,-0.560684388243497,FIXED,True,True,False
2024-12-27,E,RHYME_E: Steady_Bearish_Decline,0.0,Low,False,-0.029178845848744528,-0.4376826877311679,BUGGY,B,RHYME_B: Panic_Volatility,0.021525024472324798,High,True,-0.029178845848744528,-0.4376826877311679,FIXED,True,True,False
2024-12-30,E,RHYME_E: Steady_Bearish_Decline,0.0,Low,False,-0.026051132210434425,-0.39076698315651637,BUGGY,B,RHYME_B: Panic_Volatility,0.02148435375096357,High,True,-0.026051132210434425,-0.39076698315651637,FIXED,True,True,False
2024-12-31,E,RHYME_E: Steady_Bearish_Decline,0.0,Low,False,-0.02402172045373585,-0.36032580680603776,BUGGY,B,RHYME_B: Panic_Volatility,0.02142660023490482,High,True,-0.02402172045373585,-0.36032580680603776,FIXED,True,True,False
2025-01-02,E,RHYME_E: Steady_Bearish_Decline,0.0,Low,False,-0.02442216327557567,-0.36633244913363505,BUGGY,B,RHYME_B: Panic_Volatility,0.021385295267303275,High,True,-0.02442216327557567,-0.36633244913363505,FIXED,True,True,False
2025-01-03,E,RHYME_E: Steady_Bearish_Decline,0.0,Low,False,-0.023012075664661347,-0.3451811349699202,BUGGY,B,RHYME_B: Panic_Volatility,0.02136188670200652,High,True,-0.023012075664661347,-0.3451811349699202,FIXED,True,True,False
2025-01-06,E,RHYME_E: Steady_Bearish_Decline,0.0,Low,False,-0.01965092488081066,-0.2947638732121599,BUGGY,B,RHYME_B: Panic_Volatility,0.021364115423939862,High,True,-0.01965092488081066,-0.2947638732121599,FIXED,True,True,False
2025-01-07,E,RHYME_E: Steady_Bearish_Decline,0.0,Low,False,-0.014654127429043595,-0.21981191143565393,BUGGY,B,RHYME_B: Panic_Volatility,0.021333967568701623,High,True,-0.014654127429043595,-0.21981191143565393,FIXED,True,True,False
2025-01-08,E,RHYME_E: Steady_Bearish_Decline,0.0,Low,False,-0.009721023376366378,-0.14581535064549567,BUGGY,B,RHYME_B: Panic_Volatility,0.021292904555405584,High,True,-0.009721023376366378,-0.14581535064549567,FIXED,True,True,False
2025-01-10,E,RHYME_E: Steady_Bearish_Decline,0.0,Low,False,-0.008017526062562341,-0.12026289093843512,BUGGY,B,RHYME_B: Panic_Volatility,0.02133199603789082,High,True,-0.008017526062562341,-0.12026289093843512,FIXED,True,True,False
2025-01-13,D,RHYME_D: Range_Bound_Neutral,0.0,Low,False,-0.007620873715572851,-0.11431310573359277,BUGGY,D,RHYME_D: Range_Bound_Neutral,0.021340160203912648,High,True,-0.007620873715572851,-0.11431310573359277,FIXED,False,False,False
2025-01-14,D,RHYME_D: Range_Bound_Neutral,0.0,Low,False,-0.006255581868208959,-0.09383372802313439,BUGGY,D,RHYME_D: Range_Bound_Neutral,0.021319553564765153,High,True,-0.006255581868208959,-0.09383372802313439,FIXED,False,False,False
2025-01-15,D,RHYME_D: Range_Bound_Neutral,0.0,Low,False,-0.0008214792069887178,-0.012322188104830767,BUGGY,D,RHYME_D: Range_Bound_Neutral,0.02133706675359153,High,True,-0.0008214792069887178,-0.012322188104830767,FIXED,False,False,False
2025-01-16,D,RHYME_D: Range_Bound_Neutral,0.0,Low,False,0.005277995165433147,0.0791699274814972,BUGGY,D,RHYME_D: Range_Bound_Neutral,0.021322218268748135,High,True,0.005277995165433147,0.0791699274814972,FIXED,False,False,False
2025-01-17,D,RHYME_D: Range_Bound_Neutral,0.0,Low,False,0.015851003581093925,0.23776505371640888,BUGGY,D,RHYME_D: Range_Bound_Neutral,0.02129346256386131,High,True,0.015851003581093925,0.23776505371640888,FIXED,False,False,False
2025-01-21,D,RHYME_D: Range_Bound_Neutral,0.0,Low,False,0.02489958203251219,0.37349373048768286,BUGGY,D,RHYME_D: Range_Bound_Neutral,0.02132024973507201,High,True,0.02489958203251219,0.37349373048768286,FIXED,False,False,False
2025-01-22,D,RHYME_D: Range_Bound_Neutral,0.0,Low,False,0.03080067931260677,0.46201018968910157,BUGGY,D,RHYME_D: Range_Bound_Neutral,0.021332409654498626,High,True,0.03080067931260677,0.46201018968910157,FIXED,False,False,False
2025-01-23,D,RHYME_D: Range_Bound_Neutral,0.0,Low,False,0.034806243492623734,0.522093652389356,BUGGY,D,RHYME_D: Range_Bound_Neutral,0.021316399147480465,High,True,0.034806243492623734,0.522093652389356,FIXED,False,False,False
2025-01-24,C,RHYME_C: Steady_Bullish_Growth,0.0,Low,False,0.036963427683484484,0.5544514152522673,BUGGY,A,RHYME_A: Euphoric_Volatility,0.021282770091552373,High,True,0.036963427683484484,0.5544514152522673,FIXED,True,True,False
2025-01-27,C,RHYME_C: Steady_Bullish_Growth,0.0,Low,False,0.03836360646787851,0.5754540970181776,BUGGY,A,RHYME_A: Euphoric_Volatility,0.021419585039432393,High,True,0.03836360646787851,0.5754540970181776,FIXED,True,True,False
2025-01-28,C,RHYME_C: Steady_Bullish_Growth,0.0,Low,False,0.03594658572703979,0.5391987859055969,BUGGY,A,RHYME_A: Euphoric_Volatility,0.021441851990586045,High,True,0.03594658572703979,0.5391987859055969,FIXED,True,True,False
2025-01-29,C,RHYME_C: Steady_Bullish_Growth,0.0,Low,False,0.033313628044594035,0.4997044206689105,BUGGY,A,RHYME_A: Euphoric_Volatility,0.021434803647705527,High,True,0.033313628044594035,0.4997044206689105,FIXED,True,True,False
2025-01-30,C,RHYME_C: Steady_Bullish_Growth,0.0,Low,False,0.0308016090411658,0.462024135617487,BUGGY,A,RHYME_A: Euphoric_Volatility,0.02147186736914679,High,True,0.0308016090411658,0.462024135617487,FIXED,True,True,False
2025-01-31,C,RHYME_C: Steady_Bullish_Growth,0.0,Low,False,0.02747276131546017,0.41209141973190255,BUGGY,A,RHYME_A: Euphoric_Volatility,0.021457642504728272,High,True,0.02747276131546017,0.41209141973190255,FIXED,True,True,False
2025-02-03,C,RHYME_C: Steady_Bullish_Growth,0.0,Low,False,0.023035701647703855,0.3455355247155578,BUGGY,A,RHYME_A: Euphoric_Volatility,0.021443949190136747,High,True,0.023035701647703855,0.3455355247155578,FIXED,True,True,False
2025-02-04,C,RHYME_C: Steady_Bullish_Growth,0.0,Low,False,0.02095627274686085,0.31434409120291273,BUGGY,A,RHYME_A: Euphoric_Volatility,0.02146345011344221,High,True,0.02095627274686085,0.31434409120291273,FIXED,True,True,False
2025-02-05,C,RHYME_C: Steady_Bullish_Growth,0.0,Low,False,0.02097863996804672,0.3146795995207008,BUGGY,A,RHYME_A: Euphoric_Volatility,0.02145090841984402,High,True,0.02097863996804672,0.3146795995207008,FIXED,True,True,False
2025-02-06,C,RHYME_C: Steady_Bullish_Growth,0.0,Low,False,0.017508699987162535,0.262630499807438,BUGGY,A,RHYME_A: Euphoric_Volatility,0.021482100604047576,High,True,0.017508699987162535,0.262630499807438,FIXED,True,True,False
2025-02-07,C,RHYME_C: Steady_Bullish_Growth,0.0,Low,False,0.014938213041663762,0.22407319562495642,BUGGY,A,RHYME_A: Euphoric_Volatility,0.021470695162237163,High,True,0.014938213041663762,0.22407319562495642,FIXED,True,True,False
2025-02-10,C,RHYME_C: Steady_Bullish_Growth,0.0,Low,False,0.014160763911434504,0.21241145867151756,BUGGY,A,RHYME_A: Euphoric_Volatility,0.021483447116394272,High,True,0.014160763911434504,0.21241145867151756,FIXED,True,True,False
2025-02-11,C,RHYME_C: Steady_Bullish_Growth,0.0,Low,False,0.01197181582102691,0.17957723731540365,BUGGY,A,RHYME_A: Euphoric_Volatility,0.021468803726381092,High,True,0.01197181582102691,0.17957723731540365,FIXED,True,True,False
2025-02-12,C,RHYME_C: Steady_Bullish_Growth,0.0,Low,False,0.008126688437149143,0.12190032655723715,BUGGY,A,RHYME_A: Euphoric_Volatility,0.021478259691455254,High,True,0.008126688437149143,0.12190032655723715,FIXED,True,True,False
2025-02-13,D,RHYME_D: Range_Bound_Neutral,0.0,Low,False,0.007786120634017291,0.11679180951025936,BUGGY,D,RHYME_D: Range_Bound_Neutral,0.021507217444220888,High,True,0.007786120634017291,0.11679180951025936,FIXED,False,False,False
2025-02-14,D,RHYME_D: Range_Bound_Neutral,0.0,Low,False,0.008917007912043529,0.13375511868065293,BUGGY,D,RHYME_D: Range_Bound_Neutral,0.02150248623301939,High,True,0.008917007912043529,0.13375511868065293,FIXED,False,False,False
2025-02-18,D,RHYME_D: Range_Bound_Neutral,0.0,Low,False,0.010035524576907928,0.15053286865361892,BUGGY,D,RHYME_D: Range_Bound_Neutral,0.02150094462373445,High,True,0.010035524576907928,0.15053286865361892,FIXED,False,False,False
2025-02-19,D,RHYME_D: Range_Bound_Neutral,0.0,Low,False,0.012148886847417995,0.18223330271126992,BUGGY,D,RHYME_D: Range_Bound_Neutral,0.021517566152631565,High,True,0.012148886847417995,0.18223330271126992,FIXED,False,False,False
2025-02-20,D,RHYME_D: Range_Bound_Neutral,0.0,Low,False,0.01381761677534521,0.20726425163017814,BUGGY,D,RHYME_D: Range_Bound_Neutral,0.021511056164203943,High,True,0.01381761677534521,0.20726425163017814,FIXED,False,False,False
2025-02-21,D,RHYME_D: Range_Bound_Neutral,0.0,Low,False,0.009290942520725487,0.1393641378108823,BUGGY,D,RHYME_D: Range_Bound_Neutral,0.023470582456990272,High,True,0.009290942520725487,0.1393641378108823,FIXED,False,False,False
2025-02-22,D,RHYME_D: Range_Bound_Neutral,0.0,Low,False,0.005187522231121289,0.07781283346681933,BUGGY,D,RHYME_D: Range_Bound_Neutral,0.022753135283743373,High,True,0.005187522231121289,0.07781283346681933,FIXED,False,False,False
2025-02-23,D,RHYME_D: Range_Bound_Neutral,0.0,Low,False,-0.0009546691761274095,-0.014320037641911143,BUGGY,D,RHYME_D: Range_Bound_Neutral,0.022441113912553982,High,True,-0.0009546691761274095,-0.014320037641911143,FIXED,False,False,False
2025-02-24,D,RHYME_D: Range_Bound_Neutral,0.0,Low,False,-0.0075980984800959606,-0.11397147720143941,BUGGY,D,RHYME_D: Range_Bound_Neutral,0.023855738639925156,High,True,-0.0075980984800959606,-0.11397147720143941,FIXED,False,False,False
2025-02-25,E,RHYME_E: Steady_Bearish_Decline,0.0,Low,False,-0.015421173964430657,-0.23131760946645985,BUGGY,B,RHYME_B: Panic_Volatility,0.023591252698743716,High,True,-0.015421173964430657,-0.23131760946645985,FIXED,True,True,False
2025-02-26,E,RHYME_E: Steady_Bearish_Decline,0.0,Low,False,-0.016376458654968284,-0.24564687982452427,BUGGY,B,RHYME_B: Panic_Volatility,0.02340682082928249,High,True,-0.016376458654968284,-0.24564687982452427,FIXED,True,True,False
2025-02-27,E,RHYME_E: Steady_Bearish_Decline,0.0,Low,False,-0.019894262823815012,-0.2984139423572252,BUGGY,B,RHYME_B: Panic_Volatility,0.023241664405164893,High,True,-0.019894262823815012,-0.2984139423572252,FIXED,True,True,False
2025-02-28,E,RHYME_E: Steady_Bearish_Decline,0.0,Low,False,-0.021483963219460445,-0.32225944829190667,BUGGY,B,RHYME_B: Panic_Volatility,0.023095424748217012,High,True,-0.021483963219460445,-0.32225944829190667,FIXED,True,True,False
2025-03-01,E,RHYME_E: Steady_Bearish_Decline,0.0,Low,False,-0.01977104271252128,-0.2965656406878192,BUGGY,B,RHYME_B: Panic_Volatility,0.02293605030793008,High,True,-0.01977104271252128,-0.2965656406878192,FIXED,True,True,False
2025-03-02,E,RHYME_E: Steady_Bearish_Decline,0.0,Low,False,-0.01614463627819296,-0.24216954417289438,BUGGY,B,RHYME_B: Panic_Volatility,0.024101294245347998,High,True,-0.01614463627819296,-0.24216954417289438,FIXED,True,True,False
2025-03-03,E,RHYME_E: Steady_Bearish_Decline,0.0,Low,False,-0.016835017139095076,-0.25252525708642615,BUGGY,B,RHYME_B: Panic_Volatility,0.02479884010354986,High,True,-0.016835017139095076,-0.25252525708642615,FIXED,True,True,False
2025-03-04,E,RHYME_E: Steady_Bearish_Decline,0.0,Low,False,-0.01868003526617512,-0.2802005289926268,BUGGY,B,RHYME_B: Panic_Volatility,0.024727793801765294,High,True,-0.01868003526617512,-0.2802005289926268,FIXED,True,True,False
2025-03-05,E,RHYME_E: Steady_Bearish_Decline,0.0,Low,False,-0.020517773774185177,-0.30776660661277766,BUGGY,B,RHYME_B: Panic_Volatility,0.02474815050783823,High,True,-0.020517773774185177,-0.30776660661277766,FIXED,True,True,False
2025-03-06,E,RHYME_E: Steady_Bearish_Decline,0.0,Low,False,-0.02531119125248038,-0.3796678687872057,BUGGY,B,RHYME_B: Panic_Volatility,0.02465105246888886,High,True,-0.02531119125248038,-0.3796678687872057,FIXED,True,True,False
2025-03-07,E,RHYME_E: Steady_Bearish_Decline,0.0,Low,False,-0.03183303989984343,-0.47749559849765144,BUGGY,B,RHYME_B: Panic_Volatility,0.02454177446472694,High,True,-0.03183303989984343,-0.47749559849765144,FIXED,True,True,False
2025-03-08,E,RHYME_E: Steady_Bearish_Decline,0.0,Low,False,-0.031687738771333684,-0.47531608157000527,BUGGY,B,RHYME_B: Panic_Volatility,0.02435998580545159,High,True,-0.031687738771333684,-0.47531608157000527,FIXED,True,True,False
2025-03-09,E,RHYME_E: Steady_Bearish_Decline,0.0,Low,False,-0.02974319412175186,-0.4461479118262779,BUGGY,B,RHYME_B: Panic_Volatility,0.024509828486080472,High,True,-0.02974319412175186,-0.4461479118262779,FIXED,True,True,False
2025-03-10,E,RHYME_E: Steady_Bearish_Decline,0.0,Low,False,-0.034614381793278914,-0.5192157268991837,BUGGY,B,RHYME_B: Panic_Volatility,0.024543970678802315,High,True,-0.034614381793278914,-0.5192157268991837,FIXED,True,True,False
2025-03-11,E,RHYME_E: Steady_Bearish_Decline,0.0,Low,False,-0.03648818117831676,-0.5473227176747514,BUGGY,B,RHYME_B: Panic_Volatility,0.024552148733836723,High,True,-0.03648818117831676,-0.5473227176747514,FIXED,True,True,False
2025-03-12,E,RHYME_E: Steady_Bearish_Decline,0.0,Low,False,-0.039441602067079584,-0.5916240310061938,BUGGY,B,RHYME_B: Panic_Volatility,0.02447693740404423,High,True,-0.039441602067079584,-0.5916240310061938,FIXED,True,True,False
2025-03-13,E,RHYME_E: Steady_Bearish_Decline,0.0,Low,False,-0.045749820130575825,-0.6862473019586374,BUGGY,B,RHYME_B: Panic_Volatility,0.024413605879981492,High,True,-0.045749820130575825,-0.6862473019586374,FIXED,True,True,False
2025-03-14,E,RHYME_E: Steady_Bearish_Decline,0.0,Low,False,-0.04627214012669656,-0.6940821019004484,BUGGY,B,RHYME_B: Panic_Volatility,0.02442636562974775,High,True,-0.04627214012669656,-0.6940821019004484,FIXED,True,True,False
2025-03-15,E,RHYME_E: Steady_Bearish_Decline,0.0,Low,False,-0.04098529220599001,-0.6147793830898501,BUGGY,B,RHYME_B: Panic_Volatility,0.024308117001310598,High,True,-0.04098529220599001,-0.6147793830898501,FIXED,True,True,False
2025-03-16,E,RHYME_E: Steady_Bearish_Decline,0.0,Low,False,-0.03529408877642071,-0.5294113316463106,BUGGY,B,RHYME_B: Panic_Volatility,0.024192374849046103,High,True,-0.03529408877642071,-0.5294113316463106,FIXED,True,True,False
2025-03-17,E,RHYME_E: Steady_Bearish_Decline,0.0,Low,False,-0.027240670646148657,-0.40861005969222985,BUGGY,B,RHYME_B: Panic_Volatility,0.024136145594450563,High,True,-0.027240670646148657,-0.40861005969222985,FIXED,True,True,False
2025-03-18,E,RHYME_E: Steady_Bearish_Decline,0.0,Low,False,-0.017450686107235325,-0.26176029160852987,BUGGY,B,RHYME_B: Panic_Volatility,0.024037437538932033,High,True,-0.017450686107235325,-0.26176029160852987,FIXED,True,True,False
2025-03-19,E,RHYME_E: Steady_Bearish_Decline,0.0,Low,False,-0.011406627460288976,-0.17109941190433464,BUGGY,B,RHYME_B: Panic_Volatility,0.024011768743585404,High,True,-0.011406627460288976,-0.17109941190433464,FIXED,True,True,False
2025-03-20,D,RHYME_D: Range_Bound_Neutral,0.0,Low,False,-0.005825571578421229,-0.08738357367631844,BUGGY,D,RHYME_D: Range_Bound_Neutral,0.023919176546068528,High,True,-0.005825571578421229,-0.08738357367631844,FIXED,False,False,False
2025-03-21,D,RHYME_D: Range_Bound_Neutral,0.0,Low,False,-0.0004720551333167178,-0.007080826999750767,BUGGY,D,RHYME_D: Range_Bound_Neutral,0.02383617189982431,High,True,-0.0004720551333167178,-0.007080826999750767,FIXED,False,False,False
2025-03-22,D,RHYME_D: Range_Bound_Neutral,0.0,Low,False,0.0018409002308832356,0.027613503463248534,BUGGY,D,RHYME_D: Range_Bound_Neutral,0.023732366844960807,High,True,0.0018409002308832356,0.027613503463248534,FIXED,False,False,False
2025-03-23,D,RHYME_D: Range_Bound_Neutral,0.0,Low,False,0.004632532803984235,0.06948799205976353,BUGGY,D,RHYME_D: Range_Bound_Neutral,0.02363321345036366,High,True,0.004632532803984235,0.06948799205976353,FIXED,False,False,False
2025-03-24,D,RHYME_D: Range_Bound_Neutral,0.0,Low,False,0.007109678619459547,0.10664517929189321,BUGGY,D,RHYME_D: Range_Bound_Neutral,0.02363313574579715,High,True,0.007109678619459547,0.10664517929189321,FIXED,False,False,False
2025-03-25,D,RHYME_D: Range_Bound_Neutral,0.0,Low,False,0.011573968907808041,0.17360953361712061,BUGGY,D,RHYME_D: Range_Bound_Neutral,0.023568552319044783,High,True,0.011573968907808041,0.17360953361712061,FIXED,False,False,False
2025-03-26,D,RHYME_D: Range_Bound_Neutral,0.0,Low,False,0.01487480857359369,0.22312212860390535,BUGGY,D,RHYME_D: Range_Bound_Neutral,0.023515172058945454,High,True,0.01487480857359369,0.22312212860390535,FIXED,False,False,False
2025-03-27,D,RHYME_D: Range_Bound_Neutral,0.0,Low,False,0.017811294172835,0.267169412592525,BUGGY,D,RHYME_D: Range_Bound_Neutral,0.023466683877997756,High,True,0.017811294172835,0.267169412592525,FIXED,False,False,False
2025-03-28,C,RHYME_C: Steady_Bullish_Growth,0.0,Low,False,0.0167696185403583,0.2515442781053745,BUGGY,A,RHYME_A: Euphoric_Volatility,0.02348504890141021,High,True,0.0167696185403583,0.2515442781053745,FIXED,True,True,False
2025-03-29,C,RHYME_C: Steady_Bullish_Growth,0.0,Low,False,0.009774295814215739,0.14661443721323608,BUGGY,A,RHYME_A: Euphoric_Volatility,0.023412421259387375,High,True,0.009774295814215739,0.14661443721323608,FIXED,True,True,False
2025-03-30,C,RHYME_C: Steady_Bullish_Growth,0.0,Low,False,0.0013453003332217772,0.02017950499832666,BUGGY,A,RHYME_A: Euphoric_Volatility,0.023326695341421174,High,True,0.0013453003332217772,0.02017950499832666,FIXED,True,True,False
2025-03-31,C,RHYME_C: Steady_Bullish_Growth,0.0,Low,False,-0.004029455079272437,-0.060441826189086556,BUGGY,A,RHYME_A: Euphoric_Volatility,0.023421797007418185,High,True,-0.004029455079272437,-0.060441826189086556,FIXED,True,True,False
2025-04-01,C,RHYME_C: Steady_Bullish_Growth,0.0,Low,False,-0.008142214717921759,-0.12213322076882638,BUGGY,A,RHYME_A: Euphoric_Volatility,0.023384246803355956,High,True,-0.008142214717921759,-0.12213322076882638,FIXED,True,True,False
2025-04-02,C,RHYME_C: Steady_Bullish_Growth,0.0,Low,False,-0.007276186146434993,-0.1091427921965249,BUGGY,A,RHYME_A: Euphoric_Volatility,0.023369565206475342,High,True,-0.007276186146434993,-0.1091427921965249,FIXED,True,True,False
2025-04-03,C,RHYME_C: Steady_Bullish_Growth,0.0,Low,False,-0.013832743617477994,-0.2074911542621699,BUGGY,A,RHYME_A: Euphoric_Volatility,0.023838927483818356,High,True,-0.013832743617477994,-0.2074911542621699,FIXED,True,True,False
2025-04-04,C,RHYME_C: Steady_Bullish_Growth,0.0,Low,False,-0.030292919286389552,-0.4543937892958433,BUGGY,A,RHYME_A: Euphoric_Volatility,0.024279518619340138,High,True,-0.030292919286389552,-0.4543937892958433,FIXED,True,True,False
2025-04-05,E,RHYME_E: Steady_Bearish_Decline,0.0,Low,False,-0.04922800610732536,-0.7384200916098804,BUGGY,B,RHYME_B: Panic_Volatility,0.02419530243758053,High,True,-0.04922800610732536,-0.7384200916098804,FIXED,True,True,False
2025-04-06,E,RHYME_E: Steady_Bearish_Decline,0.0,Low,False,-0.06905233978532865,-1.0,BUGGY,B,RHYME_B: Panic_Volatility,0.024246191316629993,High,True,-0.06905233978532865,-1.0,FIXED,True,True,False
2025-04-07,E,RHYME_E: Steady_Bearish_Decline,0.0,Low,False,-0.09161147177720308,-1.0,BUGGY,B,RHYME_B: Panic_Volatility,0.024231849915661106,High,True,-0.09161147177720308,-1.0,FIXED,True,True,False
2025-04-08,E,RHYME_E: Steady_Bearish_Decline,0.0,Low,False,-0.10466929932298219,-1.0,BUGGY,B,RHYME_B: Panic_Volatility,0.024247656371414808,High,True,-0.10466929932298219,-1.0,FIXED,True,True,False
2025-04-09,E,RHYME_E: Steady_Bearish_Decline,0.0,Low,False,-0.09000692576338931,-1.0,BUGGY,B,RHYME_B: Panic_Volatility,0.02525220581431728,High,True,-0.09000692576338931,-1.0,FIXED,True,True,False
2025-04-10,E,RHYME_E: Steady_Bearish_Decline,0.0,Low,False,-0.081499240734903,-1.0,BUGGY,B,RHYME_B: Panic_Volatility,0.025379507625319375,High,True,-0.081499240734903,-1.0,FIXED,True,True,False
2025-04-11,E,RHYME_E: Steady_Bearish_Decline,0.0,Low,False,-0.06810092876724105,-1.0,BUGGY,B,RHYME_B: Panic_Volatility,0.02537432003152931,High,True,-0.06810092876724105,-1.0,FIXED,True,True,False
2025-04-12,E,RHYME_E: Steady_Bearish_Decline,0.0,Low,False,-0.05238939819648514,-0.7858409729472771,BUGGY,B,RHYME_B: Panic_Volatility,0.02532585264498247,High,True,-0.05238939819648514,-0.7858409729472771,FIXED,True,True,False
2025-04-13,E,RHYME_E: Steady_Bearish_Decline,0.0,Low,False,-0.03089532643497639,-0.46342989652464583,BUGGY,B,RHYME_B: Panic_Volatility,0.025255184515344836,High,True,-0.03089532643497639,-0.46342989652464583,FIXED,True,True,False
2025-04-14,E,RHYME_E: Steady_Bearish_Decline,0.0,Low,False,-0.02749744173897206,-0.4124616260845809,BUGGY,B,RHYME_B: Panic_Volatility,0.025210093402227653,High,True,-0.02749744173897206,-0.4124616260845809,FIXED,True,True,False
2025-04-15,E,RHYME_E: Steady_Bearish_Decline,0.0,Low,False,-0.016265664469770957,-0.24398496704656436,BUGGY,B,RHYME_B: Panic_Volatility,0.02515572868998621,High,True,-0.016265664469770957,-0.24398496704656436,FIXED,True,True,False
2025-04-16,E,RHYME_E: Steady_Bearish_Decline,0.0,Low,False,-0.011642348004818004,-0.17463522007227006,BUGGY,B,RHYME_B: Panic_Volatility,0.02511767241466415,High,True,-0.011642348004818004,-0.17463522007227006,FIXED,True,True,False
2025-04-17,D,RHYME_D: Range_Bound_Neutral,0.0,Low,False,-0.00766374400339398,-0.1149561600509097,BUGGY,D,RHYME_D: Range_Bound_Neutral,0.025111160278059822,High,True,-0.00766374400339398,-0.1149561600509097,FIXED,False,False,False
2025-04-18,D,RHYME_D: Range_Bound_Neutral,0.0,Low,False,-0.003173876044213819,-0.04760814066320729,BUGGY,D,RHYME_D: Range_Bound_Neutral,0.025037342538246462,High,True,-0.003173876044213819,-0.04760814066320729,FIXED,False,False,False
2025-04-19,D,RHYME_D: Range_Bound_Neutral,0.0,Low,False,-0.0010382067043847032,-0.015573100565770548,BUGGY,D,RHYME_D: Range_Bound_Neutral,0.02497960222335858,High,True,-0.0010382067043847032,-0.015573100565770548,FIXED,False,False,False
2025-04-20,D,RHYME_D: Range_Bound_Neutral,0.0,Low,False,0.0024779698510815074,0.03716954776622261,BUGGY,D,RHYME_D: Range_Bound_Neutral,0.024907433543680843,High,True,0.0024779698510815074,0.03716954776622261,FIXED,False,False,False
2025-04-21,D,RHYME_D: Range_Bound_Neutral,0.0,Low,False,0.005489824823302181,0.08234737234953271,BUGGY,D,RHYME_D: Range_Bound_Neutral,0.024908087968205272,High,True,0.005489824823302181,0.08234737234953271,FIXED,False,False,False
2025-04-22,D,RHYME_D: Range_Bound_Neutral,0.0,Low,False,0.012251165214182125,0.18376747821273187,BUGGY,D,RHYME_D: Range_Bound_Neutral,0.0249954128265989,High,True,0.012251165214182125,0.18376747821273187,FIXED,False,False,False
2025-04-23,D,RHYME_D: Range_Bound_Neutral,0.0,Low,False,0.017935139400797384,0.26902709101196076,BUGGY,D,RHYME_D: Range_Bound_Neutral,0.024973444246860044,High,True,0.017935139400797384,0.26902709101196076,FIXED,False,False,False
2025-04-24,D,RHYME_D: Range_Bound_Neutral,0.0,Low,False,0.023219044834556835,0.3482856725183525,BUGGY,D,RHYME_D: Range_Bound_Neutral,0.024984046195255426,High,True,0.023219044834556835,0.3482856725183525,FIXED,False,False,False
2025-04-25,C,RHYME_C: Steady_Bullish_Growth,0.0,Low,False,0.028504634012959107,0.4275695101943866,BUGGY,A,RHYME_A: Euphoric_Volatility,0.02493917661793461,High,True,0.028504634012959107,0.4275695101943866,FIXED,True,True,False
2025-04-26,C,RHYME_C: Steady_Bullish_Growth,0.0,Low,False,0.03866587707185554,0.579988156077833,BUGGY,A,RHYME_A: Euphoric_Volatility,0.02487256249055268,High,True,0.03866587707185554,0.579988156077833,FIXED,True,True,False
2025-04-27,C,RHYME_C: Steady_Bullish_Growth,0.0,Low,False,0.04090994376495383,0.6136491564743074,BUGGY,A,RHYME_A: Euphoric_Volatility,0.024815839366337654,High,True,0.04090994376495383,0.6136491564743074,FIXED,True,True,False
2025-04-28,C,RHYME_C: Steady_Bullish_Growth,0.0,Low,False,0.039474800824133016,0.5921220123619952,BUGGY,A,RHYME_A: Euphoric_Volatility,0.02476532859100174,High,True,0.039474800824133016,0.5921220123619952,FIXED,True,True,False
2025-04-29,C,RHYME_C: Steady_Bullish_Growth,0.0,Low,False,0.03948582822574531,0.5922874233861797,BUGGY,A,RHYME_A: Euphoric_Volatility,0.024731366392929416,High,True,0.03948582822574531,0.5922874233861797,FIXED,True,True,False
2025-04-30,C,RHYME_C: Steady_Bullish_Growth,0.0,Low,False,0.03664687668896871,0.5497031503345307,BUGGY,A,RHYME_A: Euphoric_Volatility,0.024693869524216615,High,True,0.03664687668896871,0.5497031503345307,FIXED,True,True,False
2025-05-01,C,RHYME_C: Steady_Bullish_Growth,0.0,Low,False,0.03523129237043987,0.5284693855565981,BUGGY,A,RHYME_A: Euphoric_Volatility,0.024669535824434857,High,True,0.03523129237043987,0.5284693855565981,FIXED,True,True,False
2025-05-02,C,RHYME_C: Steady_Bullish_Growth,0.0,Low,False,0.03823404359971505,0.5735106539957258,BUGGY,A,RHYME_A: Euphoric_Volatility,0.024662234688355263,High,True,0.03823404359971505,0.5735106539957258,FIXED,True,True,False
2025-05-03,C,RHYME_C: Steady_Bullish_Growth,0.0,Low,False,0.039370594920159485,0.5905589238023923,BUGGY,A,RHYME_A: Euphoric_Volatility,0.024604804101229283,High,True,0.039370594920159485,0.5905589238023923,FIXED,True,True,False
2025-05-04,C,RHYME_C: Steady_Bullish_Growth,0.0,Low,False,0.039658725068246525,0.5948808760236979,BUGGY,A,RHYME_A: Euphoric_Volatility,0.02454534645970324,High,True,0.039658725068246525,0.5948808760236979,FIXED,True,True,False
2025-05-05,C,RHYME_C: Steady_Bullish_Growth,0.0,Low,False,0.03930920373187208,0.5896380559780812,BUGGY,A,RHYME_A: Euphoric_Volatility,0.024503348270320413,High,True,0.03930920373187208,0.5896380559780812,FIXED,True,True,False
2025-05-06,C,RHYME_C: Steady_Bullish_Growth,0.0,Low,False,0.03635513174764049,0.5453269762146074,BUGGY,A,RHYME_A: Euphoric_Volatility,0.024481070940445878,High,True,0.03635513174764049,0.5453269762146074,FIXED,True,True,False
2025-05-07,C,RHYME_C: Steady_Bullish_Growth,0.0,Low,False,0.030491171698734387,0.4573675754810158,BUGGY,A,RHYME_A: Euphoric_Volatility,0.024818091840719356,High,True,0.030491171698734387,0.4573675754810158,FIXED,True,True,False
2025-05-08,C,RHYME_C: Steady_Bullish_Growth,0.0,Low,False,0.028314007028138466,0.424710105422077,BUGGY,A,RHYME_A: Euphoric_Volatility,0.024948972765072876,High,True,0.028314007028138466,0.424710105422077,FIXED,True,True,False
2025-05-09,C,RHYME_C: Steady_Bullish_Growth,0.0,Low,False,0.027057441060727383,0.40586161591091074,BUGGY,A,RHYME_A: Euphoric_Volatility,0.024927162373477665,High,True,0.027057441060727383,0.40586161591091074,FIXED,True,True,False
2025-05-10,C,RHYME_C: Steady_Bullish_Growth,0.0,Low,False,0.02821799491274346,0.4232699236911519,BUGGY,A,RHYME_A: Euphoric_Volatility,0.02497821087202635,High,True,0.02821799491274346,0.4232699236911519,FIXED,True,True,False
2025-05-11,C,RHYME_C: Steady_Bullish_Growth,0.0,Low,False,0.029416463477389465,0.441246952160842,BUGGY,A,RHYME_A: Euphoric_Volatility,0.02495490016909614,High,True,0.029416463477389465,0.441246952160842,FIXED,True,True,False
2025-05-12,C,RHYME_C: Steady_Bullish_Growth,0.0,Low,False,0.03544846580333805,0.5317269870500707,BUGGY,A,RHYME_A: Euphoric_Volatility,0.025050284141189236,High,True,0.03544846580333805,0.5317269870500707,FIXED,True,True,False
2025-05-13,C,RHYME_C: Steady_Bullish_Growth,0.0,Low,False,0.039177667571166364,0.5876650135674955,BUGGY,A,RHYME_A: Euphoric_Volatility,0.025056648078736823,High,True,0.039177667571166364,0.5876650135674955,FIXED,True,True,False
2025-05-14,C,RHYME_C: Steady_Bullish_Growth,0.0,Low,False,0.042561284440633784,0.6384192666095068,BUGGY,A,RHYME_A: Euphoric_Volatility,0.025033205172520844,High,True,0.042561284440633784,0.6384192666095068,FIXED,True,True,False
2025-05-15,C,RHYME_C: Steady_Bullish_Growth,0.0,Low,False,0.04500641113997972,0.6750961670996958,BUGGY,A,RHYME_A: Euphoric_Volatility,0.025039776742112167,High,True,0.04500641113997972,0.6750961670996958,FIXED,True,True,False
2025-05-16,C,RHYME_C: Steady_Bullish_Growth,0.0,Low,False,0.049353511201891465,0.740302668028372,BUGGY,A,RHYME_A: Euphoric_Volatility,0.02502832659983865,High,True,0.049353511201891465,0.740302668028372,FIXED,True,True,False
2025-05-17,C,RHYME_C: Steady_Bullish_Growth,0.0,Low,False,0.046206886599730046,0.6931032989959507,BUGGY,A,RHYME_A: Euphoric_Volatility,0.024983388167522498,High,True,0.046206886599730046,0.6931032989959507,FIXED,True,True,False
2025-05-18,C,RHYME_C: Steady_Bullish_Growth,0.0,Low,False,0.04257483364127945,0.6386225046191918,BUGGY,A,RHYME_A: Euphoric_Volatility,0.024936848514656707,High,True,0.04257483364127945,0.6386225046191918,FIXED,True,True,False
2025-05-19,C,RHYME_C: Steady_Bullish_Growth,0.0,Low,False,0.040393122527329295,0.6058968379099394,BUGGY,A,RHYME_A: Euphoric_Volatility,0.024894816035628042,High,True,0.040393122527329295,0.6058968379099394,FIXED,True,True,False
2025-05-20,C,RHYME_C: Steady_Bullish_Growth,0.0,Low,False,0.03687593953956836,0.5531390930935254,BUGGY,A,RHYME_A: Euphoric_Volatility,0.02484840425072237,High,True,0.03687593953956836,0.5531390930935254,FIXED,True,True,False
2025-05-21,C,RHYME_C: Steady_Bullish_Growth,0.0,Low,False,0.028022864692018645,0.4203429703802797,BUGGY,A,RHYME_A: Euphoric_Volatility,0.024852607686674424,High,True,0.028022864692018645,0.4203429703802797,FIXED,True,True,False
2025-05-22,C,RHYME_C: Steady_Bullish_Growth,0.0,Low,False,0.02141901224256082,0.3212851836384123,BUGGY,A,RHYME_A: Euphoric_Volatility,0.024830915175990887,High,True,0.02141901224256082,0.3212851836384123,FIXED,True,True,False
2025-05-23,C,RHYME_C: Steady_Bullish_Growth,0.0,Low,False,0.01287425500770678,0.1931138251156017,BUGGY,A,RHYME_A: Euphoric_Volatility,0.024819774630331113,High,True,0.01287425500770678,0.1931138251156017,FIXED,True,True,False
2025-05-24,D,RHYME_D: Range_Bound_Neutral,0.0,Low,False,0.004820533625633061,0.07230800438449592,BUGGY,D,RHYME_D: Range_Bound_Neutral,0.024834074527737456,High,True,0.004820533625633061,0.07230800438449592,FIXED,False,False,False
2025-05-25,D,RHYME_D: Range_Bound_Neutral,0.0,Low,False,-0.0030287226922521837,-0.045430840383782756,BUGGY,D,RHYME_D: Range_Bound_Neutral,0.024749706415364236,High,True,-0.0030287226922521837,-0.045430840383782756,FIXED,False,False,False
2025-05-26,D,RHYME_D: Range_Bound_Neutral,0.0,Low,False,-0.006286310606278267,-0.094294659094174,BUGGY,D,RHYME_D: Range_Bound_Neutral,0.024677137298368883,High,True,-0.006286310606278267,-0.094294659094174,FIXED,False,False,False
2025-05-27,D,RHYME_D: Range_Bound_Neutral,0.0,Low,False,-0.006177476245144975,-0.09266214367717462,BUGGY,D,RHYME_D: Range_Bound_Neutral,0.024657996975584996,High,True,-0.006177476245144975,-0.09266214367717462,FIXED,False,False,False
2025-05-28,D,RHYME_D: Range_Bound_Neutral,0.0,Low,False,-0.005665145033452834,-0.08497717550179251,BUGGY,D,RHYME_D: Range_Bound_Neutral,0.02464002032637115,High,True,-0.005665145033452834,-0.08497717550179251,FIXED,False,False,False
2025-05-29,D,RHYME_D: Range_Bound_Neutral,0.0,Low,False,-0.0048258516124836115,-0.07238777418725417,BUGGY,D,RHYME_D: Range_Bound_Neutral,0.024618797807826515,High,True,-0.0048258516124836115,-0.07238777418725417,FIXED,False,False,False
2025-05-30,D,RHYME_D: Range_Bound_Neutral,0.0,Low,False,-0.004250968501532726,-0.06376452752299089,BUGGY,D,RHYME_D: Range_Bound_Neutral,0.02461210874778996,High,True,-0.004250968501532726,-0.06376452752299089,FIXED,False,False,False
2025-05-31,D,RHYME_D: Range_Bound_Neutral,0.0,Low,False,-0.0036560809891436064,-0.054841214837154095,BUGGY,D,RHYME_D: Range_Bound_Neutral,0.024551452501283544,High,True,-0.0036560809891436064,-0.054841214837154095,FIXED,False,False,False
2025-06-01,D,RHYME_D: Range_Bound_Neutral,0.0,Low,False,-0.005875420287858257,-0.08813130431787386,BUGGY,D,RHYME_D: Range_Bound_Neutral,0.024491068064229904,High,True,-0.005875420287858257,-0.08813130431787386,FIXED,False,False,False
2025-06-02,D,RHYME_D: Range_Bound_Neutral,0.0,Low,False,-0.0043038279759783915,-0.06455741963967587,BUGGY,D,RHYME_D: Range_Bound_Neutral,0.024471142366186215,High,True,-0.0043038279759783915,-0.06455741963967587,FIXED,False,False,False
2025-06-03,D,RHYME_D: Range_Bound_Neutral,0.0,Low,False,-0.0020323250969596085,-0.030484876454394128,BUGGY,D,RHYME_D: Range_Bound_Neutral,0.02443837919854681,High,True,-0.0020323250969596085,-0.030484876454394128,FIXED,False,False,False
2025-06-04,D,RHYME_D: Range_Bound_Neutral,0.0,Low,False,0.0009994232495056377,0.014991348742584565,BUGGY,D,RHYME_D: Range_Bound_Neutral,0.024405916155401847,High,True,0.0009994232495056377,0.014991348742584565,FIXED,False,False,False
2025-06-05,D,RHYME_D: Range_Bound_Neutral,0.0,Low,False,0.003401749373757257,0.05102624060635885,BUGGY,D,RHYME_D: Range_Bound_Neutral,0.024391744863379892,High,True,0.003401749373757257,0.05102624060635885,FIXED,False,False,False
2025-06-06,D,RHYME_D: Range_Bound_Neutral,0.0,Low,False,0.008023184774581082,0.12034777161871624,BUGGY,D,RHYME_D: Range_Bound_Neutral,0.024363262500014003,High,True,0.008023184774581082,0.12034777161871624,FIXED,False,False,False
2025-06-07,C,RHYME_C: Steady_Bullish_Growth,0.0,Low,False,0.01149037247124074,0.1723555870686111,BUGGY,A,RHYME_A: Euphoric_Volatility,0.02431655879905015,High,True,0.01149037247124074,0.1723555870686111,FIXED,True,True,False
2025-06-08,C,RHYME_C: Steady_Bullish_Growth,0.0,Low,False,0.013030714310741542,0.19546071466112314,BUGGY,A,RHYME_A: Euphoric_Volatility,0.02426360473501567,High,True,0.013030714310741542,0.19546071466112314,FIXED,True,True,False
2025-06-09,C,RHYME_C: Steady_Bullish_Growth,0.0,Low,False,0.01584714249864083,0.23770713747961247,BUGGY,A,RHYME_A: Euphoric_Volatility,0.02424844489275067,High,True,0.01584714249864083,0.23770713747961247,FIXED,True,True,False
2025-06-10,C,RHYME_C: Steady_Bullish_Growth,0.0,Low,False,0.019768912213200318,0.29653368319800477,BUGGY,A,RHYME_A: Euphoric_Volatility,0.024234996326727067,High,True,0.019768912213200318,0.29653368319800477,FIXED,True,True,False
2025-06-11,C,RHYME_C: Steady_Bullish_Growth,0.0,Low,False,0.020009198614654666,0.30013797921982,BUGGY,A,RHYME_A: Euphoric_Volatility,0.02420951276016591,High,True,0.020009198614654666,0.30013797921982,FIXED,True,True,False
2025-06-12,C,RHYME_C: Steady_Bullish_Growth,0.0,Low,False,0.019302006192726928,0.2895300928909039,BUGGY,A,RHYME_A: Euphoric_Volatility,0.02419195670997114,High,True,0.019302006192726928,0.2895300928909039,FIXED,True,True,False
2025-06-13,C,RHYME_C: Steady_Bullish_Growth,0.0,Low,False,0.016385382209942234,0.2457807331491335,BUGGY,A,RHYME_A: Euphoric_Volatility,0.024184916138266826,High,True,0.016385382209942234,0.2457807331491335,FIXED,True,True,False
2025-06-14,C,RHYME_C: Steady_Bullish_Growth,0.0,Low,False,0.012144648539887948,0.18216972809831922,BUGGY,A,RHYME_A: Euphoric_Volatility,0.02413488341365033,High,True,0.012144648539887948,0.18216972809831922,FIXED,True,True,False
2025-06-15,D,RHYME_D: Range_Bound_Neutral,0.0,Low,False,0.0064761423841595,0.0971421357623925,BUGGY,D,RHYME_D: Range_Bound_Neutral,0.0240854217022483,High,True,0.0064761423841595,0.0971421357623925,FIXED,False,False,False
2025-06-16,D,RHYME_D: Range_Bound_Neutral,0.0,Low,False,0.004454786428123025,0.06682179642184538,BUGGY,D,RHYME_D: Range_Bound_Neutral,0.024065690790245176,High,True,0.004454786428123025,0.06682179642184538,FIXED,False,False,False
2025-06-17,D,RHYME_D: Range_Bound_Neutral,0.0,Low,False,0.0006643112314901334,0.009964668472352,BUGGY,D,RHYME_D: Range_Bound_Neutral,0.02404979656535285,High,True,0.0006643112314901334,0.009964668472352,FIXED,False,False,False
2025-06-18,D,RHYME_D: Range_Bound_Neutral,0.0,Low,False,0.0002635492145413032,0.003953238218119548,BUGGY,D,RHYME_D: Range_Bound_Neutral,0.02402149120695435,High,True,0.0002635492145413032,0.003953238218119548,FIXED,False,False,False
2025-06-19,D,RHYME_D: Range_Bound_Neutral,0.0,Low,False,-9.086563190507935e-05,-0.0013629844785761902,BUGGY,D,RHYME_D: Range_Bound_Neutral,0.023973276228773578,High,True,-9.086563190507935e-05,-0.0013629844785761902,FIXED,False,False,False
2025-06-20,D,RHYME_D: Range_Bound_Neutral,0.0,Low,False,-0.0007610317071679029,-0.011415475607518544,BUGGY,D,RHYME_D: Range_Bound_Neutral,0.02395222976588026,High,True,-0.0007610317071679029,-0.011415475607518544,FIXED,False,False,False
2025-06-21,D,RHYME_D: Range_Bound_Neutral,0.0,Low,False,-0.0038539119877103456,-0.057808679815655184,BUGGY,D,RHYME_D: Range_Bound_Neutral,0.023909955722356185,High,True,-0.0038539119877103456,-0.057808679815655184,FIXED,False,False,False
2025-06-22,D,RHYME_D: Range_Bound_Neutral,0.0,Low,False,-0.005031395740573208,-0.07547093610859812,BUGGY,D,RHYME_D: Range_Bound_Neutral,0.02386461517223955,High,True,-0.005031395740573208,-0.07547093610859812,FIXED,False,False,False
2025-06-23,D,RHYME_D: Range_Bound_Neutral,0.0,Low,False,-0.004026456882212148,-0.060396853233182224,BUGGY,D,RHYME_D: Range_Bound_Neutral,0.023889402101321,High,True,-0.004026456882212148,-0.060396853233182224,FIXED,False,False,False
2025-06-24,D,RHYME_D: Range_Bound_Neutral,0.0,Low,False,-0.0011269216853774244,-0.016903825280661366,BUGGY,D,RHYME_D: Range_Bound_Neutral,0.023877535610503323,High,True,-0.0011269216853774244,-0.016903825280661366,FIXED,False,False,False
2025-06-25,D,RHYME_D: Range_Bound_Neutral,0.0,Low,False,0.0006191873176926155,0.009287809765389232,BUGGY,D,RHYME_D: Range_Bound_Neutral,0.023863432912269965,High,True,0.0006191873176926155,0.009287809765389232,FIXED,False,False,False
2025-06-26,D,RHYME_D: Range_Bound_Neutral,0.0,Low,False,0.005099194593277234,0.07648791889915851,BUGGY,D,RHYME_D: Range_Bound_Neutral,0.023841588436626066,High,True,0.005099194593277234,0.07648791889915851,FIXED,False,False,False
2025-06-27,C,RHYME_C: Steady_Bullish_Growth,0.0,Low,False,0.010963242609218327,0.1644486391382749,BUGGY,A,RHYME_A: Euphoric_Volatility,0.02381803892116782,High,True,0.010963242609218327,0.1644486391382749,FIXED,True,True,False
2025-06-28,C,RHYME_C: Steady_Bullish_Growth,0.0,Low,False,0.01432331768255346,0.2148497652383019,BUGGY,A,RHYME_A: Euphoric_Volatility,0.023775646683243886,High,True,0.01432331768255346,0.2148497652383019,FIXED,True,True,False
2025-06-29,C,RHYME_C: Steady_Bullish_Growth,0.0,Low,False,0.015602308005128851,0.23403462007693276,BUGGY,A,RHYME_A: Euphoric_Volatility,0.02373639743980044,High,True,0.015602308005128851,0.23403462007693276,FIXED,True,True,False
2025-06-30,C,RHYME_C: Steady_Bullish_Growth,0.0,Low,False,0.01958205448783512,0.2937308173175268,BUGGY,A,RHYME_A: Euphoric_Volatility,0.023722498193320868,High,True,0.01958205448783512,0.2937308173175268,FIXED,True,True,False
2025-07-01,C,RHYME_C: Steady_Bullish_Growth,0.0,Low,False,0.022207572927794406,0.3331135939169161,BUGGY,A,RHYME_A: Euphoric_Volatility,0.0237447022474815,High,True,0.022207572927794406,0.3331135939169161,FIXED,True,True,False
2025-07-02,C,RHYME_C: Steady_Bullish_Growth,0.0,Low,False,0.024846112280088706,0.3726916842013306,BUGGY,A,RHYME_A: Euphoric_Volatility,0.02379025528519927,High,True,0.024846112280088706,0.3726916842013306,FIXED,True,True,False
2025-07-03,C,RHYME_C: Steady_Bullish_Growth,0.0,Low,False,0.02767128569073618,0.4150692853610427,BUGGY,A,RHYME_A: Euphoric_Volatility,0.023760682191507166,High,True,0.02767128569073618,0.4150692853610427,FIXED,True,True,False
2025-07-04,C,RHYME_C: Steady_Bullish_Growth,0.0,Low,False,0.029388240748142724,0.44082361122214087,BUGGY,A,RHYME_A: Euphoric_Volatility,0.023723722772904184,High,True,0.029388240748142724,0.44082361122214087,FIXED,True,True,False
2025-07-05,C,RHYME_C: Steady_Bullish_Growth,0.0,Low,False,0.030294082723776317,0.45441124085664475,BUGGY,A,RHYME_A: Euphoric_Volatility,0.023678051198395826,High,True,0.030294082723776317,0.45441124085664475,FIXED,True,True,False
2025-07-06,C,RHYME_C: Steady_Bullish_Growth,0.0,Low,False,0.03085559669304705,0.46283395039570574,BUGGY,A,RHYME_A: Euphoric_Volatility,0.02363629896370251,High,True,0.03085559669304705,0.46283395039570574,FIXED,True,True,False
2025-07-07,C,RHYME_C: Steady_Bullish_Growth,0.0,Low,False,0.027354881024324706,0.4103232153648706,BUGGY,A,RHYME_A: Euphoric_Volatility,0.023614564171483332,High,True,0.027354881024324706,0.4103232153648706,FIXED,True,True,False
2025-07-08,C,RHYME_C: Steady_Bullish_Growth,0.0,Low,False,0.022866474646307644,0.34299711969461466,BUGGY,A,RHYME_A: Euphoric_Volatility,0.023596251231078204,High,True,0.022866474646307644,0.34299711969461466,FIXED,True,True,False
2025-07-09,C,RHYME_C: Steady_Bullish_Growth,0.0,Low,False,0.02026277356556294,0.3039416034834441,BUGGY,A,RHYME_A: Euphoric_Volatility,0.023571455127481062,High,True,0.02026277356556294,0.3039416034834441,FIXED,True,True,False
2025-07-10,C,RHYME_C: Steady_Bullish_Growth,0.0,Low,False,0.019272223815487655,0.2890833572323148,BUGGY,A,RHYME_A: Euphoric_Volatility,0.023571328859337513,High,True,0.019272223815487655,0.2890833572323148,FIXED,True,True,False
2025-07-11,C,RHYME_C: Steady_Bullish_Growth,0.0,Low,False,0.01683370586511468,0.2525055879767202,BUGGY,A,RHYME_A: Euphoric_Volatility,0.02355176447562282,High,True,0.01683370586511468,0.2525055879767202,FIXED,True,True,False
2025-07-12,C,RHYME_C: Steady_Bullish_Growth,0.0,Low,False,0.016667829000825085,0.2500174350123763,BUGGY,A,RHYME_A: Euphoric_Volatility,0.023509778245120704,High,True,0.016667829000825085,0.2500174350123763,FIXED,True,True,False
2025-07-13,C,RHYME_C: Steady_Bullish_Growth,0.0,Low,False,0.016519356512692873,0.2477903476903931,BUGGY,A,RHYME_A: Euphoric_Volatility,0.023467641192027617,High,True,0.016519356512692873,0.2477903476903931,FIXED,True,True,False
2025-07-14,C,RHYME_C: Steady_Bullish_Growth,0.0,Low,False,0.015870767985742384,0.23806151978613577,BUGGY,A,RHYME_A: Euphoric_Volatility,0.02343856163664064,High,True,0.015870767985742384,0.23806151978613577,FIXED,True,True,False
2025-07-15,C,RHYME_C: Steady_Bullish_Growth,0.0,Low,False,0.010603167367461586,0.15904751051192378,BUGGY,A,RHYME_A: Euphoric_Volatility,0.02343458621035505,High,True,0.010603167367461586,0.15904751051192378,FIXED,True,True,False
2025-07-16,C,RHYME_C: Steady_Bullish_Growth,0.0,Low,False,0.008109989852704391,0.12164984779056587,BUGGY,A,RHYME_A: Euphoric_Volatility,0.02340984066230328,High,True,0.008109989852704391,0.12164984779056587,FIXED,True,True,False
2025-07-17,D,RHYME_D: Range_Bound_Neutral,0.0,Low,False,0.007604095442546699,0.11406143163820048,BUGGY,D,RHYME_D: Range_Bound_Neutral,0.023403523042153863,High,True,0.007604095442546699,0.11406143163820048,FIXED,False,False,False
2025-07-18,D,RHYME_D: Range_Bound_Neutral,0.0,Low,False,0.007039091129539488,0.10558636694309231,BUGGY,D,RHYME_D: Range_Bound_Neutral,0.02338192328521403,High,True,0.007039091129539488,0.10558636694309231,FIXED,False,False,False
2025-07-19,D,RHYME_D: Range_Bound_Neutral,0.0,Low,False,0.006487705792845189,0.09731558689267783,BUGGY,D,RHYME_D: Range_Bound_Neutral,0.02334555892470974,High,True,0.006487705792845189,0.09731558689267783,FIXED,False,False,False
2025-07-20,D,RHYME_D: Range_Bound_Neutral,0.0,Low,False,0.009145778906634039,0.13718668359951058,BUGGY,D,RHYME_D: Range_Bound_Neutral,0.02331169890880679,High,True,0.009145778906634039,0.13718668359951058,FIXED,False,False,False
2025-07-21,D,RHYME_D: Range_Bound_Neutral,0.0,Low,False,0.010501639430483989,0.15752459145725983,BUGGY,D,RHYME_D: Range_Bound_Neutral,0.023290813902105606,High,True,0.010501639430483989,0.15752459145725983,FIXED,False,False,False
2025-07-22,D,RHYME_D: Range_Bound_Neutral,0.0,Low,False,0.012203536476029786,0.1830530471404468,BUGGY,D,RHYME_D: Range_Bound_Neutral,0.023342378215453184,High,True,0.012203536476029786,0.1830530471404468,FIXED,False,False,False
2025-07-23,D,RHYME_D: Range_Bound_Neutral,0.0,Low,False,0.014590315057624759,0.21885472586437138,BUGGY,D,RHYME_D: Range_Bound_Neutral,0.023357085551793607,High,True,0.014590315057624759,0.21885472586437138,FIXED,False,False,False
2025-07-24,D,RHYME_D: Range_Bound_Neutral,0.0,Low,False,0.01542152974284261,0.23132294614263915,BUGGY,D,RHYME_D: Range_Bound_Neutral,0.0233604719295102,High,True,0.01542152974284261,0.23132294614263915,FIXED,False,False,False
2025-07-25,C,RHYME_C: Steady_Bullish_Growth,0.0,Low,False,0.016934395409091696,0.25401593113637544,BUGGY,A,RHYME_A: Euphoric_Volatility,0.02333777517269897,High,True,0.016934395409091696,0.25401593113637544,FIXED,True,True,False
2025-07-26,C,RHYME_C: Steady_Bullish_Growth,0.0,Low,False,0.018967139478401673,0.2845070921760251,BUGGY,A,RHYME_A: Euphoric_Volatility,0.02329797340704129,High,True,0.018967139478401673,0.2845070921760251,FIXED,True,True,False
2025-07-27,C,RHYME_C: Steady_Bullish_Growth,0.0,Low,False,0.017961500125555974,0.2694225018833396,BUGGY,A,RHYME_A: Euphoric_Volatility,0.023260293118595704,High,True,0.017961500125555974,0.2694225018833396,FIXED,True,True,False
2025-07-28,C,RHYME_C: Steady_Bullish_Growth,0.0,Low,False,0.015192971487538065,0.22789457231307098,BUGGY,A,RHYME_A: Euphoric_Volatility,0.02325099153524907,High,True,0.015192971487538065,0.22789457231307098,FIXED,True,True,False
2025-07-29,C,RHYME_C: Steady_Bullish_Growth,0.0,Low,False,0.013721324241561472,0.20581986362342208,BUGGY,A,RHYME_A: Euphoric_Volatility,0.023247591118455,High,True,0.013721324241561472,0.20581986362342208,FIXED,True,True,False
2025-07-30,C,RHYME_C: Steady_Bullish_Growth,0.0,Low,False,0.00984899444393772,0.1477349166590658,BUGGY,A,RHYME_A: Euphoric_Volatility,0.023254381455882874,High,True,0.00984899444393772,0.1477349166590658,FIXED,True,True,False
2025-07-31,C,RHYME_C: Steady_Bullish_Growth,0.0,Low,False,0.00302827481730894,0.0454241222596341,BUGGY,A,RHYME_A: Euphoric_Volatility,0.02326589430253322,High,True,0.00302827481730894,0.0454241222596341,FIXED,True,True,False
2025-08-01,C,RHYME_C: Steady_Bullish_Growth,0.0,Low,False,-0.007004690196872998,-0.10507035295309497,BUGGY,A,RHYME_A: Euphoric_Volatility,0.023282260143508066,High,True,-0.007004690196872998,-0.10507035295309497,FIXED,True,True,False
2025-08-02,E,RHYME_E: Steady_Bearish_Decline,0.0,Low,False,-0.015343313740287523,-0.23014970610431285,BUGGY,B,RHYME_B: Panic_Volatility,0.02324484224234535,High,True,-0.015343313740287523,-0.23014970610431285,FIXED,True,True,False
2025-08-03,E,RHYME_E: Steady_Bearish_Decline,0.0,Low,False,-0.022661118096751087,-0.3399167714512663,BUGGY,B,RHYME_B: Panic_Volatility,0.023210182416413788,High,True,-0.022661118096751087,-0.3399167714512663,FIXED,True,True,False
2025-08-04,E,RHYME_E: Steady_Bearish_Decline,0.0,Low,False,-0.02578464846999906,-0.3867697270499859,BUGGY,B,RHYME_B: Panic_Volatility,0.02321750264449485,High,True,-0.02578464846999906,-0.3867697270499859,FIXED,True,True,False
2025-08-05,E,RHYME_E: Steady_Bearish_Decline,0.0,Low,False,-0.025701214942381423,-0.38551822413572134,BUGGY,B,RHYME_B: Panic_Volatility,0.02322006245115746,High,True,-0.025701214942381423,-0.38551822413572134,FIXED,True,True,False
2025-08-06,E,RHYME_E: Steady_Bearish_Decline,0.0,Low,False,-0.02105083833174992,-0.3157625749762488,BUGGY,B,RHYME_B: Panic_Volatility,0.02325125973117823,High,True,-0.02105083833174992,-0.3157625749762488,FIXED,True,True,False
2025-08-07,E,RHYME_E: Steady_Bearish_Decline,0.0,Low,False,-0.01583873748764353,-0.23758106231465292,BUGGY,B,RHYME_B: Panic_Volatility,0.023271614425960818,High,True,-0.01583873748764353,-0.23758106231465292,FIXED,True,True,False
2025-08-08,E,RHYME_E: Steady_Bearish_Decline,0.0,Low,False,-0.010196208998742629,-0.15294313498113943,BUGGY,B,RHYME_B: Panic_Volatility,0.02326427162526095,High,True,-0.010196208998742629,-0.15294313498113943,FIXED,True,True,False
2025-08-09,E,RHYME_E: Steady_Bearish_Decline,0.0,Low,False,-0.008219395474066804,-0.12329093211100206,BUGGY,B,RHYME_B: Panic_Volatility,0.023232808843815775,High,True,-0.008219395474066804,-0.12329093211100206,FIXED,True,True,False
2025-08-10,D,RHYME_D: Range_Bound_Neutral,0.0,Low,False,-0.005780736889604898,-0.08671105334407347,BUGGY,D,RHYME_D: Range_Bound_Neutral,0.02319527600077291,High,True,-0.005780736889604898,-0.08671105334407347,FIXED,False,False,False
2025-08-11,D,RHYME_D: Range_Bound_Neutral,0.0,Low,False,-0.0041189728961548155,-0.06178459344232223,BUGGY,D,RHYME_D: Range_Bound_Neutral,0.023174115602044965,High,True,-0.0041189728961548155,-0.06178459344232223,FIXED,False,False,False
2025-08-12,D,RHYME_D: Range_Bound_Neutral,0.0,Low,False,0.0009136038344736974,0.013704057517105461,BUGGY,D,RHYME_D: Range_Bound_Neutral,0.023193782577675792,High,True,0.0009136038344736974,0.013704057517105461,FIXED,False,False,False
2025-08-13,D,RHYME_D: Range_Bound_Neutral,0.0,Low,False,0.0071183896414799275,0.10677584462219891,BUGGY,D,RHYME_D: Range_Bound_Neutral,0.02319448057413229,High,True,0.0071183896414799275,0.10677584462219891,FIXED,False,False,False
2025-08-14,D,RHYME_D: Range_Bound_Neutral,0.0,Low,False,0.0117985762026529,0.1769786430397935,BUGGY,D,RHYME_D: Range_Bound_Neutral,0.023185915344517343,High,True,0.0117985762026529,0.1769786430397935,FIXED,False,False,False
2025-08-15,D,RHYME_D: Range_Bound_Neutral,0.0,Low,False,0.01622712326579845,0.24340684898697673,BUGGY,D,RHYME_D: Range_Bound_Neutral,0.023173310358230385,High,True,0.01622712326579845,0.24340684898697673,FIXED,False,False,False
2025-08-16,D,RHYME_D: Range_Bound_Neutral,0.0,Low,False,0.02226162615173788,0.3339243922760682,BUGGY,D,RHYME_D: Range_Bound_Neutral,0.023136987843293978,High,True,0.02226162615173788,0.3339243922760682,FIXED,False,False,False
2025-08-17,D,RHYME_D: Range_Bound_Neutral,0.0,Low,False,0.023337406696834595,0.3500611004525189,BUGGY,D,RHYME_D: Range_Bound_Neutral,0.023103870394484808,High,True,0.023337406696834595,0.3500611004525189,FIXED,False,False,False
2025-08-18,C,RHYME_C: Steady_Bullish_Growth,0.0,Low,False,0.020423874924767382,0.30635812387151073,BUGGY,A,RHYME_A: Euphoric_Volatility,0.023079686181019483,High,True,0.020423874924767382,0.30635812387151073,FIXED,True,True,False
2025-08-19,C,RHYME_C: Steady_Bullish_Growth,0.0,Low,False,0.018569680379748377,0.27854520569622565,BUGGY,A,RHYME_A: Euphoric_Volatility,0.02307585878433954,High,True,0.018569680379748377,0.27854520569622565,FIXED,True,True,False
2025-08-20,C,RHYME_C: Steady_Bullish_Growth,0.0,Low,False,0.017196218897629123,0.25794328346443685,BUGGY,A,RHYME_A: Euphoric_Volatility,0.0230605643229686,High,True,0.017196218897629123,0.25794328346443685,FIXED,True,True,False
2025-08-21,C,RHYME_C: Steady_Bullish_Growth,0.0,Low,False,0.013946504071431498,0.20919756107147247,BUGGY,A,RHYME_A: Euphoric_Volatility,0.02303806103229605,High,True,0.013946504071431498,0.20919756107147247,FIXED,True,True,False
2025-08-22,C,RHYME_C: Steady_Bullish_Growth,0.0,Low,False,0.015026893804737096,0.22540340707105644,BUGGY,A,RHYME_A: Euphoric_Volatility,0.023077593020562653,High,True,0.015026893804737096,0.22540340707105644,FIXED,True,True,False
2025-08-23,C,RHYME_C: Steady_Bullish_Growth,0.0,Low,False,0.016748310084774953,0.2512246512716243,BUGGY,A,RHYME_A: Euphoric_Volatility,0.023042219927124668,High,True,0.016748310084774953,0.2512246512716243,FIXED,True,True,False
2025-08-24,C,RHYME_C: Steady_Bullish_Growth,0.0,Low,False,0.019970032812489658,0.29955049218734486,BUGGY,A,RHYME_A: Euphoric_Volatility,0.023007540400111066,High,True,0.019970032812489658,0.29955049218734486,FIXED,True,True,False
2025-08-25,C,RHYME_C: Steady_Bullish_Growth,0.0,Low,False,0.019688415636211376,0.29532623454317064,BUGGY,A,RHYME_A: Euphoric_Volatility,0.023010968370452994,High,True,0.019688415636211376,0.29532623454317064,FIXED,True,True,False
2025-08-26,C,RHYME_C: Steady_Bullish_Growth,0.0,Low,False,0.021439269442828923,0.32158904164243385,BUGGY,A,RHYME_A: Euphoric_Volatility,0.022989126766785918,High,True,0.021439269442828923,0.32158904164243385,FIXED,True,True,False
2025-08-27,C,RHYME_C: Steady_Bullish_Growth,0.0,Low,False,0.0178795856433962,0.268193784650943,BUGGY,A,RHYME_A: Euphoric_Volatility,0.022966066412850338,High,True,0.0178795856433962,0.268193784650943,FIXED,True,True,False
2025-08-28,C,RHYME_C: Steady_Bullish_Growth,0.0,Low,False,0.015324015273106895,0.22986022909660342,BUGGY,A,RHYME_A: Euphoric_Volatility,0.02295036987791385,High,True,0.015324015273106895,0.22986022909660342,FIXED,True,True,False
2025-08-29,C,RHYME_C: Steady_Bullish_Growth,0.0,Low,False,0.012368937545692349,0.18553406318538523,BUGGY,A,RHYME_A: Euphoric_Volatility,0.02293866173907823,High,True,0.012368937545692349,0.18553406318538523,FIXED,True,True,False
2025-08-30,C,RHYME_C: Steady_Bullish_Growth,0.0,Low,False,0.012555733874236141,0.18833600811354212,BUGGY,A,RHYME_A: Euphoric_Volatility,0.022903725299657368,High,True,0.012555733874236141,0.18833600811354212,FIXED,True,True,False
2025-08-31,C,RHYME_C: Steady_Bullish_Growth,0.0,Low,False,0.011057936059980955,0.16586904089971433,BUGGY,A,RHYME_A: Euphoric_Volatility,0.02286915358405121,High,True,0.011057936059980955,0.16586904089971433,FIXED,True,True,False
2025-09-01,C,RHYME_C: Steady_Bullish_Growth,0.0,Low,False,0.009424445346615018,0.14136668019922527,BUGGY,A,RHYME_A: Euphoric_Volatility,0.022835217153653477,High,True,0.009424445346615018,0.14136668019922527,FIXED,True,True,False
2025-09-02,D,RHYME_D: Range_Bound_Neutral,0.0,Low,False,0.006738024232965989,0.10107036349448983,BUGGY,D,RHYME_D: Range_Bound_Neutral,0.02282196439797802,High,True,0.006738024232965989,0.10107036349448983,FIXED,False,False,False
2025-09-03,D,RHYME_D: Range_Bound_Neutral,0.0,Low,False,0.004360807528658084,0.06541211292987126,BUGGY,D,RHYME_D: Range_Bound_Neutral,0.022806312580153563,High,True,0.004360807528658084,0.06541211292987126,FIXED,False,False,False
2025-09-04,D,RHYME_D: Range_Bound_Neutral,0.0,Low,False,0.00262462887988435,0.03936943319826525,BUGGY,D,RHYME_D: Range_Bound_Neutral,0.022793057064520186,High,True,0.00262462887988435,0.03936943319826525,FIXED,False,False,False
2025-09-05,D,RHYME_D: Range_Bound_Neutral,0.0,Low,False,0.0014255741756579177,0.021383612634868765,BUGGY,D,RHYME_D: Range_Bound_Neutral,0.022779854612975655,High,True,0.0014255741756579177,0.021383612634868765,FIXED,False,False,False
2025-09-06,D,RHYME_D: Range_Bound_Neutral,0.0,Low,False,0.00045044979051511724,0.006756746857726759,BUGGY,D,RHYME_D: Range_Bound_Neutral,0.022745883442365708,High,True,0.00045044979051511724,0.006756746857726759,FIXED,False,False,False
2025-09-07,D,RHYME_D: Range_Bound_Neutral,0.0,Low,False,0.0006652139469480733,0.0099782092042211,BUGGY,D,RHYME_D: Range_Bound_Neutral,0.02271339199511362,High,True,0.0006652139469480733,0.0099782092042211,FIXED,False,False,False
2025-09-08,D,RHYME_D: Range_Bound_Neutral,0.0,Low,False,0.0015615259490568967,0.02342288923585345,BUGGY,D,RHYME_D: Range_Bound_Neutral,0.02269647576178483,High,True,0.0015615259490568967,0.02342288923585345,FIXED,False,False,False
2025-09-09,D,RHYME_D: Range_Bound_Neutral,0.0,Low,False,0.0013514441055646476,0.020271661583469713,BUGGY,D,RHYME_D: Range_Bound_Neutral,0.02268976211813858,High,True,0.0013514441055646476,0.020271661583469713,FIXED,False,False,False
2025-09-10,D,RHYME_D: Range_Bound_Neutral,0.0,Low,False,0.0007525925268438982,0.011288887902658473,BUGGY,D,RHYME_D: Range_Bound_Neutral,0.022720815972283887,High,True,0.0007525925268438982,0.011288887902658473,FIXED,False,False,False
2025-09-11,D,RHYME_D: Range_Bound_Neutral,0.0,Low,False,0.004680866797345473,0.0702130019601821,BUGGY,D,RHYME_D: Range_Bound_Neutral,0.022724103129680057,High,True,0.004680866797345473,0.0702130019601821,FIXED,False,False,False
2025-09-12,D,RHYME_D: Range_Bound_Neutral,0.0,Low,False,0.007353717343146826,0.11030576014720239,BUGGY,D,RHYME_D: Range_Bound_Neutral,0.022708156662469513,High,True,0.007353717343146826,0.11030576014720239,FIXED,False,False,False
2025-09-13,D,RHYME_D: Range_Bound_Neutral,0.0,Low,False,0.009509082975059258,0.14263624462588886,BUGGY,D,RHYME_D: Range_Bound_Neutral,0.02267601544453413,High,True,0.009509082975059258,0.14263624462588886,FIXED,False,False,False
2025-09-14,C,RHYME_C: Steady_Bullish_Growth,0.0,Low,False,0.010835802722704901,0.16253704084057352,BUGGY,A,RHYME_A: Euphoric_Volatility,0.022645519143389952,High,True,0.010835802722704901,0.16253704084057352,FIXED,True,True,False
2025-09-15,C,RHYME_C: Steady_Bullish_Growth,0.0,Low,False,0.011836035696398461,0.17754053544597692,BUGGY,A,RHYME_A: Euphoric_Volatility,0.022630824796501883,High,True,0.011836035696398461,0.17754053544597692,FIXED,True,True,False
2025-09-16,C,RHYME_C: Steady_Bullish_Growth,0.0,Low,False,0.009184423881941406,0.1377663582291211,BUGGY,A,RHYME_A: Euphoric_Volatility,0.022615155348942807,High,True,0.009184423881941406,0.1377663582291211,FIXED,True,True,False
2025-09-17,C,RHYME_C: Steady_Bullish_Growth,0.0,Low,False,0.008825180829275858,0.13237771243913787,BUGGY,A,RHYME_A: Euphoric_Volatility,0.022594919290848507,High,True,0.008825180829275858,0.13237771243913787,FIXED,True,True,False
2025-09-18,C,RHYME_C: Steady_Bullish_Growth,0.0,Low,False,0.009848485502276016,0.14772728253414025,BUGGY,A,RHYME_A: Euphoric_Volatility,0.022598841541464063,High,True,0.009848485502276016,0.14772728253414025,FIXED,True,True,False
2025-09-19,C,RHYME_C: Steady_Bullish_Growth,0.0,Low,False,0.010817487402470682,0.16226231103706024,BUGGY,A,RHYME_A: Euphoric_Volatility,0.02258252804997123,High,True,0.010817487402470682,0.16226231103706024,FIXED,True,True,False
2025-09-20,C,RHYME_C: Steady_Bullish_Growth,0.0,Low,False,0.012122936266011353,0.1818440439901703,BUGGY,A,RHYME_A: Euphoric_Volatility,0.022550320464675755,High,True,0.012122936266011353,0.1818440439901703,FIXED,True,True,False
2025-09-21,C,RHYME_C: Steady_Bullish_Growth,0.0,Low,False,0.01333384515244096,0.2000076772866144,BUGGY,A,RHYME_A: Euphoric_Volatility,0.022451456725329142,High,True,0.01333384515244096,0.2000076772866144,FIXED,True,True,False
2025-09-22,C,RHYME_C: Steady_Bullish_Growth,0.0,Low,False,0.012995016651814462,0.19492524977721692,BUGGY,A,RHYME_A: Euphoric_Volatility,0.022627333556163594,High,True,0.012995016651814462,0.19492524977721692,FIXED,True,True,False
2025-09-23,C,RHYME_C: Steady_Bullish_Growth,0.0,Low,False,0.010133476075003367,0.1520021411250505,BUGGY,A,RHYME_A: Euphoric_Volatility,0.02258691312343108,High,True,0.010133476075003367,0.1520021411250505,FIXED,True,True,False
2025-09-24,D,RHYME_D: Range_Bound_Neutral,0.0,Low,False,0.00768831006848103,0.11532465102721545,BUGGY,D,RHYME_D: Range_Bound_Neutral,0.022559098253998457,High,True,0.00768831006848103,0.11532465102721545,FIXED,False,False,False
2025-09-25,D,RHYME_D: Range_Bound_Neutral,0.0,Low,False,0.0038717792132145767,0.05807668819821865,BUGGY,D,RHYME_D: Range_Bound_Neutral,0.02255269074697254,High,True,0.0038717792132145767,0.05807668819821865,FIXED,False,False,False
2025-09-26,D,RHYME_D: Range_Bound_Neutral,0.0,Low,False,0.0022787658863818727,0.03418148829572809,BUGGY,D,RHYME_D: Range_Bound_Neutral,0.022591536869786696,High,True,0.0022787658863818727,0.03418148829572809,FIXED,False,False,False
2025-09-27,D,RHYME_D: Range_Bound_Neutral,0.0,Low,False,0.0013009379754420625,0.019514069631630937,BUGGY,D,RHYME_D: Range_Bound_Neutral,0.022547932932273907,High,True,0.0013009379754420625,0.019514069631630937,FIXED,False,False,False
2025-09-28,D,RHYME_D: Range_Bound_Neutral,0.0,Low,False,0.00058313422906342,0.0087470134359513,BUGGY,D,RHYME_D: Range_Bound_Neutral,0.02250822361851403,High,True,0.00058313422906342,0.0087470134359513,FIXED,False,False,False
2025-09-29,D,RHYME_D: Range_Bound_Neutral,0.0,Low,False,0.0008445218242760788,0.012667827364141182,BUGGY,D,RHYME_D: Range_Bound_Neutral,0.02248330776163808,High,True,0.0008445218242760788,0.012667827364141182,FIXED,False,False,False
2025-09-30,D,RHYME_D: Range_Bound_Neutral,0.0,Low,False,0.003227599626472566,0.04841399439708849,BUGGY,D,RHYME_D: Range_Bound_Neutral,0.02246663128369191,High,True,0.003227599626472566,0.04841399439708849,FIXED,False,False,False
2025-10-01,D,RHYME_D: Range_Bound_Neutral,0.0,Low,False,0.005019095087126724,0.07528642630690086,BUGGY,D,RHYME_D: Range_Bound_Neutral,0.02247123152935935,High,True,0.005019095087126724,0.07528642630690086,FIXED,False,False,False
2025-10-02,D,RHYME_D: Range_Bound_Neutral,0.0,Low,False,0.007717663930504104,0.11576495895756156,BUGGY,D,RHYME_D: Range_Bound_Neutral,0.02246143226367763,High,True,0.007717663930504104,0.11576495895756156,FIXED,False,False,False
2025-10-03,C,RHYME_C: Steady_Bullish_Growth,0.0,Low,False,0.010928041910938324,0.16392062866407486,BUGGY,A,RHYME_A: Euphoric_Volatility,0.022439935394400798,High,True,0.010928041910938324,0.16392062866407486,FIXED,True,True,False
2025-10-04,C,RHYME_C: Steady_Bullish_Growth,0.0,Low,False,0.01295799803873443,0.19436997058101646,BUGGY,A,RHYME_A: Euphoric_Volatility,0.022407760609792323,High,True,0.01295799803873443,0.19436997058101646,FIXED,True,True,False
2025-10-05,C,RHYME_C: Steady_Bullish_Growth,0.0,Low,False,0.014938034234311726,0.22407051351467588,BUGGY,A,RHYME_A: Euphoric_Volatility,0.022373253928468825,High,True,0.014938034234311726,0.22407051351467588,FIXED,True,True,False
2025-10-06,C,RHYME_C: Steady_Bullish_Growth,0.0,Low,False,0.016192516796549317,0.24288775194823975,BUGGY,A,RHYME_A: Euphoric_Volatility,0.02236662156109458,High,True,0.016192516796549317,0.24288775194823975,FIXED,True,True,False
2025-10-07,C,RHYME_C: Steady_Bullish_Growth,0.0,Low,False,0.014704399903156862,0.22056599854735293,BUGGY,A,RHYME_A: Euphoric_Volatility,0.02236036668563436,High,True,0.014704399903156862,0.22056599854735293,FIXED,True,True,False
2025-10-08,C,RHYME_C: Steady_Bullish_Growth,0.0,Low,False,0.013941510238821397,0.20912265358232096,BUGGY,A,RHYME_A: Euphoric_Volatility,0.022347616537516324,High,True,0.013941510238821397,0.20912265358232096,FIXED,True,True,False
2025-10-09,C,RHYME_C: Steady_Bullish_Growth,0.0,Low,False,0.011832554331761669,0.17748831497642503,BUGGY,A,RHYME_A: Euphoric_Volatility,0.022334581076025883,High,True,0.011832554331761669,0.17748831497642503,FIXED,True,True,False
2025-10-10,C,RHYME_C: Steady_Bullish_Growth,0.0,Low,False,0.002804179765011794,0.04206269647517691,BUGGY,A,RHYME_A: Euphoric_Volatility,0.02248790753826975,High,True,0.002804179765011794,0.04206269647517691,FIXED,True,True,False
2025-10-11,D,RHYME_D: Range_Bound_Neutral,0.0,Low,False,-0.007490895533839748,-0.11236343300759621,BUGGY,D,RHYME_D: Range_Bound_Neutral,0.022459060675775952,High,True,-0.007490895533839748,-0.11236343300759621,FIXED,False,False,False
2025-10-12,D,RHYME_D: Range_Bound_Neutral,0.0,Low,False,-0.015200277636538972,-0.2280041645480846,BUGGY,D,RHYME_D: Range_Bound_Neutral,0.022447938410635127,High,True,-0.015200277636538972,-0.2280041645480846,FIXED,False,False,False
2025-10-13,D,RHYME_D: Range_Bound_Neutral,0.0,Low,False,-0.021715506086463776,-0.32573259129695664,BUGGY,D,RHYME_D: Range_Bound_Neutral,0.02245451250520957,High,True,-0.021715506086463776,-0.32573259129695664,FIXED,False,False,False
2025-10-14,D,RHYME_D: Range_Bound_Neutral,0.0,Low,False,-0.025522944869573183,-0.38284417304359775,BUGGY,D,RHYME_D: Range_Bound_Neutral,0.022445290457558265,High,True,-0.025522944869573183,-0.38284417304359775,FIXED,False,False,False
2025-10-15,D,RHYME_D: Range_Bound_Neutral,0.0,Low,False,-0.020992129930349712,-0.3148819489552457,BUGGY,D,RHYME_D: Range_Bound_Neutral,0.022437637258548603,High,True,-0.020992129930349712,-0.3148819489552457,FIXED,False,False,False
2025-10-16,D,RHYME_D: Range_Bound_Neutral,0.0,Low,False,-0.017912518326190008,-0.2686877748928501,BUGGY,D,RHYME_D: Range_Bound_Neutral,0.02244429120615245,High,True,-0.017912518326190008,-0.2686877748928501,FIXED,False,False,False
2025-10-17,D,RHYME_D: Range_Bound_Neutral,0.0,Low,False,-0.015527156190837554,-0.23290734286256332,BUGGY,D,RHYME_D: Range_Bound_Neutral,0.022434222343243278,High,True,-0.015527156190837554,-0.23290734286256332,FIXED,False,False,False
2025-10-18,D,RHYME_D: Range_Bound_Neutral,0.0,Low,False,-0.01641927684734268,-0.24628915271014018,BUGGY,D,RHYME_D: Range_Bound_Neutral,0.02240358618153271,High,True,-0.01641927684734268,-0.24628915271014018,FIXED,False,False,False
2025-10-19,E,RHYME_E: Steady_Bearish_Decline,0.0,Low,False,-0.017869844971253768,-0.2680476745688065,BUGGY,B,RHYME_B: Panic_Volatility,0.022373647835896755,High,True,-0.017869844971253768,-0.2680476745688065,FIXED,True,True,False
2025-10-20,E,RHYME_E: Steady_Bearish_Decline,0.0,Low,False,-0.016524705347986668,-0.24787058021980002,BUGGY,B,RHYME_B: Panic_Volatility,0.02236757332344674,High,True,-0.016524705347986668,-0.24787058021980002,FIXED,True,True,False
2025-10-21,E,RHYME_E: Steady_Bearish_Decline,0.0,Low,False,-0.011920499215525293,-0.1788074882328794,BUGGY,B,RHYME_B: Panic_Volatility,0.02236865680437245,High,True,-0.011920499215525293,-0.1788074882328794,FIXED,True,True,False
2025-10-22,E,RHYME_E: Steady_Bearish_Decline,0.0,Low,False,-0.008311775040908742,-0.12467662561363113,BUGGY,B,RHYME_B: Panic_Volatility,0.02236110159076722,High,True,-0.008311775040908742,-0.12467662561363113,FIXED,True,True,False
2025-10-23,E,RHYME_E: Steady_Bearish_Decline,0.0,Low,False,-0.003050359300363903,-0.045755389505458544,BUGGY,B,RHYME_B: Panic_Volatility,0.022402247427251717,High,True,-0.003050359300363903,-0.045755389505458544,FIXED,True,True,False
2025-10-24,E,RHYME_E: Steady_Bearish_Decline,0.0,Low,False,0.0029653675107379485,0.04448051266106923,BUGGY,B,RHYME_B: Panic_Volatility,0.022397393159712155,High,True,0.0029653675107379485,0.04448051266106923,FIXED,True,True,False
2025-10-25,E,RHYME_E: Steady_Bearish_Decline,0.0,Low,False,0.00560970818585016,0.0841456227877524,BUGGY,B,RHYME_B: Panic_Volatility,0.022366636041857645,High,True,0.00560970818585016,0.0841456227877524,FIXED,True,True,False
2025-10-26,E,RHYME_E: Steady_Bearish_Decline,0.0,Low,False,0.00924157230348488,0.1386235845522732,BUGGY,B,RHYME_B: Panic_Volatility,0.022342741124373622,High,True,0.00924157230348488,0.1386235845522732,FIXED,True,True,False
2025-10-27,C,RHYME_C: Steady_Bullish_Growth,0.0,Low,False,0.01452338130913855,0.21785071963707825,BUGGY,A,RHYME_A: Euphoric_Volatility,0.02233197350920909,High,True,0.01452338130913855,0.21785071963707825,FIXED,True,True,False
2025-10-28,C,RHYME_C: Steady_Bullish_Growth,0.0,Low,False,0.016456919834445305,0.24685379751667957,BUGGY,A,RHYME_A: Euphoric_Volatility,0.022338038864959272,High,True,0.016456919834445305,0.24685379751667957,FIXED,True,True,False
2025-10-29,C,RHYME_C: Steady_Bullish_Growth,0.0,Low,False,0.014573875321330254,0.2186081298199538,BUGGY,A,RHYME_A: Euphoric_Volatility,0.022381683338825273,High,True,0.014573875321330254,0.2186081298199538,FIXED,True,True,False
2025-10-30,C,RHYME_C: Steady_Bullish_Growth,0.0,Low,False,0.008336515508017728,0.12504773262026592,BUGGY,A,RHYME_A: Euphoric_Volatility,0.022411414436788884,High,True,0.008336515508017728,0.12504773262026592,FIXED,True,True,False
2025-10-31,C,RHYME_C: Steady_Bullish_Growth,0.0,Low,False,0.002386210869461225,0.035793163041918374,BUGGY,A,RHYME_A: Euphoric_Volatility,0.022412177919245976,High,True,0.002386210869461225,0.035793163041918374,FIXED,True,True,False
2025-11-01,C,RHYME_C: Steady_Bullish_Growth,0.0,Low,False,-0.003982428693230622,-0.05973643039845933,BUGGY,A,RHYME_A: Euphoric_Volatility,0.022347966561247663,High,True,-0.003982428693230622,-0.05973643039845933,FIXED,True,True,False
2025-11-02,C,RHYME_C: Steady_Bullish_Growth,0.0,Low,False,-0.007175582110332646,-0.10763373165498968,BUGGY,A,RHYME_A: Euphoric_Volatility,0.022313578093033207,High,True,-0.007175582110332646,-0.10763373165498968,FIXED,True,True,False
2025-11-03,C,RHYME_C: Steady_Bullish_Growth,0.0,Low,False,-0.009319756880060925,-0.13979635320091388,BUGGY,A,RHYME_A: Euphoric_Volatility,0.022538553557078598,High,True,-0.009319756880060925,-0.13979635320091388,FIXED,True,True,False
2025-11-04,D,RHYME_D: Range_Bound_Neutral,0.0,Low,False,-0.010973257164580308,-0.16459885746870462,BUGGY,D,RHYME_D: Range_Bound_Neutral,0.022582470956391536,High,True,-0.010973257164580308,-0.16459885746870462,FIXED,False,False,False
2025-11-05,D,RHYME_D: Range_Bound_Neutral,0.0,Low,False,-0.013497038834224262,-0.20245558251336393,BUGGY,D,RHYME_D: Range_Bound_Neutral,0.022579122155105904,High,True,-0.013497038834224262,-0.20245558251336393,FIXED,False,False,False
2025-11-06,D,RHYME_D: Range_Bound_Neutral,0.0,Low,False,-0.01768489791169936,-0.2652734686754904,BUGGY,D,RHYME_D: Range_Bound_Neutral,0.02258962924567553,High,True,-0.01768489791169936,-0.2652734686754904,FIXED,False,False,False
2025-11-07,D,RHYME_D: Range_Bound_Neutral,0.0,Low,False,-0.018633115341066042,-0.27949673011599063,BUGGY,D,RHYME_D: Range_Bound_Neutral,0.02266826139059947,High,True,-0.018633115341066042,-0.27949673011599063,FIXED,False,False,False
2025-11-08,D,RHYME_D: Range_Bound_Neutral,0.0,Low,False,-0.01734454649069561,-0.2601681973604342,BUGGY,D,RHYME_D: Range_Bound_Neutral,0.022732995596521956,High,True,-0.01734454649069561,-0.2601681973604342,FIXED,False,False,False
2025-11-09,D,RHYME_D: Range_Bound_Neutral,0.0,Low,False,-0.012887606578218969,-0.19331409867328453,BUGGY,D,RHYME_D: Range_Bound_Neutral,0.022663484088901828,High,True,-0.012887606578218969,-0.19331409867328453,FIXED,False,False,False
2025-11-10,D,RHYME_D: Range_Bound_Neutral,0.0,Low,False,-0.008809656346140726,-0.1321448451921109,BUGGY,D,RHYME_D: Range_Bound_Neutral,0.022645805131732713,High,True,-0.008809656346140726,-0.1321448451921109,FIXED,False,False,False
2025-11-11,D,RHYME_D: Range_Bound_Neutral,0.0,Low,False,-0.002998137813602586,-0.04497206720403879,BUGGY,D,RHYME_D: Range_Bound_Neutral,0.022628482523459382,High,True,-0.002998137813602586,-0.04497206720403879,FIXED,False,False,False
2025-11-12,D,RHYME_D: Range_Bound_Neutral,0.0,Low,False,-0.0006756035598465271,-0.010134053397697906,BUGGY,D,RHYME_D: Range_Bound_Neutral,0.022605116682928177,High,True,-0.0006756035598465271,-0.010134053397697906,FIXED,False,False,False
2025-11-13,D,RHYME_D: Range_Bound_Neutral,0.0,Low,False,-0.0003120409444697936,-0.004680614167046904,BUGGY,D,RHYME_D: Range_Bound_Neutral,0.022650473097064163,High,True,-0.0003120409444697936,-0.004680614167046904,FIXED,False,False,False
2025-11-14,D,RHYME_D: Range_Bound_Neutral,0.0,Low,False,-0.0008903707488906454,-0.01335556123335968,BUGGY,D,RHYME_D: Range_Bound_Neutral,0.022626476808208743,High,True,-0.0008903707488906454,-0.01335556123335968,FIXED,False,False,False
2025-11-15,D,RHYME_D: Range_Bound_Neutral,0.0,Low,False,-0.0027141930469998243,-0.040712895704997365,BUGGY,D,RHYME_D: Range_Bound_Neutral,0.02258600457745753,High,True,-0.0027141930469998243,-0.040712895704997365,FIXED,False,False,False
2025-11-16,D,RHYME_D: Range_Bound_Neutral,0.0,Low,False,-0.005054717323313085,-0.07582075984969627,BUGGY,D,RHYME_D: Range_Bound_Neutral,0.022548179993861966,High,True,-0.005054717323313085,-0.07582075984969627,FIXED,False,False,False
2025-11-17,E,RHYME_E: Steady_Bearish_Decline,0.0,Low,False,-0.010469791191621947,-0.1570468678743292,BUGGY,B,RHYME_B: Panic_Volatility,0.022586379349380327,High,True,-0.010469791191621947,-0.1570468678743292,FIXED,True,True,False
2025-11-18,E,RHYME_E: Steady_Bearish_Decline,0.0,Low,False,-0.01250586069134807,-0.18758791037022104,BUGGY,B,RHYME_B: Panic_Volatility,0.022582848835536823,High,True,-0.01250586069134807,-0.18758791037022104,FIXED,True,True,False
2025-11-19,E,RHYME_E: Steady_Bearish_Decline,0.0,Low,False,-0.014676946108079347,-0.2201541916211902,BUGGY,B,RHYME_B: Panic_Volatility,0.022573475069376445,High,True,-0.014676946108079347,-0.2201541916211902,FIXED,True,True,False
2025-11-20,E,RHYME_E: Steady_Bearish_Decline,0.0,Low,False,-0.01924407020118879,-0.28866105301783185,BUGGY,B,RHYME_B: Panic_Volatility,0.02259365160292958,High,True,-0.01924407020118879,-0.28866105301783185,FIXED,True,True,False
2025-11-21,E,RHYME_E: Steady_Bearish_Decline,0.0,Low,False,-0.0204723414157989,-0.3070851212369835,BUGGY,B,RHYME_B: Panic_Volatility,0.022655167894940383,High,True,-0.0204723414157989,-0.3070851212369835,FIXED,True,True,False
2025-11-22,E,RHYME_E: Steady_Bearish_Decline,0.0,Low,False,-0.018561117710177988,-0.2784167656526698,BUGGY,B,RHYME_B: Panic_Volatility,0.02261836569160808,High,True,-0.018561117710177988,-0.2784167656526698,FIXED,True,True,False
2025-11-23,E,RHYME_E: Steady_Bearish_Decline,0.0,Low,False,-0.017957422595681782,-0.26936133893522674,BUGGY,B,RHYME_B: Panic_Volatility,0.022582837242308806,High,True,-0.017957422595681782,-0.26936133893522674,FIXED,True,True,False
2025-11-24,E,RHYME_E: Steady_Bearish_Decline,0.0,Low,False,-0.01524954225205355,-0.22874313378080324,BUGGY,B,RHYME_B: Panic_Volatility,0.022591441886280164,High,True,-0.01524954225205355,-0.22874313378080324,FIXED,True,True,False
2025-11-25,D,RHYME_D: Range_Bound_Neutral,0.0,Low,False,-0.006388561105384882,-0.09582841658077323,BUGGY,D,RHYME_D: Range_Bound_Neutral,0.022590121240283745,High,True,-0.006388561105384882,-0.09582841658077323,FIXED,False,False,False
2025-11-26,D,RHYME_D: Range_Bound_Neutral,0.0,Low,False,-0.00040811339890944875,-0.006121700983641731,BUGGY,D,RHYME_D: Range_Bound_Neutral,0.022584971024721973,High,True,-0.00040811339890944875,-0.006121700983641731,FIXED,False,False,False
2025-11-27,D,RHYME_D: Range_Bound_Neutral,0.0,Low,False,0.006581695676698196,0.09872543515047294,BUGGY,D,RHYME_D: Range_Bound_Neutral,0.0225509796278811,High,True,0.006581695676698196,0.09872543515047294,FIXED,False,False,False
2025-11-28,D,RHYME_D: Range_Bound_Neutral,0.0,Low,False,0.014759353166209133,0.221390297493137,BUGGY,D,RHYME_D: Range_Bound_Neutral,0.02252588037289245,High,True,0.014759353166209133,0.221390297493137,FIXED,False,False,False
2025-11-29,D,RHYME_D: Range_Bound_Neutral,0.0,Low,False,0.020429936840311358,0.30644905260467037,BUGGY,D,RHYME_D: Range_Bound_Neutral,0.022493266179970214,High,True,0.020429936840311358,0.30644905260467037,FIXED,False,False,False
2025-11-30,D,RHYME_D: Range_Bound_Neutral,0.0,Low,False,0.022901980833121227,0.3435297124968184,BUGGY,D,RHYME_D: Range_Bound_Neutral,0.02246256898183967,High,True,0.022901980833121227,0.3435297124968184,FIXED,False,False,False
2025-12-01,D,RHYME_D: Range_Bound_Neutral,0.0,Low,False,0.021615386782106727,0.3242308017316009,BUGGY,D,RHYME_D: Range_Bound_Neutral,0.022478633177503097,High,True,0.021615386782106727,0.3242308017316009,FIXED,False,False,False
2025-12-02,D,RHYME_D: Range_Bound_Neutral,0.0,Low,False,0.02103755070707347,0.31556326060610207,BUGGY,D,RHYME_D: Range_Bound_Neutral,0.022473585071116024,High,True,0.02103755070707347,0.31556326060610207,FIXED,False,False,False
2025-12-03,C,RHYME_C: Steady_Bullish_Growth,0.0,Low,False,0.02011203025414865,0.30168045381222974,BUGGY,A,RHYME_A: Euphoric_Volatility,0.022483273274286973,High,True,0.02011203025414865,0.30168045381222974,FIXED,True,True,False
2025-12-04,C,RHYME_C: Steady_Bullish_Growth,0.0,Low,False,0.018701170336817174,0.2805175550522576,BUGGY,A,RHYME_A: Euphoric_Volatility,0.022481066671306206,High,True,0.018701170336817174,0.2805175550522576,FIXED,True,True,False
2025-12-05,C,RHYME_C: Steady_Bullish_Growth,0.0,Low,False,0.017391222305034537,0.26086833457551806,BUGGY,A,RHYME_A: Euphoric_Volatility,0.022473329598001593,High,True,0.017391222305034537,0.26086833457551806,FIXED,True,True,False
2025-12-06,C,RHYME_C: Steady_Bullish_Growth,0.0,Low,False,0.01871016284987692,0.2806524427481538,BUGGY,A,RHYME_A: Euphoric_Volatility,0.022442426994523833,High,True,0.01871016284987692,0.2806524427481538,FIXED,True,True,False
2025-12-07,C,RHYME_C: Steady_Bullish_Growth,0.0,Low,False,0.018286766932071208,0.2743015039810681,BUGGY,A,RHYME_A: Euphoric_Volatility,0.022411666033786047,High,True,0.018286766932071208,0.2743015039810681,FIXED,True,True,False
2025-12-08,C,RHYME_C: Steady_Bullish_Growth,0.0,Low,False,0.014352037933464956,0.21528056900197434,BUGGY,A,RHYME_A: Euphoric_Volatility,0.022403035666775564,High,True,0.014352037933464956,0.21528056900197434,FIXED,True,True,False
2025-12-09,C,RHYME_C: Steady_Bullish_Growth,0.0,Low,False,0.011204171274960428,0.16806256912440642,BUGGY,A,RHYME_A: Euphoric_Volatility,0.022389747519241304,High,True,0.011204171274960428,0.16806256912440642,FIXED,True,True,False
2025-12-10,C,RHYME_C: Steady_Bullish_Growth,0.0,Low,False,0.009329836004189573,0.1399475400628436,BUGGY,A,RHYME_A: Euphoric_Volatility,0.02239104581105191,High,True,0.009329836004189573,0.1399475400628436,FIXED,True,True,False
2025-12-11,C,RHYME_C: Steady_Bullish_Growth,0.0,Low,False,0.009519811887906515,0.14279717831859773,BUGGY,A,RHYME_A: Euphoric_Volatility,0.02238831193186579,High,True,0.009519811887906515,0.14279717831859773,FIXED,True,True,False
2025-12-12,C,RHYME_C: Steady_Bullish_Growth,0.0,Low,False,0.008613148740454601,0.12919723110681902,BUGGY,A,RHYME_A: Euphoric_Volatility,0.022381733222770192,High,True,0.008613148740454601,0.12919723110681902,FIXED,True,True,False
2025-12-13,C,RHYME_C: Steady_Bullish_Growth,0.0,Low,False,0.008990643226708617,0.13485964840062925,BUGGY,A,RHYME_A: Euphoric_Volatility,0.022352364912562192,High,True,0.008990643226708617,0.13485964840062925,FIXED,True,True,False
2025-12-14,C,RHYME_C: Steady_Bullish_Growth,0.0,Low,False,0.009141009336652184,0.13711514004978276,BUGGY,A,RHYME_A: Euphoric_Volatility,0.022325112776110358,High,True,0.009141009336652184,0.13711514004978276,FIXED,True,True,False
2025-12-15,D,RHYME_D: Range_Bound_Neutral,0.0,Low,False,0.007367185059862225,0.11050777589793337,BUGGY,D,RHYME_D: Range_Bound_Neutral,0.022315748875531175,High,True,0.007367185059862225,0.11050777589793337,FIXED,False,False,False
2025-12-16,D,RHYME_D: Range_Bound_Neutral,0.0,Low,False,0.0030696462190968887,0.04604469328645333,BUGGY,D,RHYME_D: Range_Bound_Neutral,0.022312811832896552,High,True,0.0030696462190968887,0.04604469328645333,FIXED,False,False,False
2025-12-17,D,RHYME_D: Range_Bound_Neutral,0.0,Low,False,-0.0005768340498892854,-0.008652510748339282,BUGGY,D,RHYME_D: Range_Bound_Neutral,0.02230488731926507,High,True,-0.0005768340498892854,-0.008652510748339282,FIXED,False,False,False
2025-12-18,D,RHYME_D: Range_Bound_Neutral,0.0,Low,False,-0.0038631347093632806,-0.05794702064044921,BUGGY,D,RHYME_D: Range_Bound_Neutral,0.02229497022829583,High,True,-0.0038631347093632806,-0.05794702064044921,FIXED,False,False,False
2025-12-19,D,RHYME_D: Range_Bound_Neutral,0.0,Low,False,-0.005097175079887273,-0.07645762619830909,BUGGY,D,RHYME_D: Range_Bound_Neutral,0.02230277548207463,High,True,-0.005097175079887273,-0.07645762619830909,FIXED,False,False,False
2025-12-20,D,RHYME_D: Range_Bound_Neutral,0.0,Low,False,-0.005890331806761018,-0.08835497710141527,BUGGY,D,RHYME_D: Range_Bound_Neutral,0.02227629824799656,High,True,-0.005890331806761018,-0.08835497710141527,FIXED,False,False,False
2025-12-21,D,RHYME_D: Range_Bound_Neutral,0.0,Low,False,-0.005766143321691342,-0.08649214982537012,BUGGY,D,RHYME_D: Range_Bound_Neutral,0.02224922919380385,High,True,-0.005766143321691342,-0.08649214982537012,FIXED,False,False,False
2025-12-22,D,RHYME_D: Range_Bound_Neutral,0.0,Low,False,-0.002690523862444838,-0.04035785793667257,BUGGY,D,RHYME_D: Range_Bound_Neutral,0.02223817241930795,High,True,-0.002690523862444838,-0.04035785793667257,FIXED,False,False,False
2025-12-23,D,RHYME_D: Range_Bound_Neutral,0.0,Low,False,0.0005400655657794573,0.00810098348669186,BUGGY,D,RHYME_D: Range_Bound_Neutral,0.022222074334465405,High,True,0.0005400655657794573,0.00810098348669186,FIXED,False,False,False
2025-12-24,D,RHYME_D: Range_Bound_Neutral,0.0,Low,False,0.001968818931070704,0.029532283966060557,BUGGY,D,RHYME_D: Range_Bound_Neutral,0.02219747479193902,High,True,0.001968818931070704,0.029532283966060557,FIXED,False,False,False
2025-12-25,D,RHYME_D: Range_Bound_Neutral,0.0,Low,False,0.003270068798234549,0.04905103197351823,BUGGY,D,RHYME_D: Range_Bound_Neutral,0.022170668389479207,High,True,0.003270068798234549,0.04905103197351823,FIXED,False,False,False
2025-12-26,D,RHYME_D: Range_Bound_Neutral,0.0,Low,False,0.005216279387938227,0.07824419081907341,BUGGY,D,RHYME_D: Range_Bound_Neutral,0.0221516385893976,High,True,0.005216279387938227,0.07824419081907341,FIXED,False,False,False
2025-12-27,D,RHYME_D: Range_Bound_Neutral,0.0,Low,False,0.005454446475416264,0.08181669713124395,BUGGY,D,RHYME_D: Range_Bound_Neutral,0.0221278769146795,High,True,0.005454446475416264,0.08181669713124395,FIXED,False,False,False
2025-12-28,D,RHYME_D: Range_Bound_Neutral,0.0,Low,False,0.005843295978354979,0.08764943967532468,BUGGY,D,RHYME_D: Range_Bound_Neutral,0.02210084744517962,High,True,0.005843295978354979,0.08764943967532468,FIXED,False,False,False
2025-12-29,D,RHYME_D: Range_Bound_Neutral,0.0,Low,False,0.004731174362236246,0.07096761543354368,BUGGY,D,RHYME_D: Range_Bound_Neutral,0.022090033487700344,High,True,0.004731174362236246,0.07096761543354368,FIXED,False,False,False
2025-12-30,D,RHYME_D: Range_Bound_Neutral,0.0,Low,False,0.004160418128448473,0.0624062719267271,BUGGY,D,RHYME_D: Range_Bound_Neutral,0.022070633667759555,High,True,0.004160418128448473,0.0624062719267271,FIXED,False,False,False
2025-12-31,D,RHYME_D: Range_Bound_Neutral,0.0,Low,False,0.001653541254989177,0.024803118824837656,BUGGY,D,RHYME_D: Range_Bound_Neutral,0.022066548451794215,High,True,0.001653541254989177,0.024803118824837656,FIXED,False,False,False
2026-01-01,D,RHYME_D: Range_Bound_Neutral,0.0,Low,False,-0.0011483295831438145,-0.017224943747157218,BUGGY,D,RHYME_D: Range_Bound_Neutral,0.02204852783890578,High,True,-0.0011483295831438145,-0.017224943747157218,FIXED,False,False,False
2026-01-02,D,RHYME_D: Range_Bound_Neutral,0.0,Low,False,-0.001703055517187524,-0.02554583275781286,BUGGY,D,RHYME_D: Range_Bound_Neutral,0.02206301569121148,High,True,-0.001703055517187524,-0.02554583275781286,FIXED,False,False,False
2026-01-03,D,RHYME_D: Range_Bound_Neutral,0.0,Low,False,-0.0008485081676326001,-0.012727622514489001,BUGGY,D,RHYME_D: Range_Bound_Neutral,0.022041563691931713,High,True,-0.0008485081676326001,-0.012727622514489001,FIXED,False,False,False
2026-01-04,D,RHYME_D: Range_Bound_Neutral,0.0,Low,False,0.0004845615437039097,0.007268423155558645,BUGGY,D,RHYME_D: Range_Bound_Neutral,0.022018045954950258,High,True,0.0004845615437039097,0.007268423155558645,FIXED,False,False,False
2026-01-05,D,RHYME_D: Range_Bound_Neutral,0.0,Low,False,0.006783572494219348,0.10175358741329021,BUGGY,D,RHYME_D: Range_Bound_Neutral,0.02203562631477183,High,True,0.006783572494219348,0.10175358741329021,FIXED,False,False,False
2026-01-06,C,RHYME_C: Steady_Bullish_Growth,0.0,Low,False,0.014205753386335784,0.21308630079503676,BUGGY,A,RHYME_A: Euphoric_Volatility,0.02204115311101569,High,True,0.014205753386335784,0.21308630079503676,FIXED,True,True,False
2026-01-07,C,RHYME_C: Steady_Bullish_Growth,0.0,Low,False,0.016897410856603345,0.2534611628490502,BUGGY,A,RHYME_A: Euphoric_Volatility,0.022048222032907447,High,True,0.016897410856603345,0.2534611628490502,FIXED,True,True,False
2026-01-08,C,RHYME_C: Steady_Bullish_Growth,0.0,Low,False,0.021556595961954583,0.32334893942931875,BUGGY,A,RHYME_A: Euphoric_Volatility,0.022055021320067397,High,True,0.021556595961954583,0.32334893942931875,FIXED,True,True,False
2026-01-09,C,RHYME_C: Steady_Bullish_Growth,0.0,Low,False,0.026735843366934242,0.40103765050401363,BUGGY,A,RHYME_A: Euphoric_Volatility,0.022051730415406385,High,True,0.026735843366934242,0.40103765050401363,FIXED,True,True,False
2026-01-10,C,RHYME_C: Steady_Bullish_Growth,0.0,Low,False,0.027903895703838,0.41855843555757,BUGGY,A,RHYME_A: Euphoric_Volatility,0.022025975914536814,High,True,0.027903895703838,0.41855843555757,FIXED,True,True,False
2026-01-11,C,RHYME_C: Steady_Bullish_Growth,0.0,Low,False,0.026559463893099933,0.398391958396499,BUGGY,A,RHYME_A: Euphoric_Volatility,0.0220031326064639,High,True,0.026559463893099933,0.398391958396499,FIXED,True,True,False
2026-01-12,C,RHYME_C: Steady_Bullish_Growth,0.0,Low,False,0.02754703900659461,0.41320558509891914,BUGGY,A,RHYME_A: Euphoric_Volatility,0.022004813832811703,High,True,0.02754703900659461,0.41320558509891914,FIXED,True,True,False
2026-01-13,C,RHYME_C: Steady_Bullish_Growth,0.0,Low,False,0.027377352121486398,0.41066028182229597,BUGGY,A,RHYME_A: Euphoric_Volatility,0.02200758245419813,High,True,0.027377352121486398,0.41066028182229597,FIXED,True,True,False
2026-01-14,C,RHYME_C: Steady_Bullish_Growth,0.0,Low,False,0.026424578455885417,0.39636867683828125,BUGGY,A,RHYME_A: Euphoric_Volatility,0.02200816082871422,High,True,0.026424578455885417,0.39636867683828125,FIXED,True,True,False
2026-01-15,C,RHYME_C: Steady_Bullish_Growth,0.0,Low,False,0.025801668638445907,0.3870250295766886,BUGGY,A,RHYME_A: Euphoric_Volatility,0.02200440956816162,High,True,0.025801668638445907,0.3870250295766886,FIXED,True,True,False
2026-01-16,C,RHYME_C: Steady_Bullish_Growth,0.0,Low,False,0.024975603582230388,0.3746340537334558,BUGGY,A,RHYME_A: Euphoric_Volatility,0.021996440575473473,High,True,0.024975603582230388,0.3746340537334558,FIXED,True,True,False
2026-01-17,C,RHYME_C: Steady_Bullish_Growth,0.0,Low,False,0.02413158683839889,0.36197380257598333,BUGGY,A,RHYME_A: Euphoric_Volatility,0.021972634510996365,High,True,0.02413158683839889,0.36197380257598333,FIXED,True,True,False
2026-01-18,C,RHYME_C: Steady_Bullish_Growth,0.0,Low,False,0.02136581933718973,0.32048729005784593,BUGGY,A,RHYME_A: Euphoric_Volatility,0.02195083199305415,High,True,0.02136581933718973,0.32048729005784593,FIXED,True,True,False
2026-01-19,C,RHYME_C: Steady_Bullish_Growth,0.0,Low,False,0.01763057378079025,0.2644586067118537,BUGGY,A,RHYME_A: Euphoric_Volatility,0.021926694780994606,High,True,0.01763057378079025,0.2644586067118537,FIXED,True,True,False
2026-01-20,C,RHYME_C: Steady_Bullish_Growth,0.0,Low,False,0.010171276505255955,0.15256914757883933,BUGGY,A,RHYME_A: Euphoric_Volatility,0.02194090892905521,High,True,0.010171276505255955,0.15256914757883933,FIXED,True,True,False
2026-01-21,D,RHYME_D: Range_Bound_Neutral,0.0,Low,False,0.006436248177227988,0.09654372265841982,BUGGY,D,RHYME_D: Range_Bound_Neutral,0.0219463076211671,High,True,0.006436248177227988,0.09654372265841982,FIXED,False,False,False
2026-01-22,D,RHYME_D: Range_Bound_Neutral,0.0,Low,False,0.004080387575420286,0.061205813631304284,BUGGY,D,RHYME_D: Range_Bound_Neutral,0.02194849607068046,High,True,0.004080387575420286,0.061205813631304284,FIXED,False,False,False
2026-01-23,D,RHYME_D: Range_Bound_Neutral,0.0,Low,False,0.0019099827906134959,0.028649741859202438,BUGGY,D,RHYME_D: Range_Bound_Neutral,0.021939924104559787,High,True,0.0019099827906134959,0.028649741859202438,FIXED,False,False,False
2026-01-24,D,RHYME_D: Range_Bound_Neutral,0.0,Low,False,7.9197053898028e-05,0.00118795580847042,BUGGY,D,RHYME_D: Range_Bound_Neutral,0.021915369449430303,High,True,7.9197053898028e-05,0.00118795580847042,FIXED,False,False,False
2026-01-25,D,RHYME_D: Range_Bound_Neutral,0.0,Low,False,0.0025372797864902097,0.038059196797353145,BUGGY,D,RHYME_D: Range_Bound_Neutral,0.0218945684609359,High,True,0.0025372797864902097,0.038059196797353145,FIXED,False,False,False
2026-01-26,D,RHYME_D: Range_Bound_Neutral,0.0,Low,False,0.0024729171155850604,0.03709375673377591,BUGGY,D,RHYME_D: Range_Bound_Neutral,0.021888016377243785,High,True,0.0024729171155850604,0.03709375673377591,FIXED,False,False,False
2026-01-27,D,RHYME_D: Range_Bound_Neutral,0.0,Low,False,0.0007533420725758244,0.011300131088637366,BUGGY,D,RHYME_D: Range_Bound_Neutral,0.021908530874382597,High,True,0.0007533420725758244,0.011300131088637366,FIXED,False,False,False
2026-01-28,D,RHYME_D: Range_Bound_Neutral,0.0,Low,False,-0.00042649045668774477,-0.0063973568503161715,BUGGY,D,RHYME_D: Range_Bound_Neutral,0.021903788813454193,High,True,-0.00042649045668774477,-0.0063973568503161715,FIXED,False,False,False
2026-01-29,D,RHYME_D: Range_Bound_Neutral,0.0,Low,False,-0.002093451666757007,-0.0314017750013551,BUGGY,D,RHYME_D: Range_Bound_Neutral,0.02192205096779488,High,True,-0.002093451666757007,-0.0314017750013551,FIXED,False,False,False
2026-01-30,D,RHYME_D: Range_Bound_Neutral,0.0,Low,False,-0.005053116978345762,-0.07579675467518643,BUGGY,D,RHYME_D: Range_Bound_Neutral,0.02195240837076276,High,True,-0.005053116978345762,-0.07579675467518643,FIXED,False,False,False
2026-01-31,E,RHYME_E: Steady_Bearish_Decline,0.0,Low,False,-0.009680398819944647,-0.1452059822991697,BUGGY,B,RHYME_B: Panic_Volatility,0.02193983455689558,High,True,-0.009680398819944647,-0.1452059822991697,FIXED,True,True,False
2026-02-01,E,RHYME_E: Steady_Bearish_Decline,0.0,Low,False,-0.014279096169113048,-0.21418644253669572,BUGGY,B,RHYME_B: Panic_Volatility,0.021917526204969576,High,True,-0.014279096169113048,-0.21418644253669572,FIXED,True,True,False
2026-02-02,E,RHYME_E: Steady_Bearish_Decline,0.0,Low,False,-0.016857381408396432,-0.2528607211259465,BUGGY,B,RHYME_B: Panic_Volatility,0.021915143800065182,High,True,-0.016857381408396432,-0.2528607211259465,FIXED,True,True,False
2026-02-03,E,RHYME_E: Steady_Bearish_Decline,0.0,Low,False,-0.018345820299098814,-0.2751873044864822,BUGGY,B,RHYME_B: Panic_Volatility,0.021959130544797017,High,True,-0.018345820299098814,-0.2751873044864822,FIXED,True,True,False
2026-02-04,E,RHYME_E: Steady_Bearish_Decline,0.0,Low,False,-0.016446209905204845,-0.24669314857807267,BUGGY,B,RHYME_B: Panic_Volatility,0.021985001264269995,High,True,-0.016446209905204845,-0.24669314857807267,FIXED,True,True,False
2026-02-05,E,RHYME_E: Steady_Bearish_Decline,0.0,Low,False,-0.017450050655430593,-0.2617507598314589,BUGGY,B,RHYME_B: Panic_Volatility,0.022048291409525463,High,True,-0.017450050655430593,-0.2617507598314589,FIXED,True,True,False
2026-02-06,E,RHYME_E: Steady_Bearish_Decline,0.0,Low,False,-0.013572730758546037,-0.20359096137819055,BUGGY,B,RHYME_B: Panic_Volatility,0.0221073891628326,High,True,-0.013572730758546037,-0.20359096137819055,FIXED,True,True,False
2026-02-07,E,RHYME_E: Steady_Bearish_Decline,0.0,Low,False,-0.011116143220864183,-0.16674214831296275,BUGGY,B,RHYME_B: Panic_Volatility,0.022083770616298515,High,True,-0.011116143220864183,-0.16674214831296275,FIXED,True,True,False
2026-02-08,E,RHYME_E: Steady_Bearish_Decline,0.0,Low,False,-0.008666988855201452,-0.13000483282802178,BUGGY,B,RHYME_B: Panic_Volatility,0.0220605592355524,High,True,-0.008666988855201452,-0.13000483282802178,FIXED,True,True,False
2026-02-09,E,RHYME_E: Steady_Bearish_Decline,0.0,Low,False,-0.0082317055617811,-0.1234755834267165,BUGGY,B,RHYME_B: Panic_Volatility,0.022058596057663277,High,True,-0.0082317055617811,-0.1234755834267165,FIXED,True,True,False
2026-02-10,D,RHYME_D: Range_Bound_Neutral,0.0,Low,False,-0.001624390718751978,-0.02436586078127967,BUGGY,D,RHYME_D: Range_Bound_Neutral,0.022063652693019197,High,True,-0.001624390718751978,-0.02436586078127967,FIXED,False,False,False
2026-02-11,D,RHYME_D: Range_Bound_Neutral,0.0,Low,False,-0.0010341205247420548,-0.015511807871130823,BUGGY,D,RHYME_D: Range_Bound_Neutral,0.022085951119893327,High,True,-0.0010341205247420548,-0.015511807871130823,FIXED,False,False,False
2026-02-12,D,RHYME_D: Range_Bound_Neutral,0.0,Low,False,-0.00316377795169831,-0.04745666927547465,BUGGY,D,RHYME_D: Range_Bound_Neutral,0.02211925956915646,High,True,-0.00316377795169831,-0.04745666927547465,FIXED,False,False,False
2026-02-13,D,RHYME_D: Range_Bound_Neutral,0.0,Low,False,-0.002943593597457772,-0.04415390396186658,BUGGY,D,RHYME_D: Range_Bound_Neutral,0.022129957645823258,High,True,-0.002943593597457772,-0.04415390396186658,FIXED,False,False,False
2026-02-14,D,RHYME_D: Range_Bound_Neutral,0.0,Low,False,-0.0025895240777518147,-0.03884286116627722,BUGGY,D,RHYME_D: Range_Bound_Neutral,0.02211475483656173,High,True,-0.0025895240777518147,-0.03884286116627722,FIXED,False,False,False
2026-02-15,D,RHYME_D: Range_Bound_Neutral,0.0,Low,False,-0.002280223103900192,-0.03420334655850288,BUGGY,D,RHYME_D: Range_Bound_Neutral,0.022093538812611564,High,True,-0.002280223103900192,-0.03420334655850288,FIXED,False,False,False
2026-02-16,D,RHYME_D: Range_Bound_Neutral,0.0,Low,False,-0.001735911934807266,-0.02603867902210899,BUGGY,D,RHYME_D: Range_Bound_Neutral,0.022071068489661002,High,True,-0.001735911934807266,-0.02603867902210899,FIXED,False,False,False
2026-02-17,D,RHYME_D: Range_Bound_Neutral,0.0,Low,False,0.0014453473992002142,0.021680210988003212,BUGGY,D,RHYME_D: Range_Bound_Neutral,0.022073306859534153,High,True,0.0014453473992002142,0.021680210988003212,FIXED,False,False,False
2026-02-18,D,RHYME_D: Range_Bound_Neutral,0.0,Low,False,0.0022649390756677157,0.033974086135015735,BUGGY,D,RHYME_D: Range_Bound_Neutral,0.02207799407115173,High,True,0.0022649390756677157,0.033974086135015735,FIXED,False,False,False
2026-02-19,D,RHYME_D: Range_Bound_Neutral,0.0,Low,False,0.0014454107834795948,0.021681161752193923,BUGGY,D,RHYME_D: Range_Bound_Neutral,0.022073358234609645,High,True,0.0014454107834795948,0.021681161752193923,FIXED,False,False,False
2026-02-20,D,RHYME_D: Range_Bound_Neutral,0.0,Low,False,0.0012814687420901194,0.01922203113135179,BUGGY,D,RHYME_D: Range_Bound_Neutral,0.022070691474034135,High,True,0.0012814687420901194,0.01922203113135179,FIXED,False,False,False
2026-02-21,D,RHYME_D: Range_Bound_Neutral,0.0,Low,False,0.0010050335504758756,0.015075503257138134,BUGGY,D,RHYME_D: Range_Bound_Neutral,0.022048930907299452,High,True,0.0010050335504758756,0.015075503257138134,FIXED,False,False,False
2026-02-22,D,RHYME_D: Range_Bound_Neutral,0.0,Low,False,0.001910436891879419,0.028656553378191285,BUGGY,D,RHYME_D: Range_Bound_Neutral,0.022027496427303297,High,True,0.001910436891879419,0.028656553378191285,FIXED,False,False,False
2026-02-23,D,RHYME_D: Range_Bound_Neutral,0.0,Low,False,-0.0016443028812909155,-0.024664543219363733,BUGGY,D,RHYME_D: Range_Bound_Neutral,0.02206471305725589,High,True,-0.0016443028812909155,-0.024664543219363733,FIXED,False,False,False
2026-02-24,D,RHYME_D: Range_Bound_Neutral,0.0,Low,False,-0.0036349058433338133,-0.0545235876500072,BUGGY,D,RHYME_D: Range_Bound_Neutral,0.022056941828562358,High,True,-0.0036349058433338133,-0.0545235876500072,FIXED,False,False,False
2026-02-25,D,RHYME_D: Range_Bound_Neutral,0.0,Low,False,-0.005830497180415617,-0.08745745770623425,BUGGY,D,RHYME_D: Range_Bound_Neutral,0.022088145288828395,High,True,-0.005830497180415617,-0.08745745770623425,FIXED,False,False,False
2026-02-26,D,RHYME_D: Range_Bound_Neutral,0.0,Low,False,-0.005174086397731981,-0.07761129596597971,BUGGY,D,RHYME_D: Range_Bound_Neutral,0.022097578877201055,High,True,-0.005174086397731981,-0.07761129596597971,FIXED,False,False,False
2026-02-27,D,RHYME_D: Range_Bound_Neutral,0.0,Low,False,-0.004840491047442441,-0.07260736571163662,BUGGY,D,RHYME_D: Range_Bound_Neutral,0.022116789811893675,High,True,-0.004840491047442441,-0.07260736571163662,FIXED,False,False,False
2026-02-28,D,RHYME_D: Range_Bound_Neutral,0.0,Low,False,-0.0001324966174375275,-0.0019874492615629125,BUGGY,D,RHYME_D: Range_Bound_Neutral,0.022095082074411493,High,True,-0.0001324966174375275,-0.0019874492615629125,FIXED,False,False,False
2026-03-01,D,RHYME_D: Range_Bound_Neutral,0.0,Low,False,0.0030346471160294097,0.045519706740441146,BUGGY,D,RHYME_D: Range_Bound_Neutral,0.02207387570991961,High,True,0.0030346471160294097,0.045519706740441146,FIXED,False,False,False
2026-03-02,D,RHYME_D: Range_Bound_Neutral,0.0,Low,False,0.004722511868438195,0.07083767802657293,BUGGY,D,RHYME_D: Range_Bound_Neutral,0.022076008528896997,High,True,0.004722511868438195,0.07083767802657293,FIXED,False,False,False
2026-03-03,D,RHYME_D: Range_Bound_Neutral,0.0,Low,False,0.0022069677692875267,0.0331045165393129,BUGGY,D,RHYME_D: Range_Bound_Neutral,0.022085254276512922,High,True,0.0022069677692875267,0.0331045165393129,FIXED,False,False,False
2026-03-04,D,RHYME_D: Range_Bound_Neutral,0.0,Low,False,0.0015367018654901532,0.023050527982352298,BUGGY,D,RHYME_D: Range_Bound_Neutral,0.022085638583071776,High,True,0.0015367018654901532,0.023050527982352298,FIXED,False,False,False
2026-03-05,D,RHYME_D: Range_Bound_Neutral,0.0,Low,False,-0.00019800539648640036,-0.0029700809472960055,BUGGY,D,RHYME_D: Range_Bound_Neutral,0.022094577126531085,High,True,-0.00019800539648640036,-0.0029700809472960055,FIXED,False,False,False
2026-03-06,D,RHYME_D: Range_Bound_Neutral,0.0,Low,False,-0.003607599678453366,-0.05411399517680049,BUGGY,D,RHYME_D: Range_Bound_Neutral,0.022102870977780926,High,True,-0.003607599678453366,-0.05411399517680049,FIXED,False,False,False
2026-03-07,D,RHYME_D: Range_Bound_Neutral,0.0,Low,False,-0.008546619152553947,-0.1281992872883092,BUGGY,D,RHYME_D: Range_Bound_Neutral,0.02208100166298935,High,True,-0.008546619152553947,-0.1281992872883092,FIXED,False,False,False
2026-03-08,E,RHYME_E: Steady_Bearish_Decline,0.0,Low,False,-0.01053794667716057,-0.15806920015740855,BUGGY,B,RHYME_B: Panic_Volatility,0.022059242492248193,High,True,-0.01053794667716057,-0.15806920015740855,FIXED,True,True,False
2026-03-09,E,RHYME_E: Steady_Bearish_Decline,0.0,Low,False,-0.01479518885035136,-0.2219278327552704,BUGGY,B,RHYME_B: Panic_Volatility,0.022053025836498208,High,True,-0.01479518885035136,-0.2219278327552704,FIXED,True,True,False
2026-03-10,E,RHYME_E: Steady_Bearish_Decline,0.0,Low,False,-0.017572069909134513,-0.2635810486370177,BUGGY,B,RHYME_B: Panic_Volatility,0.022055327537940133,High,True,-0.017572069909134513,-0.2635810486370177,FIXED,True,True,False
2026-03-11,E,RHYME_E: Steady_Bearish_Decline,0.0,Low,False,-0.017511512335090962,-0.2626726850263644,BUGGY,B,RHYME_B: Panic_Volatility,0.022053199985369334,High,True,-0.017511512335090962,-0.2626726850263644,FIXED,True,True,False
2026-03-12,E,RHYME_E: Steady_Bearish_Decline,0.0,Low,False,-0.019452161678264357,-0.29178242517396535,BUGGY,B,RHYME_B: Panic_Volatility,0.022068734094976113,High,True,-0.019452161678264357,-0.29178242517396535,FIXED,True,True,False
2026-03-13,E,RHYME_E: Steady_Bearish_Decline,0.0,Low,False,-0.021633561044137495,-0.3245034156620624,BUGGY,B,RHYME_B: Panic_Volatility,0.022061617593066078,High,True,-0.021633561044137495,-0.3245034156620624,FIXED,True,True,False
2026-03-14,E,RHYME_E: Steady_Bearish_Decline,0.0,Low,False,-0.024377861248053634,-0.3656679187208045,BUGGY,B,RHYME_B: Panic_Volatility,0.022040179599890772,High,True,-0.024377861248053634,-0.3656679187208045,FIXED,True,True,False
2026-03-15,E,RHYME_E: Steady_Bearish_Decline,0.0,Low,False,-0.02679588782143516,-0.4019383173215274,BUGGY,B,RHYME_B: Panic_Volatility,0.022019511095836306,High,True,-0.02679588782143516,-0.4019383173215274,FIXED,True,True,False
2026-03-16,E,RHYME_E: Steady_Bearish_Decline,0.0,Low,False,-0.026905156824164278,-0.40357735236246417,BUGGY,B,RHYME_B: Panic_Volatility,0.022016609020316,High,True,-0.026905156824164278,-0.40357735236246417,FIXED,True,True,False
2026-03-17,E,RHYME_E: Steady_Bearish_Decline,0.0,Low,False,-0.02253198168445958,-0.3379797252668937,BUGGY,B,RHYME_B: Panic_Volatility,0.02200779578157485,High,True,-0.02253198168445958,-0.3379797252668937,FIXED,True,True,False
2026-03-18,E,RHYME_E: Steady_Bearish_Decline,0.0,Low,False,-0.019935631126635545,-0.29903446689953317,BUGGY,B,RHYME_B: Panic_Volatility,0.022012161392895323,High,True,-0.019935631126635545,-0.29903446689953317,FIXED,True,True,False
2026-03-19,E,RHYME_E: Steady_Bearish_Decline,0.0,Low,False,-0.018123355844866462,-0.27185033767299693,BUGGY,B,RHYME_B: Panic_Volatility,0.022005203763187504,High,True,-0.018123355844866462,-0.27185033767299693,FIXED,True,True,False
2026-03-20,E,RHYME_E: Steady_Bearish_Decline,0.0,Low,False,-0.019213707265269053,-0.2882056089790358,BUGGY,B,RHYME_B: Panic_Volatility,0.02201441200949525,High,True,-0.019213707265269053,-0.2882056089790358,FIXED,True,True,False
2026-03-21,E,RHYME_E: Steady_Bearish_Decline,0.0,Low,False,-0.02310813439559356,-0.3466220159339034,BUGGY,B,RHYME_B: Panic_Volatility,0.021994167209312323,High,True,-0.02310813439559356,-0.3466220159339034,FIXED,True,True,False
2026-03-22,E,RHYME_E: Steady_Bearish_Decline,0.0,Low,False,-0.027916427291767687,-0.4187464093765153,BUGGY,B,RHYME_B: Panic_Volatility,0.0219083484961457,High,True,-0.027916427291767687,-0.4187464093765153,FIXED,True,True,False
2026-03-23,E,RHYME_E: Steady_Bearish_Decline,0.0,Low,False,-0.02706475569591482,-0.4059713354387223,BUGGY,B,RHYME_B: Panic_Volatility,0.021920461209396457,High,True,-0.02706475569591482,-0.4059713354387223,FIXED,True,True,False
2026-03-24,E,RHYME_E: Steady_Bearish_Decline,0.0,Low,False,-0.024977467182921487,-0.3746620077438223,BUGGY,B,RHYME_B: Panic_Volatility,0.02192105978941671,High,True,-0.024977467182921487,-0.3746620077438223,FIXED,True,True,False
2026-03-25,E,RHYME_E: Steady_Bearish_Decline,0.0,Low,False,-0.018378874749617413,-0.2756831212442612,BUGGY,B,RHYME_B: Panic_Volatility,0.021921486025370737,High,True,-0.018378874749617413,-0.2756831212442612,FIXED,True,True,False
2026-03-26,E,RHYME_E: Steady_Bearish_Decline,0.0,Low,False,-0.013744892726970881,-0.20617339090456321,BUGGY,B,RHYME_B: Panic_Volatility,0.021910777848017482,High,True,-0.013744892726970881,-0.20617339090456321,FIXED,True,True,False
2026-03-27,E,RHYME_E: Steady_Bearish_Decline,0.0,Low,False,-0.012115434806277636,-0.18173152209416454,BUGGY,B,RHYME_B: Panic_Volatility,0.021944867204132103,High,True,-0.012115434806277636,-0.18173152209416454,FIXED,True,True,False
2026-03-28,E,RHYME_E: Steady_Bearish_Decline,0.0,Low,False,-0.014014401110029606,-0.2102160166504441,BUGGY,B,RHYME_B: Panic_Volatility,0.02192267248515838,High,True,-0.014014401110029606,-0.2102160166504441,FIXED,True,True,False
2026-03-29,E,RHYME_E: Steady_Bearish_Decline,0.0,Low,False,-0.015807374619563386,-0.2371106192934508,BUGGY,B,RHYME_B: Panic_Volatility,0.02189981235321673,High,True,-0.015807374619563386,-0.2371106192934508,FIXED,True,True,False
2026-03-30,E,RHYME_E: Steady_Bearish_Decline,0.0,Low,False,-0.019789149002842565,-0.2968372350426385,BUGGY,B,RHYME_B: Panic_Volatility,0.02190737716462837,High,True,-0.019789149002842565,-0.2968372350426385,FIXED,True,True,False
2026-03-31,E,RHYME_E: Steady_Bearish_Decline,0.0,Low,False,-0.017379207933151064,-0.26068811899726596,BUGGY,B,RHYME_B: Panic_Volatility,0.02195029555215766,High,True,-0.017379207933151064,-0.26068811899726596,FIXED,True,True,False
2026-04-01,E,RHYME_E: Steady_Bearish_Decline,0.0,Low,False,-0.01090236797538291,-0.16353551963074364,BUGGY,B,RHYME_B: Panic_Volatility,0.021944740415652083,High,True,-0.01090236797538291,-0.16353551963074364,FIXED,True,True,False
2026-04-02,D,RHYME_D: Range_Bound_Neutral,0.0,Low,False,-0.004013640178464062,-0.06020460267696093,BUGGY,D,RHYME_D: Range_Bound_Neutral,0.021938357962309404,High,True,-0.004013640178464062,-0.06020460267696093,FIXED,False,False,False
2026-04-03,D,RHYME_D: Range_Bound_Neutral,0.0,Low,False,0.0032530102921890514,0.04879515438283577,BUGGY,D,RHYME_D: Range_Bound_Neutral,0.021915247917358945,High,True,0.0032530102921890514,0.04879515438283577,FIXED,False,False,False
2026-04-04,D,RHYME_D: Range_Bound_Neutral,0.0,Low,False,0.010717716503979124,0.16076574755968687,BUGGY,D,RHYME_D: Range_Bound_Neutral,0.021892281881213154,High,True,0.010717716503979124,0.16076574755968687,FIXED,False,False,False
2026-04-05,D,RHYME_D: Range_Bound_Neutral,0.0,Low,False,0.012809134273532585,0.19213701410298878,BUGGY,D,RHYME_D: Range_Bound_Neutral,0.021869735343768217,High,True,0.012809134273532585,0.19213701410298878,FIXED,False,False,False
2026-04-06,D,RHYME_D: Range_Bound_Neutral,0.0,Low,False,0.015374613359851796,0.23061920039777695,BUGGY,D,RHYME_D: Range_Bound_Neutral,0.021861984583284783,High,True,0.015374613359851796,0.23061920039777695,FIXED,False,False,False
2026-04-07,D,RHYME_D: Range_Bound_Neutral,0.0,Low,False,0.016774870020521693,0.2516230503078254,BUGGY,D,RHYME_D: Range_Bound_Neutral,0.02185659007134826,High,True,0.016774870020521693,0.2516230503078254,FIXED,False,False,False
2026-04-08,D,RHYME_D: Range_Bound_Neutral,0.0,Low,False,0.021489448118202192,0.3223417217730329,BUGGY,D,RHYME_D: Range_Bound_Neutral,0.021888881359762982,High,True,0.021489448118202192,0.3223417217730329,FIXED,False,False,False
2026-04-09,D,RHYME_D: Range_Bound_Neutral,0.0,Low,False,0.024936017095713137,0.37404025643569705,BUGGY,D,RHYME_D: Range_Bound_Neutral,0.021896312622638723,High,True,0.024936017095713137,0.37404025643569705,FIXED,False,False,False
2026-04-10,C,RHYME_C: Steady_Bullish_Growth,0.0,Low,False,0.026797238563599057,0.40195857845398586,BUGGY,A,RHYME_A: Euphoric_Volatility,0.02189772213710054,High,True,0.026797238563599057,0.40195857845398586,FIXED,True,True,False
2026-04-11,C,RHYME_C: Steady_Bullish_Growth,0.0,Low,False,0.02734116688772703,0.41011750331590546,BUGGY,A,RHYME_A: Euphoric_Volatility,0.021875987868042616,High,True,0.02734116688772703,0.41011750331590546,FIXED,True,True,False
2026-04-12,C,RHYME_C: Steady_Bullish_Growth,0.0,Low,False,0.02777060217829508,0.4165590326744262,BUGGY,A,RHYME_A: Euphoric_Volatility,0.021856531709429205,High,True,0.02777060217829508,0.4165590326744262,FIXED,True,True,False
2026-04-13,C,RHYME_C: Steady_Bullish_Growth,0.0,Low,False,0.026024817469239236,0.39037226203858855,BUGGY,A,RHYME_A: Euphoric_Volatility,0.021867048162861977,High,True,0.026024817469239236,0.39037226203858855,FIXED,True,True,False
2026-04-14,C,RHYME_C: Steady_Bullish_Growth,0.0,Low,False,0.02548356338625335,0.38225345079380024,BUGGY,A,RHYME_A: Euphoric_Volatility,0.021882120556270517,High,True,0.02548356338625335,0.38225345079380024,FIXED,True,True,False
2026-04-15,C,RHYME_C: Steady_Bullish_Growth,0.0,Low,False,0.027341558476950745,0.41012337715426117,BUGGY,A,RHYME_A: Euphoric_Volatility,0.02188393964695093,High,True,0.027341558476950745,0.41012337715426117,FIXED,True,True,False
2026-04-16,C,RHYME_C: Steady_Bullish_Growth,0.0,Low,False,0.029652791455834437,0.44479187183751656,BUGGY,A,RHYME_A: Euphoric_Volatility,0.021886706212115734,High,True,0.029652791455834437,0.44479187183751656,FIXED,True,True,False
2026-04-17,C,RHYME_C: Steady_Bullish_Growth,0.0,Low,False,0.034637923060052866,0.519568845900793,BUGGY,A,RHYME_A: Euphoric_Volatility,0.02189451872971519,High,True,0.034637923060052866,0.519568845900793,FIXED,True,True,False
2026-04-18,C,RHYME_C: Steady_Bullish_Growth,0.0,Low,False,0.03529769933756177,0.5294654900634266,BUGGY,A,RHYME_A: Euphoric_Volatility,0.021875800421906167,High,True,0.03529769933756177,0.5294654900634266,FIXED,True,True,False
2026-04-19,C,RHYME_C: Steady_Bullish_Growth,0.0,Low,False,0.03501709999707714,0.5252564999561571,BUGGY,A,RHYME_A: Euphoric_Volatility,0.021856306698439697,High,True,0.03501709999707714,0.5252564999561571,FIXED,True,True,False
2026-04-20,C,RHYME_C: Steady_Bullish_Growth,0.0,Low,False,0.035767313163517,0.536509697452755,BUGGY,A,RHYME_A: Euphoric_Volatility,0.021850129380989403,High,True,0.035767313163517,0.536509697452755,FIXED,True,True,False
2026-04-21,C,RHYME_C: Steady_Bullish_Growth,0.0,Low,False,0.03340226954688941,0.5010340432033411,BUGGY,A,RHYME_A: Euphoric_Volatility,0.02185194240987922,High,True,0.03340226954688941,0.5010340432033411,FIXED,True,True,False
2026-04-22,C,RHYME_C: Steady_Bullish_Growth,0.0,Low,False,0.029106541338007164,0.43659812007010745,BUGGY,A,RHYME_A: Euphoric_Volatility,0.021849746983024037,High,True,0.029106541338007164,0.43659812007010745,FIXED,True,True,False
2026-04-23,C,RHYME_C: Steady_Bullish_Growth,0.0,Low,False,0.024904282567616898,0.37356423851425347,BUGGY,A,RHYME_A: Euphoric_Volatility,0.021884033007077714,High,True,0.024904282567616898,0.37356423851425347,FIXED,True,True,False
2026-04-24,C,RHYME_C: Steady_Bullish_Growth,0.0,Low,False,0.021716214325545158,0.32574321488317737,BUGGY,A,RHYME_A: Euphoric_Volatility,0.021887164460141592,High,True,0.021716214325545158,0.32574321488317737,FIXED,True,True,False
2026-04-25,C,RHYME_C: Steady_Bullish_Growth,0.0,Low,False,0.017373280520555756,0.26059920780833634,BUGGY,A,RHYME_A: Euphoric_Volatility,0.02186651081832254,High,True,0.017373280520555756,0.26059920780833634,FIXED,True,True,False
2026-04-26,C,RHYME_C: Steady_Bullish_Growth,0.0,Low,False,0.015124245506184186,0.2268636825927628,BUGGY,A,RHYME_A: Euphoric_Volatility,0.021846255647731908,High,True,0.015124245506184186,0.2268636825927628,FIXED,True,True,False
2026-04-27,C,RHYME_C: Steady_Bullish_Growth,0.0,Low,False,0.012064094238875667,0.180961413583135,BUGGY,A,RHYME_A: Euphoric_Volatility,0.021837912698275095,High,True,0.012064094238875667,0.180961413583135,FIXED,True,True,False
2026-04-28,C,RHYME_C: Steady_Bullish_Growth,0.0,Low,False,0.010533936584942616,0.15800904877413924,BUGGY,A,RHYME_A: Euphoric_Volatility,0.021840558848993802,High,True,0.010533936584942616,0.15800904877413924,FIXED,True,True,False
2026-04-29,C,RHYME_C: Steady_Bullish_Growth,0.0,Low,False,0.008381612577277098,0.12572418865915647,BUGGY,A,RHYME_A: Euphoric_Volatility,0.02184837530493243,High,True,0.008381612577277098,0.12572418865915647,FIXED,True,True,False
2026-04-30,C,RHYME_C: Steady_Bullish_Growth,0.0,Low,False,0.00803286793065583,0.12049301895983744,BUGGY,A,RHYME_A: Euphoric_Volatility,0.02186186141208042,High,True,0.00803286793065583,0.12049301895983744,FIXED,True,True,False
2026-05-01,D,RHYME_D: Range_Bound_Neutral,0.0,Low,False,0.007665402689553513,0.1149810403433027,BUGGY,D,RHYME_D: Range_Bound_Neutral,0.021861186915049464,High,True,0.007665402689553513,0.1149810403433027,FIXED,False,False,False
2026-05-02,D,RHYME_D: Range_Bound_Neutral,0.0,Low,False,0.007572213357785351,0.11358320036678027,BUGGY,D,RHYME_D: Range_Bound_Neutral,0.021841406824983117,High,True,0.007572213357785351,0.11358320036678027,FIXED,False,False,False
2026-05-03,D,RHYME_D: Range_Bound_Neutral,0.0,Low,False,0.00881388123644955,0.13220821854674325,BUGGY,D,RHYME_D: Range_Bound_Neutral,0.021821312634365545,High,True,0.00881388123644955,0.13220821854674325,FIXED,False,False,False
2026-05-04,D,RHYME_D: Range_Bound_Neutral,0.0,Low,False,0.009104088434923607,0.1365613265238541,BUGGY,D,RHYME_D: Range_Bound_Neutral,0.021820582158010072,High,True,0.009104088434923607,0.1365613265238541,FIXED,False,False,False
2026-05-05,D,RHYME_D: Range_Bound_Neutral,0.0,Low,False,0.008358487788756142,0.12537731683134212,BUGGY,D,RHYME_D: Range_Bound_Neutral,0.021825074998311107,High,True,0.008358487788756142,0.12537731683134212,FIXED,False,False,False
2026-05-06,D,RHYME_D: Range_Bound_Neutral,0.0,Low,False,0.010820768698694527,0.1623115304804179,BUGGY,D,RHYME_D: Range_Bound_Neutral,0.021870754930975213,High,True,0.010820768698694527,0.1623115304804179,FIXED,False,False,False
2026-05-07,D,RHYME_D: Range_Bound_Neutral,0.0,Low,False,0.013247697826882732,0.19871546740324098,BUGGY,D,RHYME_D: Range_Bound_Neutral,0.021905545192836266,High,True,0.013247697826882732,0.19871546740324098,FIXED,False,False,False
2026-05-08,D,RHYME_D: Range_Bound_Neutral,0.0,Low,False,0.016746758789193628,0.2512013818379044,BUGGY,D,RHYME_D: Range_Bound_Neutral,0.02191689320330016,High,True,0.016746758789193628,0.2512013818379044,FIXED,False,False,False
2026-05-09,C,RHYME_C: Steady_Bullish_Growth,0.0,Low,False,0.021247767531800132,0.318716512977002,BUGGY,A,RHYME_A: Euphoric_Volatility,0.021897435370698073,High,True,0.021247767531800132,0.318716512977002,FIXED,True,True,False
2026-05-10,C,RHYME_C: Steady_Bullish_Growth,0.0,Low,False,0.024235116801557544,0.36352675202336315,BUGGY,A,RHYME_A: Euphoric_Volatility,0.02188089057329088,High,True,0.024235116801557544,0.36352675202336315,FIXED,True,True,False
2026-05-11,C,RHYME_C: Steady_Bullish_Growth,0.0,Low,False,0.02304184989021474,0.3456277483532211,BUGGY,A,RHYME_A: Euphoric_Volatility,0.021891028660825707,High,True,0.02304184989021474,0.3456277483532211,FIXED,True,True,False
2026-05-12,C,RHYME_C: Steady_Bullish_Growth,0.0,Low,False,0.02268620196718585,0.3402930295077877,BUGGY,A,RHYME_A: Euphoric_Volatility,0.021896394326426143,High,True,0.02268620196718585,0.3402930295077877,FIXED,True,True,False
2026-05-13,C,RHYME_C: Steady_Bullish_Growth,0.0,Low,False,0.019973420847082313,0.2996013127062347,BUGGY,A,RHYME_A: Euphoric_Volatility,0.021893738831217126,High,True,0.019973420847082313,0.2996013127062347,FIXED,True,True,False
2026-05-14,C,RHYME_C: Steady_Bullish_Growth,0.0,Low,False,0.01862630023008527,0.27939450345127903,BUGGY,A,RHYME_A: Euphoric_Volatility,0.021891432880585798,High,True,0.01862630023008527,0.27939450345127903,FIXED,True,True,False
2026-05-15,C,RHYME_C: Steady_Bullish_Growth,0.0,Low,False,0.014614206178305444,0.21921309267458167,BUGGY,A,RHYME_A: Euphoric_Volatility,0.021897410866310207,High,True,0.014614206178305444,0.21921309267458167,FIXED,True,True,False
2026-05-16,C,RHYME_C: Steady_Bullish_Growth,0.0,Low,False,0.010315811584235002,0.15473717376352503,BUGGY,A,RHYME_A: Euphoric_Volatility,0.021879033322651672,High,True,0.010315811584235002,0.15473717376352503,FIXED,True,True,False
2026-05-17,D,RHYME_D: Range_Bound_Neutral,0.0,Low,False,0.005740746386659223,0.08611119579988835,BUGGY,D,RHYME_D: Range_Bound_Neutral,0.02186001538335653,High,True,0.005740746386659223,0.08611119579988835,FIXED,False,False,False
2026-05-18,D,RHYME_D: Range_Bound_Neutral,0.0,Low,False,0.003607459141345082,0.05411188712017623,BUGGY,D,RHYME_D: Range_Bound_Neutral,0.021864094571758273,High,True,0.003607459141345082,0.05411188712017623,FIXED,False,False,False
2026-05-19,D,RHYME_D: Range_Bound_Neutral,0.0,Low,False,-0.00046983023346525155,-0.007047453501978773,BUGGY,D,RHYME_D: Range_Bound_Neutral,0.02185881105690482,High,True,-0.00046983023346525155,-0.007047453501978773,FIXED,False,False,False
2026-05-20,D,RHYME_D: Range_Bound_Neutral,0.0,Low,False,0.001454328039780295,0.021814920596704424,BUGGY,D,RHYME_D: Range_Bound_Neutral,0.021865730049950377,High,True,0.001454328039780295,0.021814920596704424,FIXED,False,False,False
2026-05-21,D,RHYME_D: Range_Bound_Neutral,0.0,Low,False,0.0045911992745766295,0.06886798911864944,BUGGY,D,RHYME_D: Range_Bound_Neutral,0.02186397226384671,High,True,0.0045911992745766295,0.06886798911864944,FIXED,False,False,False
2026-05-22,D,RHYME_D: Range_Bound_Neutral,0.0,Low,False,0.009515898944035595,0.14273848416053392,BUGGY,D,RHYME_D: Range_Bound_Neutral,0.021866067602615176,High,True,0.009515898944035595,0.14273848416053392,FIXED,False,False,False
2026-05-23,D,RHYME_D: Range_Bound_Neutral,0.0,Low,False,0.01258385821995911,0.18875787329938665,BUGGY,D,RHYME_D: Range_Bound_Neutral,0.02184920102942025,High,True,0.01258385821995911,0.18875787329938665,FIXED,False,False,False
2026-05-24,D,RHYME_D: Range_Bound_Neutral,0.0,Low,False,0.016145716307511382,0.24218574461267073,BUGGY,D,RHYME_D: Range_Bound_Neutral,0.021830648877321654,High,True,0.016145716307511382,0.24218574461267073,FIXED,False,False,False
2026-05-25,C,RHYME_C: Steady_Bullish_Growth,0.0,Low,False,0.01758829604933787,0.26382444074006806,BUGGY,A,RHYME_A: Euphoric_Volatility,0.021814539827970342,High,True,0.01758829604933787,0.26382444074006806,FIXED,True,True,False
2026-05-26,C,RHYME_C: Steady_Bullish_Growth,0.0,Low,False,0.01932023378460701,0.28980350676910516,BUGGY,A,RHYME_A: Euphoric_Volatility,0.021816411578725742,High,True,0.01932023378460701,0.28980350676910516,FIXED,True,True,False
2026-05-27,C,RHYME_C: Steady_Bullish_Growth,0.0,Low,False,0.0186967480740603,0.2804512211109045,BUGGY,A,RHYME_A: Euphoric_Volatility,0.02181548268313012,High,True,0.0186967480740603,0.2804512211109045,FIXED,True,True,False
2026-05-28,C,RHYME_C: Steady_Bullish_Growth,0.0,Low,False,0.019628557297084903,0.29442835945627355,BUGGY,A,RHYME_A: Euphoric_Volatility,0.02183751112172889,High,True,0.019628557297084903,0.29442835945627355,FIXED,True,True,False
2026-05-29,C,RHYME_C: Steady_Bullish_Growth,0.0,Low,False,0.02218722353697644,0.3328083530546466,BUGGY,A,RHYME_A: Euphoric_Volatility,0.021869612266319657,High,True,0.02218722353697644,0.3328083530546466,FIXED,True,True,False
2026-05-30,C,RHYME_C: Steady_Bullish_Growth,0.0,Low,False,0.02447188884372764,0.3670783326559146,BUGGY,A,RHYME_A: Euphoric_Volatility,0.021851327249334456,High,True,0.02447188884372764,0.3670783326559146,FIXED,True,True,False
2026-05-31,C,RHYME_C: Steady_Bullish_Growth,0.0,Low,False,0.02594779482715004,0.3892169224072506,BUGGY,A,RHYME_A: Euphoric_Volatility,0.02183527281832526,High,True,0.02594779482715004,0.3892169224072506,FIXED,True,True,False
2026-06-01,C,RHYME_C: Steady_Bullish_Growth,0.0,Low,False,0.028495815504371524,0.42743723256557287,BUGGY,A,RHYME_A: Euphoric_Volatility,0.021861289804031993,High,True,0.028495815504371524,0.42743723256557287,FIXED,True,True,False
2026-06-02,C,RHYME_C: Steady_Bullish_Growth,0.0,Low,False,0.028703525416737596,0.43055288125106395,BUGGY,A,RHYME_A: Euphoric_Volatility,0.02189683064397244,High,True,0.028703525416737596,0.43055288125106395,FIXED,True,True,False
2026-06-03,C,RHYME_C: Steady_Bullish_Growth,0.0,Low,False,0.026065034906772366,0.3909755236015855,BUGGY,A,RHYME_A: Euphoric_Volatility,0.021905491101848796,High,True,0.026065034906772366,0.3909755236015855,FIXED,True,True,False
2026-06-04,C,RHYME_C: Steady_Bullish_Growth,0.0,Low,False,0.02407915823760054,0.3611873735640081,BUGGY,A,RHYME_A: Euphoric_Volatility,0.021919961363667473,High,True,0.02407915823760054,0.3611873735640081,FIXED,True,True,False
2026-06-05,C,RHYME_C: Steady_Bullish_Growth,0.0,Low,False,0.018364088168580706,0.2754613225287106,BUGGY,A,RHYME_A: Euphoric_Volatility,0.02195822634570348,High,True,0.018364088168580706,0.2754613225287106,FIXED,True,True,False
2026-06-06,C,RHYME_C: Steady_Bullish_Growth,0.0,Low,False,0.011548820701159146,0.1732323105173872,BUGGY,A,RHYME_A: Euphoric_Volatility,0.021940200707657218,High,True,0.011548820701159146,0.1732323105173872,FIXED,True,True,False
2026-06-07,D,RHYME_D: Range_Bound_Neutral,0.0,Low,False,0.005445909396354587,0.0816886409453188,BUGGY,D,RHYME_D: Range_Bound_Neutral,0.02192518530082512,High,True,0.005445909396354587,0.0816886409453188,FIXED,False,False,False
2026-06-08,D,RHYME_D: Range_Bound_Neutral,0.0,Low,False,0.000643672287135022,0.00965508430702533,BUGGY,D,RHYME_D: Range_Bound_Neutral,0.021924440425010714,High,True,0.000643672287135022,0.00965508430702533,FIXED,False,False,False
2026-06-09,D,RHYME_D: Range_Bound_Neutral,0.0,Low,False,-0.004094498131314905,-0.06141747196972358,BUGGY,D,RHYME_D: Range_Bound_Neutral,0.021931772807734097,High,True,-0.004094498131314905,-0.06141747196972358,FIXED,False,False,False
2026-06-10,D,RHYME_D: Range_Bound_Neutral,0.0,Low,False,-0.005846637365161111,-0.08769956047741667,BUGGY,D,RHYME_D: Range_Bound_Neutral,0.021940803167317575,High,True,-0.005846637365161111,-0.08769956047741667,FIXED,False,False,False
2026-06-11,D,RHYME_D: Range_Bound_Neutral,0.0,Low,False,-0.0033196628554723606,-0.04979494283208541,BUGGY,D,RHYME_D: Range_Bound_Neutral,0.02196524245803451,High,True,-0.0033196628554723606,-0.04979494283208541,FIXED,False,False,False
2026-06-12,D,RHYME_D: Range_Bound_Neutral,0.0,Low,False,0.00011378589013966156,0.0017067883520949234,BUGGY,D,RHYME_D: Range_Bound_Neutral,0.021959700055727352,High,True,0.00011378589013966156,0.0017067883520949234,FIXED,False,False,False
2026-06-13,D,RHYME_D: Range_Bound_Neutral,0.0,Low,False,0.004203290287561057,0.06304935431341585,BUGGY,D,RHYME_D: Range_Bound_Neutral,0.02194290154157766,High,True,0.004203290287561057,0.06304935431341585,FIXED,False,False,False
2026-06-14,D,RHYME_D: Range_Bound_Neutral,0.0,Low,False,0.007008588750390343,0.10512883125585515,BUGGY,D,RHYME_D: Range_Bound_Neutral,0.02186083743303601,High,True,0.007008588750390343,0.10512883125585515,FIXED,False,False,False
2026-06-15,C,RHYME_C: Steady_Bullish_Growth,0.0,Low,False,0.013734045894211233,0.2060106884131685,BUGGY,A,RHYME_A: Euphoric_Volatility,0.02219870424030605,High,True,0.013734045894211233,0.2060106884131685,FIXED,True,True,False
2026-06-16,C,RHYME_C: Steady_Bullish_Growth,0.0,Low,False,0.015085649762074382,0.22628474643111574,BUGGY,A,RHYME_A: Euphoric_Volatility,0.02213676691313834,High,True,0.015085649762074382,0.22628474643111574,FIXED,True,True,False
2026-06-17,C,RHYME_C: Steady_Bullish_Growth,0.0,Low,False,0.012800207409256359,0.19200311113884538,BUGGY,A,RHYME_A: Euphoric_Volatility,0.022192644707744597,High,True,0.012800207409256359,0.19200311113884538,FIXED,True,True,False
2026-06-18,C,RHYME_C: Steady_Bullish_Growth,0.0,Low,False,0.010926915563470363,0.16390373345205544,BUGGY,A,RHYME_A: Euphoric_Volatility,0.022177027544365086,High,True,0.010926915563470363,0.16390373345205544,FIXED,True,True,False
2026-06-19,C,RHYME_C: Steady_Bullish_Growth,0.0,Low,False,0.008777463476811853,0.1316619521521778,BUGGY,A,RHYME_A: Euphoric_Volatility,0.022134856834682696,High,True,0.008777463476811853,0.1316619521521778,FIXED,True,True,False
2026-06-20,C,RHYME_C: Steady_Bullish_Growth,0.0,Low,False,0.0050256687209919715,0.07538503081487957,BUGGY,A,RHYME_A: Euphoric_Volatility,0.022097852336164278,High,True,0.0050256687209919715,0.07538503081487957,FIXED,True,True,False
2026-06-21,C,RHYME_C: Steady_Bullish_Growth,0.0,Low,False,0.0017930856703101128,0.026896285054651692,BUGGY,A,RHYME_A: Euphoric_Volatility,0.022064677998472722,High,True,0.0017930856703101128,0.026896285054651692,FIXED,True,True,False
2026-06-22,C,RHYME_C: Steady_Bullish_Growth,0.0,Low,False,0.0024226097449202566,0.03633914617380385,BUGGY,A,RHYME_A: Euphoric_Volatility,0.022105669444321737,High,True,0.0024226097449202566,0.03633914617380385,FIXED,True,True,False
2026-06-23,D,RHYME_D: Range_Bound_Neutral,0.0,Low,False,0.0012720077918197958,0.019080116877296938,BUGGY,D,RHYME_D: Range_Bound_Neutral,0.022099838369713045,High,True,0.0012720077918197958,0.019080116877296938,FIXED,False,False,False
2026-06-24,D,RHYME_D: Range_Bound_Neutral,0.0,Low,False,0.0014293172532762188,0.021439758799143283,BUGGY,D,RHYME_D: Range_Bound_Neutral,0.022097431745110124,High,True,0.0014293172532762188,0.021439758799143283,FIXED,False,False,False
2026-06-25,D,RHYME_D: Range_Bound_Neutral,0.0,Low,False,0.0015165618430306171,0.022748427645459257,BUGGY,D,RHYME_D: Range_Bound_Neutral,0.022095829880125283,High,True,0.0015165618430306171,0.022748427645459257,FIXED,False,False,False
2026-06-26,D,RHYME_D: Range_Bound_Neutral,0.0,Low,False,0.004141532460719688,0.06212298691079532,BUGGY,D,RHYME_D: Range_Bound_Neutral,0.022101985173128974,High,True,0.004141532460719688,0.06212298691079532,FIXED,False,False,False
2026-06-27,D,RHYME_D: Range_Bound_Neutral,0.0,Low,False,0.006765881579355648,0.10148822369033472,BUGGY,D,RHYME_D: Range_Bound_Neutral,0.02207600602912832,High,True,0.006765881579355648,0.10148822369033472,FIXED,False,False,False
2026-06-28,D,RHYME_D: Range_Bound_Neutral,0.0,Low,False,0.009825698943205952,0.14738548414808927,BUGGY,D,RHYME_D: Range_Bound_Neutral,0.022050599741366878,High,True,0.009825698943205952,0.14738548414808927,FIXED,False,False,False
2026-06-29,D,RHYME_D: Range_Bound_Neutral,0.0,Low,False,0.013297426013811897,0.19946139020717846,BUGGY,D,RHYME_D: Range_Bound_Neutral,0.022052332782126732,High,True,0.013297426013811897,0.19946139020717846,FIXED,False,False,False
2026-06-30,D,RHYME_D: Range_Bound_Neutral,0.0,Low,False,0.014193300198984016,0.21289950298476024,BUGGY,D,RHYME_D: Range_Bound_Neutral,0.022048726913510928,High,True,0.014193300198984016,0.21289950298476024,FIXED,False,False,False
2026-07-01,C,RHYME_C: Steady_Bullish_Growth,0.0,Low,False,0.01486798255261812,0.2230197382892718,BUGGY,A,RHYME_A: Euphoric_Volatility,0.022063664296325787,High,True,0.01486798255261812,0.2230197382892718,FIXED,True,True,False
2026-07-02,C,RHYME_C: Steady_Bullish_Growth,0.0,Low,False,0.018419755693380724,0.27629633540071086,BUGGY,A,RHYME_A: Euphoric_Volatility,0.022076238055695453,High,True,0.018419755693380724,0.27629633540071086,FIXED,True,True,False
2026-07-03,C,RHYME_C: Steady_Bullish_Growth,0.0,Low,False,0.022623830813522705,0.3393574622028406,BUGGY,A,RHYME_A: Euphoric_Volatility,0.02205565155014445,High,True,0.022623830813522705,0.3393574622028406,FIXED,True,True,False
2026-07-04,C,RHYME_C: Steady_Bullish_Growth,0.0,Low,False,0.02570100538609732,0.3855150807914598,BUGGY,A,RHYME_A: Euphoric_Volatility,0.022033469993674077,High,True,0.02570100538609732,0.3855150807914598,FIXED,True,True,False
2026-07-05,C,RHYME_C: Steady_Bullish_Growth,0.0,Low,False,0.029574315423922748,0.4436147313588412,BUGGY,A,RHYME_A: Euphoric_Volatility,0.022011421396036776,High,True,0.029574315423922748,0.4436147313588412,FIXED,True,True,False
2026-07-06,C,RHYME_C: Steady_Bullish_Growth,0.0,Low,False,0.031755877097907614,0.4763381564686142,BUGGY,A,RHYME_A: Euphoric_Volatility,0.022006050962008368,High,True,0.031755877097907614,0.4763381564686142,FIXED,True,True,False
2026-07-07,C,RHYME_C: Steady_Bullish_Growth,0.0,Low,False,0.029844167295322688,0.4476625094298403,BUGGY,A,RHYME_A: Euphoric_Volatility,0.022009123210814104,High,True,0.029844167295322688,0.4476625094298403,FIXED,True,True,False
2026-07-08,C,RHYME_C: Steady_Bullish_Growth,0.0,Low,False,0.025377073596169586,0.3806561039425438,BUGGY,A,RHYME_A: Euphoric_Volatility,0.022010789525861437,High,True,0.025377073596169586,0.3806561039425438,FIXED,True,True,False
2026-07-09,C,RHYME_C: Steady_Bullish_Growth,0.0,Low,False,0.022457953780842033,0.3368693067126305,BUGGY,A,RHYME_A: Euphoric_Volatility,0.022007208653178064,High,True,0.022457953780842033,0.3368693067126305,FIXED,True,True,False
2026-07-10,C,RHYME_C: Steady_Bullish_Growth,0.0,Low,False,0.02023866642940164,0.3035799964410246,BUGGY,A,RHYME_A: Euphoric_Volatility,0.021998019843763515,High,True,0.02023866642940164,0.3035799964410246,FIXED,True,True,False
2026-07-11,C,RHYME_C: Steady_Bullish_Growth,0.0,Low,False,0.01720505863048971,0.25807587945734567,BUGGY,A,RHYME_A: Euphoric_Volatility,0.021977531205531725,High,True,0.01720505863048971,0.25807587945734567,FIXED,True,True,False
2026-07-12,C,RHYME_C: Steady_Bullish_Growth,0.0,Low,False,0.014293814393681048,0.21440721590521572,BUGGY,A,RHYME_A: Euphoric_Volatility,0.021957229749051344,High,True,0.014293814393681048,0.21440721590521572,FIXED,True,True,False
2026-07-13,C,RHYME_C: Steady_Bullish_Growth,0.0,Low,False,0.01404216568914185,0.21063248533712775,BUGGY,A,RHYME_A: Euphoric_Volatility,0.021955375730442563,High,True,0.01404216568914185,0.21063248533712775,FIXED,True,True,False
2026-07-14,C,RHYME_C: Steady_Bullish_Growth,0.0,Low,False,0.012577919875494059,0.1886687981324109,BUGGY,A,RHYME_A: Euphoric_Volatility,0.02196362838293314,High,True,0.012577919875494059,0.1886687981324109,FIXED,True,True,False
2026-07-15,C,RHYME_C: Steady_Bullish_Growth,0.0,Low,False,0.010444452231683998,0.15666678347525997,BUGGY,A,RHYME_A: Euphoric_Volatility,0.021964889848142457,High,True,0.010444452231683998,0.15666678347525997,FIXED,True,True,False
2026-07-16,C,RHYME_C: Steady_Bullish_Growth,0.0,Low,False,0.009867017434404879,0.14800526151607318,BUGGY,A,RHYME_A: Euphoric_Volatility,0.021978886307981328,High,True,0.009867017434404879,0.14800526151607318,FIXED,True,True,False
2026-07-17,C,RHYME_C: Steady_Bullish_Growth,0.0,Low,False,0.008321994205491956,0.12482991308237934,BUGGY,A,RHYME_A: Euphoric_Volatility,0.021977829093076755,High,True,0.008321994205491956,0.12482991308237934,FIXED,True,True,False
2026-07-18,D,RHYME_D: Range_Bound_Neutral,0.0,Low,False,0.006924087174764448,0.10386130762146673,BUGGY,D,RHYME_D: Range_Bound_Neutral,0.021958517817424483,High,True,0.006924087174764448,0.10386130762146673,FIXED,False,False,False
2026-07-19,D,RHYME_D: Range_Bound_Neutral,0.00041145596950800325,Low,False,0.004762074289369034,0.0714311143405355,BUGGY,D,RHYME_D: Range_Bound_Neutral,0.021874980876526937,High,True,0.004762074289369034,0.0714311143405355,FIXED,False,False,False
2026-07-20,D,RHYME_D: Range_Bound_Neutral,0.007265812372505131,Low,False,0.0021501569167319268,0.0322523537509789,BUGGY,D,RHYME_D: Range_Bound_Neutral,0.021865451092368007,High,True,0.0021501569167319268,0.0322523537509789,FIXED,False,False,False
2026-07-21,D,RHYME_D: Range_Bound_Neutral,0.012458349347227924,Low,False,-0.00012693451061118743,-0.0019040176591678115,BUGGY,D,RHYME_D: Range_Bound_Neutral,0.021868225814946275,High,True,-0.00012693451061118743,-0.0019040176591678115,FIXED,False,False,False
2026-07-22,D,RHYME_D: Range_Bound_Neutral,0.014083727868270711,Low,False,-0.0005057636969583168,-0.007586455454374752,BUGGY,D,RHYME_D: Range_Bound_Neutral,0.021869483874270786,High,True,-0.0005057636969583168,-0.007586455454374752,FIXED,False,False,False
2026-07-23,D,RHYME_D: Range_Bound_Neutral,0.01630032868908591,Low,False,-0.0015360032631654974,-0.02304004894748246,BUGGY,D,RHYME_D: Range_Bound_Neutral,0.021880630588773986,High,True,-0.0015360032631654974,-0.02304004894748246,FIXED,False,False,False
2026-07-24,D,RHYME_D: Range_Bound_Neutral,0.01761595026805437,Low,False,-0.001180300537323209,-0.017704508059848134,BUGGY,D,RHYME_D: Range_Bound_Neutral,0.021885387934698495,High,True,-0.001180300537323209,-0.017704508059848134,FIXED,False,False,False
2026-07-25,D,RHYME_D: Range_Bound_Neutral,0.016772340014200283,Low,False,0.0002233972391243455,0.0033509585868651826,BUGGY,D,RHYME_D: Range_Bound_Neutral,0.021870761163255852,High,True,0.0002233972391243455,0.0033509585868651826,FIXED,False,False,False
2026-07-26,D,RHYME_D: Range_Bound_Neutral,0.01594204230785586,Low,False,0.0008350385655941928,0.012525578483912891,BUGGY,D,RHYME_D: Range_Bound_Neutral,0.02185355872958618,High,True,0.0008350385655941928,0.012525578483912891,FIXED,False,False,False
2026-07-27,D,RHYME_D: Range_Bound_Neutral,0.017141303947621138,Low,False,0.002399711015383277,0.03599566523074915,BUGGY,D,RHYME_D: Range_Bound_Neutral,0.021858251655498397,High,True,0.002399711015383277,0.03599566523074915,FIXED,False,False,False
2026-07-28,D,RHYME_D: Range_Bound_Neutral,0.018088103152702224,Low,False,0.005518802374299581,0.08278203561449371,BUGGY,D,RHYME_D: Range_Bound_Neutral,0.021869999973791427,High,True,0.005518802374299581,0.08278203561449371,FIXED,False,False,False
2026-07-29,D,RHYME_D: Range_Bound_Neutral,0.018906921818352074,Low,False,0.005831872277509698,0.08747808416264546,BUGGY,D,RHYME_D: Range_Bound_Neutral,0.021880016824881183,High,True,0.005831872277509698,0.08747808416264546,FIXED,False,False,False
2026-07-30,D,RHYME_D: Range_Bound_Neutral,0.020823347414654483,High,True,0.006785526765567429,0.10178290148351143,BUGGY,D,RHYME_D: Range_Bound_Neutral,0.021911335098561115,High,True,0.006785526765567429,0.10178290148351143,FIXED,False,False,False
2026-07-31,D,RHYME_D: Range_Bound_Neutral,0.020859165120081274,High,True,0.006871514622993846,0.10307271934490769,BUGGY,D,RHYME_D: Range_Bound_Neutral,0.02191251779905437,High,True,0.006871514622993846,0.10307271934490769,FIXED,False,False,False
2026-08-01,D,RHYME_D: Range_Bound_Neutral,0.02015135778051667,High,True,0.005918771960436109,0.08878157940654163,BUGGY,D,RHYME_D: Range_Bound_Neutral,0.02189472241660427,High,True,0.005918771960436109,0.08878157940654163,FIXED,False,False,False
2026-08-02,D,RHYME_D: Range_Bound_Neutral,0.019547956534983243,Low,False,0.0035001542491515103,0.052502313737272654,BUGGY,D,RHYME_D: Range_Bound_Neutral,0.02187763673912496,High,True,0.0035001542491515103,0.052502313737272654,FIXED,False,False,False
