timestamp,event,symbol,ticker,side,regime,pair_key,z_score,equity,cash,notional,qty,price,sleeve,exit_reason,notes
2026-06-19 22:01:53,cycle,,,,RHYME_D: Range_Bound_Neutral,,,98156.89,5115.03,,,,,,crypto=0 equity=0; spy=0 crypto_cap=20.00% nyse_cap=5.52%; game_plan stress=False gate=False metal=$1648.06; sleeve_pnl=CRYPTO +1.4% | NYSE -0.1% UW
2026-06-19 22:04:57,cycle,,,,RHYME_D: Range_Bound_Neutral,,,98156.89,5115.03,,,,,,crypto=0 equity=0; spy=0 crypto_cap=20.00% nyse_cap=5.52%; game_plan stress=False gate=False metal=$1648.06; sleeve_pnl=CRYPTO +1.4% | NYSE -0.1% UW
2026-06-19 22:08:00,cycle,,,,RHYME_D: Range_Bound_Neutral,,,98156.89,5115.03,,,,,,crypto=0 equity=0; spy=0 crypto_cap=20.00% nyse_cap=5.52%; game_plan stress=False gate=False metal=$1648.06; sleeve_pnl=CRYPTO +1.4% | NYSE -0.1% UW
2026-06-19 22:11:05,cycle,,,,RHYME_D: Range_Bound_Neutral,,,98156.89,5115.03,,,,,,crypto=0 equity=0; spy=0 crypto_cap=20.00% nyse_cap=5.52%; game_plan stress=False gate=False metal=$1648.06; sleeve_pnl=CRYPTO +1.4% | NYSE -0.1% UW
2026-06-19 22:14:09,cycle,,,,RHYME_D: Range_Bound_Neutral,,,98156.89,5115.03,,,,,,crypto=0 equity=0; spy=0 crypto_cap=20.00% nyse_cap=5.52%; game_plan stress=False gate=False metal=$1648.06; sleeve_pnl=CRYPTO +1.4% | NYSE -0.1% UW
2026-06-19 22:17:13,cycle,,,,RHYME_D: Range_Bound_Neutral,,,98156.89,5115.03,,,,,,crypto=0 equity=0; spy=0 crypto_cap=20.00% nyse_cap=5.52%; game_plan stress=False gate=False metal=$1648.06; sleeve_pnl=CRYPTO +1.4% | NYSE -0.1% UW
2026-06-19 22:20:15,cycle,,,,RHYME_D: Range_Bound_Neutral,,,98156.89,5115.03,,,,,,crypto=0 equity=0; spy=0 crypto_cap=20.00% nyse_cap=5.52%; game_plan stress=False gate=False metal=$1648.06; sleeve_pnl=CRYPTO +1.4% | NYSE -0.1% UW
2026-06-19 22:23:18,cycle,,,,RHYME_D: Range_Bound_Neutral,,,98174.02,5115.03,,,,,,crypto=0 equity=0; spy=0 crypto_cap=20.00% nyse_cap=5.52%; game_plan stress=False gate=False metal=$1648.06; sleeve_pnl=CRYPTO +1.8% | NYSE -0.1% UW
2026-06-19 22:26:21,cycle,,,,RHYME_D: Range_Bound_Neutral,,,98180.05,5115.03,,,,,,crypto=0 equity=0; spy=0 crypto_cap=20.00% nyse_cap=5.52%; game_plan stress=False gate=False metal=$1648.06; sleeve_pnl=CRYPTO +1.9% | NYSE -0.1% UW
2026-06-19 22:29:24,cycle,,,,RHYME_D: Range_Bound_Neutral,,,98180.05,5115.03,,,,,,crypto=0 equity=0; spy=0 crypto_cap=20.00% nyse_cap=5.52%; game_plan stress=False gate=False metal=$1648.06; sleeve_pnl=CRYPTO +1.9% | NYSE -0.1% UW
2026-06-19 22:32:27,cycle,,,,RHYME_D: Range_Bound_Neutral,,,98180.05,5115.03,,,,,,crypto=0 equity=0; spy=0 crypto_cap=20.00% nyse_cap=5.52%; game_plan stress=False gate=False metal=$1648.06; sleeve_pnl=CRYPTO +1.9% | NYSE -0.1% UW
2026-06-19 22:35:29,cycle,,,,RHYME_D: Range_Bound_Neutral,,,98180.05,5115.03,,,,,,crypto=0 equity=0; spy=0 crypto_cap=20.00% nyse_cap=5.52%; game_plan stress=False gate=False metal=$1648.06; sleeve_pnl=CRYPTO +1.9% | NYSE -0.1% UW
2026-06-19 22:38:31,cycle,,,,RHYME_D: Range_Bound_Neutral,,,98172.84,5115.03,,,,,,crypto=0 equity=0; spy=0 crypto_cap=20.00% nyse_cap=5.52%; game_plan stress=False gate=False metal=$1648.06; sleeve_pnl=CRYPTO +1.8% | NYSE -0.1% UW
2026-06-19 22:41:34,cycle,,,,RHYME_D: Range_Bound_Neutral,,,98174.92,5115.03,,,,,,crypto=0 equity=0; spy=0 crypto_cap=20.00% nyse_cap=5.52%; game_plan stress=False gate=False metal=$1648.06; sleeve_pnl=CRYPTO +1.8% | NYSE -0.1% UW
2026-06-19 22:44:36,cycle,,,,RHYME_D: Range_Bound_Neutral,,,98182.41,5115.03,,,,,,crypto=0 equity=0; spy=0 crypto_cap=20.00% nyse_cap=5.52%; game_plan stress=False gate=False metal=$1648.06; sleeve_pnl=CRYPTO +2.0% | NYSE -0.1% UW
2026-06-19 22:47:38,cycle,,,,RHYME_D: Range_Bound_Neutral,,,98182.41,5115.03,,,,,,crypto=0 equity=0; spy=0 crypto_cap=20.00% nyse_cap=5.52%; game_plan stress=False gate=False metal=$1648.06; sleeve_pnl=CRYPTO +2.0% | NYSE -0.1% UW
2026-06-19 22:50:40,cycle,,,,RHYME_D: Range_Bound_Neutral,,,98182.41,5115.03,,,,,,crypto=0 equity=0; spy=0 crypto_cap=20.00% nyse_cap=5.52%; game_plan stress=False gate=False metal=$1648.06; sleeve_pnl=CRYPTO +2.0% | NYSE -0.1% UW
2026-06-19 22:53:42,cycle,,,,RHYME_D: Range_Bound_Neutral,,,98182.41,5115.03,,,,,,crypto=0 equity=0; spy=0 crypto_cap=20.00% nyse_cap=5.52%; game_plan stress=False gate=False metal=$1648.06; sleeve_pnl=CRYPTO +2.0% | NYSE -0.1% UW
2026-06-19 22:56:44,cycle,,,,RHYME_D: Range_Bound_Neutral,,,98162.96,5115.03,,,,,,crypto=0 equity=0; spy=0 crypto_cap=20.00% nyse_cap=5.52%; game_plan stress=False gate=False metal=$1648.06; sleeve_pnl=CRYPTO +1.6% | NYSE -0.1% UW
2026-06-19 22:59:47,cycle,,,,RHYME_D: Range_Bound_Neutral,,,98162.96,5115.03,,,,,,crypto=0 equity=0; spy=0 crypto_cap=20.00% nyse_cap=5.52%; game_plan stress=False gate=False metal=$1648.06; sleeve_pnl=CRYPTO +1.6% | NYSE -0.1% UW
2026-06-19 23:02:49,cycle,,,,RHYME_D: Range_Bound_Neutral,,,98162.96,5115.03,,,,,,crypto=0 equity=0; spy=0 crypto_cap=20.00% nyse_cap=5.52%; game_plan stress=False gate=False metal=$1648.06; sleeve_pnl=CRYPTO +1.6% | NYSE -0.1% UW
2026-06-19 23:05:51,cycle,,,,RHYME_D: Range_Bound_Neutral,,,98162.96,5115.03,,,,,,crypto=0 equity=0; spy=0 crypto_cap=20.00% nyse_cap=5.52%; game_plan stress=False gate=False metal=$1648.06; sleeve_pnl=CRYPTO +1.6% | NYSE -0.1% UW
2026-06-19 23:08:53,cycle,,,,RHYME_D: Range_Bound_Neutral,,,98162.96,5115.03,,,,,,crypto=0 equity=0; spy=0 crypto_cap=20.00% nyse_cap=5.52%; game_plan stress=False gate=False metal=$1648.06; sleeve_pnl=CRYPTO +1.6% | NYSE -0.1% UW
2026-06-19 23:11:55,cycle,,,,RHYME_D: Range_Bound_Neutral,,,98162.96,5115.03,,,,,,crypto=0 equity=0; spy=0 crypto_cap=20.00% nyse_cap=5.52%; game_plan stress=False gate=False metal=$1648.06; sleeve_pnl=CRYPTO +1.6% | NYSE -0.1% UW
2026-06-19 23:14:58,cycle,,,,RHYME_D: Range_Bound_Neutral,,,98160.16,5115.03,,,,,,crypto=0 equity=0; spy=0 crypto_cap=20.00% nyse_cap=5.52%; game_plan stress=False gate=False metal=$1648.06; sleeve_pnl=CRYPTO +1.5% | NYSE -0.1% UW
2026-06-19 23:18:00,cycle,,,,RHYME_D: Range_Bound_Neutral,,,98160.16,5115.03,,,,,,crypto=0 equity=0; spy=0 crypto_cap=20.00% nyse_cap=5.52%; game_plan stress=False gate=False metal=$1648.06; sleeve_pnl=CRYPTO +1.5% | NYSE -0.1% UW
2026-06-19 23:21:02,cycle,,,,RHYME_D: Range_Bound_Neutral,,,98160.16,5115.03,,,,,,crypto=0 equity=0; spy=0 crypto_cap=20.00% nyse_cap=5.52%; game_plan stress=False gate=False metal=$1648.06; sleeve_pnl=CRYPTO +1.5% | NYSE -0.1% UW
2026-06-19 23:24:04,cycle,,,,RHYME_D: Range_Bound_Neutral,,,98160.16,5115.03,,,,,,crypto=0 equity=0; spy=0 crypto_cap=20.00% nyse_cap=5.52%; game_plan stress=False gate=False metal=$1648.06; sleeve_pnl=CRYPTO +1.5% | NYSE -0.1% UW
2026-06-19 23:27:06,cycle,,,,RHYME_D: Range_Bound_Neutral,,,98199.89,5115.03,,,,,,crypto=0 equity=0; spy=0 crypto_cap=20.00% nyse_cap=5.52%; game_plan stress=False gate=False metal=$1648.06; sleeve_pnl=CRYPTO +2.4% | NYSE -0.1% UW
2026-06-19 23:30:08,cycle,,,,RHYME_D: Range_Bound_Neutral,,,98199.89,5115.03,,,,,,crypto=0 equity=0; spy=0 crypto_cap=20.00% nyse_cap=5.52%; game_plan stress=False gate=False metal=$1648.06; sleeve_pnl=CRYPTO +2.4% | NYSE -0.1% UW
2026-06-19 23:33:10,cycle,,,,RHYME_D: Range_Bound_Neutral,,,98199.89,5115.03,,,,,,crypto=0 equity=0; spy=0 crypto_cap=20.00% nyse_cap=5.52%; game_plan stress=False gate=False metal=$1648.06; sleeve_pnl=CRYPTO +2.4% | NYSE -0.1% UW
2026-06-19 23:36:13,cycle,,,,RHYME_D: Range_Bound_Neutral,,,98199.89,5115.03,,,,,,crypto=0 equity=0; spy=0 crypto_cap=20.00% nyse_cap=5.52%; game_plan stress=False gate=False metal=$1648.06; sleeve_pnl=CRYPTO +2.4% | NYSE -0.1% UW
2026-06-19 23:39:15,cycle,,,,RHYME_D: Range_Bound_Neutral,,,98193.44,5115.03,,,,,,crypto=0 equity=0; spy=0 crypto_cap=20.00% nyse_cap=5.52%; game_plan stress=False gate=False metal=$1648.06; sleeve_pnl=CRYPTO +2.2% | NYSE -0.1% UW
2026-06-19 23:42:17,cycle,,,,RHYME_D: Range_Bound_Neutral,,,98193.44,5115.03,,,,,,crypto=0 equity=0; spy=0 crypto_cap=20.00% nyse_cap=5.52%; game_plan stress=False gate=False metal=$1648.06; sleeve_pnl=CRYPTO +2.2% | NYSE -0.1% UW
2026-06-19 23:45:19,cycle,,,,RHYME_D: Range_Bound_Neutral,,,98193.44,5115.03,,,,,,crypto=0 equity=0; spy=0 crypto_cap=20.00% nyse_cap=5.52%; game_plan stress=False gate=False metal=$1648.06; sleeve_pnl=CRYPTO +2.2% | NYSE -0.1% UW
2026-06-19 23:48:21,cycle,,,,RHYME_D: Range_Bound_Neutral,,,98234.84,5115.03,,,,,,crypto=0 equity=0; spy=0 crypto_cap=20.00% nyse_cap=5.52%; game_plan stress=False gate=False metal=$1648.06; sleeve_pnl=CRYPTO +3.1% | NYSE -0.1% UW
2026-06-19 23:51:23,cycle,,,,RHYME_D: Range_Bound_Neutral,,,98234.84,5115.03,,,,,,crypto=0 equity=0; spy=0 crypto_cap=20.00% nyse_cap=5.52%; game_plan stress=False gate=False metal=$1648.06; sleeve_pnl=CRYPTO +3.1% | NYSE -0.1% UW
2026-06-19 23:54:25,cycle,,,,RHYME_D: Range_Bound_Neutral,,,98234.84,5115.03,,,,,,crypto=0 equity=0; spy=0 crypto_cap=20.00% nyse_cap=5.52%; game_plan stress=False gate=False metal=$1648.06; sleeve_pnl=CRYPTO +3.1% | NYSE -0.1% UW
2026-06-19 23:57:28,cycle,,,,RHYME_D: Range_Bound_Neutral,,,98234.84,5115.03,,,,,,crypto=0 equity=0; spy=0 crypto_cap=20.00% nyse_cap=5.52%; game_plan stress=False gate=False metal=$1648.06; sleeve_pnl=CRYPTO +3.1% | NYSE -0.1% UW
2026-06-20 00:00:30,cycle,,,,RHYME_D: Range_Bound_Neutral,,,98242.9,5115.03,,,,,,crypto=0 equity=0; spy=0 crypto_cap=20.00% nyse_cap=5.52%; game_plan stress=False gate=False metal=$1648.06; sleeve_pnl=CRYPTO +3.2% | NYSE -0.1% UW
2026-06-20 00:04:19,cycle,,,,RHYME_D: Range_Bound_Neutral,,,98242.9,5115.03,,,,,,crypto=0 equity=0; spy=0 crypto_cap=20.00% nyse_cap=5.52%; game_plan stress=False gate=False metal=$1648.06; sleeve_pnl=CRYPTO +3.2% | NYSE -0.1% UW
2026-06-20 00:07:21,cycle,,,,RHYME_D: Range_Bound_Neutral,,,98242.9,5115.03,,,,,,crypto=0 equity=0; spy=0 crypto_cap=20.00% nyse_cap=5.52%; game_plan stress=False gate=False metal=$1648.06; sleeve_pnl=CRYPTO +3.2% | NYSE -0.1% UW
2026-06-20 00:10:23,cycle,,,,RHYME_D: Range_Bound_Neutral,,,98306.0,5115.03,,,,,,crypto=0 equity=0; spy=0 crypto_cap=20.00% nyse_cap=5.52%; game_plan stress=False gate=False metal=$1648.06; sleeve_pnl=CRYPTO +4.6% | NYSE -0.1% UW
2026-06-20 00:13:25,cycle,,,,RHYME_D: Range_Bound_Neutral,,,98317.92,5115.03,,,,,,crypto=0 equity=0; spy=0 crypto_cap=20.00% nyse_cap=5.52%; game_plan stress=False gate=False metal=$1648.06; sleeve_pnl=CRYPTO +4.8% | NYSE -0.1% UW
2026-06-20 00:16:27,cycle,,,,RHYME_D: Range_Bound_Neutral,,,98315.71,5115.03,,,,,,crypto=0 equity=0; spy=0 crypto_cap=20.00% nyse_cap=5.52%; game_plan stress=False gate=False metal=$1648.06; sleeve_pnl=CRYPTO +4.8% | NYSE -0.1% UW
2026-06-20 00:19:29,cycle,,,,RHYME_D: Range_Bound_Neutral,,,98324.22,5115.03,,,,,,crypto=0 equity=0; spy=0 crypto_cap=20.00% nyse_cap=5.52%; game_plan stress=False gate=False metal=$1648.06; sleeve_pnl=CRYPTO +5.0% | NYSE -0.1% UW
2026-06-20 00:22:31,cycle,,,,RHYME_D: Range_Bound_Neutral,,,98316.82,5115.03,,,,,,crypto=0 equity=0; spy=0 crypto_cap=20.00% nyse_cap=5.52%; game_plan stress=False gate=False metal=$1648.06; sleeve_pnl=CRYPTO +4.8% | NYSE -0.1% UW
2026-06-20 00:25:33,cycle,,,,RHYME_D: Range_Bound_Neutral,,,98274.87,5115.03,,,,,,crypto=0 equity=0; spy=0 crypto_cap=20.00% nyse_cap=5.52%; game_plan stress=False gate=False metal=$1648.06; sleeve_pnl=CRYPTO +3.9% | NYSE -0.1% UW
2026-06-20 00:28:35,cycle,,,,RHYME_D: Range_Bound_Neutral,,,98270.63,5115.03,,,,,,crypto=0 equity=0; spy=0 crypto_cap=20.00% nyse_cap=5.52%; game_plan stress=False gate=False metal=$1648.06; sleeve_pnl=CRYPTO +3.8% | NYSE -0.1% UW
2026-06-20 00:31:37,cycle,,,,RHYME_D: Range_Bound_Neutral,,,98262.03,5115.03,,,,,,crypto=0 equity=0; spy=0 crypto_cap=20.00% nyse_cap=5.52%; game_plan stress=False gate=False metal=$1648.06; sleeve_pnl=CRYPTO +3.6% | NYSE -0.1% UW
2026-06-20 00:34:39,cycle,,,,RHYME_D: Range_Bound_Neutral,,,98262.03,5115.03,,,,,,crypto=0 equity=0; spy=0 crypto_cap=20.00% nyse_cap=5.52%; game_plan stress=False gate=False metal=$1648.06; sleeve_pnl=CRYPTO +3.6% | NYSE -0.1% UW
2026-06-20 00:37:41,cycle,,,,RHYME_D: Range_Bound_Neutral,,,98262.03,5115.03,,,,,,crypto=0 equity=0; spy=0 crypto_cap=20.00% nyse_cap=5.52%; game_plan stress=False gate=False metal=$1648.06; sleeve_pnl=CRYPTO +3.6% | NYSE -0.1% UW
2026-06-20 00:40:43,cycle,,,,RHYME_D: Range_Bound_Neutral,,,98303.15,5115.03,,,,,,crypto=0 equity=0; spy=0 crypto_cap=20.00% nyse_cap=5.52%; game_plan stress=False gate=False metal=$1648.06; sleeve_pnl=CRYPTO +4.5% | NYSE -0.1% UW
2026-06-20 00:43:45,cycle,,,,RHYME_D: Range_Bound_Neutral,,,98303.15,5115.03,,,,,,crypto=0 equity=0; spy=0 crypto_cap=20.00% nyse_cap=5.52%; game_plan stress=False gate=False metal=$1648.06; sleeve_pnl=CRYPTO +4.5% | NYSE -0.1% UW
2026-06-20 00:46:47,cycle,,,,RHYME_D: Range_Bound_Neutral,,,98276.18,5115.03,,,,,,crypto=0 equity=0; spy=0 crypto_cap=20.00% nyse_cap=5.52%; game_plan stress=False gate=False metal=$1648.06; sleeve_pnl=CRYPTO +4.0% | NYSE -0.1% UW
2026-06-20 00:49:49,cycle,,,,RHYME_D: Range_Bound_Neutral,,,98295.59,5115.03,,,,,,crypto=0 equity=0; spy=0 crypto_cap=20.00% nyse_cap=5.52%; game_plan stress=False gate=False metal=$1648.06; sleeve_pnl=CRYPTO +4.3% | NYSE -0.1% UW
2026-06-20 00:52:51,cycle,,,,RHYME_D: Range_Bound_Neutral,,,98293.51,5115.03,,,,,,crypto=0 equity=0; spy=0 crypto_cap=20.00% nyse_cap=5.52%; game_plan stress=False gate=False metal=$1648.06; sleeve_pnl=CRYPTO +4.3% | NYSE -0.1% UW
2026-06-20 00:55:53,cycle,,,,RHYME_D: Range_Bound_Neutral,,,98303.92,5115.03,,,,,,crypto=0 equity=0; spy=0 crypto_cap=20.00% nyse_cap=5.52%; game_plan stress=False gate=False metal=$1648.06; sleeve_pnl=CRYPTO +4.5% | NYSE -0.1% UW
2026-06-20 00:58:55,cycle,,,,RHYME_D: Range_Bound_Neutral,,,98303.92,5115.03,,,,,,crypto=0 equity=0; spy=0 crypto_cap=20.00% nyse_cap=5.52%; game_plan stress=False gate=False metal=$1648.06; sleeve_pnl=CRYPTO +4.5% | NYSE -0.1% UW
2026-06-20 01:01:57,cycle,,,,RHYME_D: Range_Bound_Neutral,,,98310.17,5115.03,,,,,,crypto=0 equity=0; spy=0 crypto_cap=20.00% nyse_cap=5.52%; game_plan stress=False gate=False metal=$1648.06; sleeve_pnl=CRYPTO +4.7% | NYSE -0.1% UW
2026-06-20 01:04:59,cycle,,,,RHYME_D: Range_Bound_Neutral,,,98310.17,5115.03,,,,,,crypto=0 equity=0; spy=0 crypto_cap=20.00% nyse_cap=5.52%; game_plan stress=False gate=False metal=$1648.06; sleeve_pnl=CRYPTO +4.7% | NYSE -0.1% UW
2026-06-20 01:08:01,cycle,,,,RHYME_D: Range_Bound_Neutral,,,98310.17,5115.03,,,,,,crypto=0 equity=0; spy=0 crypto_cap=20.00% nyse_cap=5.52%; game_plan stress=False gate=False metal=$1648.06; sleeve_pnl=CRYPTO +4.7% | NYSE -0.1% UW
2026-06-20 01:11:03,cycle,,,,RHYME_D: Range_Bound_Neutral,,,98310.17,5115.03,,,,,,crypto=0 equity=0; spy=0 crypto_cap=20.00% nyse_cap=5.52%; game_plan stress=False gate=False metal=$1648.06; sleeve_pnl=CRYPTO +4.7% | NYSE -0.1% UW
2026-06-20 01:14:05,cycle,,,,RHYME_D: Range_Bound_Neutral,,,98310.17,5115.03,,,,,,crypto=0 equity=0; spy=0 crypto_cap=20.00% nyse_cap=5.52%; game_plan stress=False gate=False metal=$1648.06; sleeve_pnl=CRYPTO +4.7% | NYSE -0.1% UW
2026-06-20 01:17:07,cycle,,,,RHYME_D: Range_Bound_Neutral,,,98310.17,5115.03,,,,,,crypto=0 equity=0; spy=0 crypto_cap=20.00% nyse_cap=5.52%; game_plan stress=False gate=False metal=$1648.06; sleeve_pnl=CRYPTO +4.7% | NYSE -0.1% UW
2026-06-20 01:20:09,cycle,,,,RHYME_D: Range_Bound_Neutral,,,98321.26,5115.03,,,,,,crypto=0 equity=0; spy=0 crypto_cap=20.00% nyse_cap=5.52%; game_plan stress=False gate=False metal=$1648.06; sleeve_pnl=CRYPTO +4.9% | NYSE -0.1% UW
2026-06-20 01:23:11,cycle,,,,RHYME_D: Range_Bound_Neutral,,,98337.21,5115.03,,,,,,crypto=0 equity=0; spy=0 crypto_cap=20.00% nyse_cap=5.52%; game_plan stress=False gate=False metal=$1648.06; sleeve_pnl=CRYPTO +5.2% | NYSE -0.1% UW
2026-06-20 01:26:13,cycle,,,,RHYME_D: Range_Bound_Neutral,,,98337.21,5115.03,,,,,,crypto=0 equity=0; spy=0 crypto_cap=20.00% nyse_cap=5.52%; game_plan stress=False gate=False metal=$1648.06; sleeve_pnl=CRYPTO +5.2% | NYSE -0.1% UW
2026-06-20 01:29:15,cycle,,,,RHYME_D: Range_Bound_Neutral,,,98329.58,5115.03,,,,,,crypto=0 equity=0; spy=0 crypto_cap=20.00% nyse_cap=5.52%; game_plan stress=False gate=False metal=$1648.06; sleeve_pnl=CRYPTO +5.1% | NYSE -0.1% UW
2026-06-20 01:32:17,cycle,,,,RHYME_D: Range_Bound_Neutral,,,98303.08,5115.03,,,,,,crypto=0 equity=0; spy=0 crypto_cap=20.00% nyse_cap=5.52%; game_plan stress=False gate=False metal=$1648.06; sleeve_pnl=CRYPTO +4.5% | NYSE -0.1% UW
2026-06-20 01:35:19,cycle,,,,RHYME_D: Range_Bound_Neutral,,,98325.42,5115.03,,,,,,crypto=0 equity=0; spy=0 crypto_cap=20.00% nyse_cap=5.52%; game_plan stress=False gate=False metal=$1648.06; sleeve_pnl=CRYPTO +5.0% | NYSE -0.1% UW
2026-06-20 01:38:21,cycle,,,,RHYME_D: Range_Bound_Neutral,,,98334.43,5115.03,,,,,,crypto=0 equity=0; spy=0 crypto_cap=20.00% nyse_cap=5.52%; game_plan stress=False gate=False metal=$1648.06; sleeve_pnl=CRYPTO +5.2% | NYSE -0.1% UW
2026-06-20 01:41:23,cycle,,,,RHYME_D: Range_Bound_Neutral,,,98334.43,5115.03,,,,,,crypto=0 equity=0; spy=0 crypto_cap=20.00% nyse_cap=5.52%; game_plan stress=False gate=False metal=$1648.06; sleeve_pnl=CRYPTO +5.2% | NYSE -0.1% UW
2026-06-20 01:44:25,cycle,,,,RHYME_D: Range_Bound_Neutral,,,98314.32,5115.03,,,,,,crypto=0 equity=0; spy=0 crypto_cap=20.00% nyse_cap=5.52%; game_plan stress=False gate=False metal=$1648.06; sleeve_pnl=CRYPTO +4.8% | NYSE -0.1% UW
2026-06-20 01:47:27,cycle,,,,RHYME_D: Range_Bound_Neutral,,,98315.01,5115.03,,,,,,crypto=0 equity=0; spy=0 crypto_cap=20.00% nyse_cap=5.52%; game_plan stress=False gate=False metal=$1648.06; sleeve_pnl=CRYPTO +4.8% | NYSE -0.1% UW
2026-06-20 01:50:29,cycle,,,,RHYME_D: Range_Bound_Neutral,,,98315.01,5115.03,,,,,,crypto=0 equity=0; spy=0 crypto_cap=20.00% nyse_cap=5.52%; game_plan stress=False gate=False metal=$1648.06; sleeve_pnl=CRYPTO +4.8% | NYSE -0.1% UW
2026-06-20 01:53:31,cycle,,,,RHYME_D: Range_Bound_Neutral,,,98315.01,5115.03,,,,,,crypto=0 equity=0; spy=0 crypto_cap=20.00% nyse_cap=5.52%; game_plan stress=False gate=False metal=$1648.06; sleeve_pnl=CRYPTO +4.8% | NYSE -0.1% UW
2026-06-20 01:56:33,cycle,,,,RHYME_D: Range_Bound_Neutral,,,98315.01,5115.03,,,,,,crypto=0 equity=0; spy=0 crypto_cap=20.00% nyse_cap=5.52%; game_plan stress=False gate=False metal=$1648.06; sleeve_pnl=CRYPTO +4.8% | NYSE -0.1% UW
2026-06-20 01:59:35,cycle,,,,RHYME_D: Range_Bound_Neutral,,,98315.01,5115.03,,,,,,crypto=0 equity=0; spy=0 crypto_cap=20.00% nyse_cap=5.52%; game_plan stress=False gate=False metal=$1648.06; sleeve_pnl=CRYPTO +4.8% | NYSE -0.1% UW
2026-06-20 02:02:37,cycle,,,,RHYME_D: Range_Bound_Neutral,,,98305.33,5115.03,,,,,,crypto=0 equity=0; spy=0 crypto_cap=20.00% nyse_cap=5.52%; game_plan stress=False gate=False metal=$1648.06; sleeve_pnl=CRYPTO +4.6% | NYSE -0.1% UW
2026-06-20 02:05:39,cycle,,,,RHYME_D: Range_Bound_Neutral,,,98305.33,5115.03,,,,,,crypto=0 equity=0; spy=0 crypto_cap=20.00% nyse_cap=5.52%; game_plan stress=False gate=False metal=$1648.06; sleeve_pnl=CRYPTO +4.6% | NYSE -0.1% UW
2026-06-20 02:08:41,cycle,,,,RHYME_D: Range_Bound_Neutral,,,98305.33,5115.03,,,,,,crypto=0 equity=0; spy=0 crypto_cap=20.00% nyse_cap=5.52%; game_plan stress=False gate=False metal=$1648.06; sleeve_pnl=CRYPTO +4.6% | NYSE -0.1% UW
2026-06-20 02:11:43,cycle,,,,RHYME_D: Range_Bound_Neutral,,,98294.21,5115.03,,,,,,crypto=0 equity=0; spy=0 crypto_cap=20.00% nyse_cap=5.52%; game_plan stress=False gate=False metal=$1648.06; sleeve_pnl=CRYPTO +4.3% | NYSE -0.1% UW
2026-06-20 02:14:45,cycle,,,,RHYME_D: Range_Bound_Neutral,,,98294.21,5115.03,,,,,,crypto=0 equity=0; spy=0 crypto_cap=20.00% nyse_cap=5.52%; game_plan stress=False gate=False metal=$1648.06; sleeve_pnl=CRYPTO +4.3% | NYSE -0.1% UW
2026-06-20 02:17:47,cycle,,,,RHYME_D: Range_Bound_Neutral,,,98294.21,5115.03,,,,,,crypto=0 equity=0; spy=0 crypto_cap=20.00% nyse_cap=5.52%; game_plan stress=False gate=False metal=$1648.06; sleeve_pnl=CRYPTO +4.3% | NYSE -0.1% UW
2026-06-20 02:20:49,cycle,,,,RHYME_D: Range_Bound_Neutral,,,98294.21,5115.03,,,,,,crypto=0 equity=0; spy=0 crypto_cap=20.00% nyse_cap=5.52%; game_plan stress=False gate=False metal=$1648.06; sleeve_pnl=CRYPTO +4.3% | NYSE -0.1% UW
2026-06-20 02:23:51,cycle,,,,RHYME_D: Range_Bound_Neutral,,,98294.21,5115.03,,,,,,crypto=0 equity=0; spy=0 crypto_cap=20.00% nyse_cap=5.52%; game_plan stress=False gate=False metal=$1648.06; sleeve_pnl=CRYPTO +4.3% | NYSE -0.1% UW
2026-06-20 02:26:53,cycle,,,,RHYME_D: Range_Bound_Neutral,,,98294.21,5115.03,,,,,,crypto=0 equity=0; spy=0 crypto_cap=20.00% nyse_cap=5.52%; game_plan stress=False gate=False metal=$1648.06; sleeve_pnl=CRYPTO +4.3% | NYSE -0.1% UW
2026-06-20 02:29:55,cycle,,,,RHYME_D: Range_Bound_Neutral,,,98294.21,5115.03,,,,,,crypto=0 equity=0; spy=0 crypto_cap=20.00% nyse_cap=5.52%; game_plan stress=False gate=False metal=$1648.06; sleeve_pnl=CRYPTO +4.3% | NYSE -0.1% UW
2026-06-20 02:32:57,cycle,,,,RHYME_D: Range_Bound_Neutral,,,98294.21,5115.03,,,,,,crypto=0 equity=0; spy=0 crypto_cap=20.00% nyse_cap=5.52%; game_plan stress=False gate=False metal=$1648.06; sleeve_pnl=CRYPTO +4.3% | NYSE -0.1% UW
2026-06-20 02:35:59,cycle,,,,RHYME_D: Range_Bound_Neutral,,,98294.21,5115.03,,,,,,crypto=0 equity=0; spy=0 crypto_cap=20.00% nyse_cap=5.52%; game_plan stress=False gate=False metal=$1648.06; sleeve_pnl=CRYPTO +4.3% | NYSE -0.1% UW
2026-06-20 02:39:01,cycle,,,,RHYME_D: Range_Bound_Neutral,,,98294.21,5115.03,,,,,,crypto=0 equity=0; spy=0 crypto_cap=20.00% nyse_cap=5.52%; game_plan stress=False gate=False metal=$1648.06; sleeve_pnl=CRYPTO +4.3% | NYSE -0.1% UW
2026-06-20 02:42:03,cycle,,,,RHYME_D: Range_Bound_Neutral,,,98294.21,5115.03,,,,,,crypto=0 equity=0; spy=0 crypto_cap=20.00% nyse_cap=5.52%; game_plan stress=False gate=False metal=$1648.06; sleeve_pnl=CRYPTO +4.3% | NYSE -0.1% UW
2026-06-20 02:45:05,cycle,,,,RHYME_D: Range_Bound_Neutral,,,98294.21,5115.03,,,,,,crypto=0 equity=0; spy=0 crypto_cap=20.00% nyse_cap=5.52%; game_plan stress=False gate=False metal=$1648.06; sleeve_pnl=CRYPTO +4.3% | NYSE -0.1% UW
2026-06-20 02:48:07,cycle,,,,RHYME_D: Range_Bound_Neutral,,,98294.21,5115.03,,,,,,crypto=0 equity=0; spy=0 crypto_cap=20.00% nyse_cap=5.52%; game_plan stress=False gate=False metal=$1648.06; sleeve_pnl=CRYPTO +4.3% | NYSE -0.1% UW
2026-06-20 02:51:09,cycle,,,,RHYME_D: Range_Bound_Neutral,,,98294.21,5115.03,,,,,,crypto=0 equity=0; spy=0 crypto_cap=20.00% nyse_cap=5.52%; game_plan stress=False gate=False metal=$1648.06; sleeve_pnl=CRYPTO +4.3% | NYSE -0.1% UW
2026-06-20 02:54:16,cycle,,,,RHYME_D: Range_Bound_Neutral,,,98294.21,5115.03,,,,,,crypto=0 equity=0; spy=0 crypto_cap=20.00% nyse_cap=5.52%; game_plan stress=False gate=False metal=$1648.06; sleeve_pnl=CRYPTO +4.3% | NYSE -0.1% UW
2026-06-20 02:57:18,cycle,,,,RHYME_D: Range_Bound_Neutral,,,98294.21,5115.03,,,,,,crypto=0 equity=0; spy=0 crypto_cap=20.00% nyse_cap=5.52%; game_plan stress=False gate=False metal=$1648.06; sleeve_pnl=CRYPTO +4.3% | NYSE -0.1% UW
2026-06-20 03:00:20,cycle,,,,RHYME_D: Range_Bound_Neutral,,,98270.97,5115.03,,,,,,crypto=0 equity=0; spy=0 crypto_cap=20.00% nyse_cap=5.52%; game_plan stress=False gate=False metal=$1648.06; sleeve_pnl=CRYPTO +3.8% | NYSE -0.1% UW
2026-06-20 03:03:22,cycle,,,,RHYME_D: Range_Bound_Neutral,,,98278.74,5115.03,,,,,,crypto=0 equity=0; spy=0 crypto_cap=20.00% nyse_cap=5.52%; game_plan stress=False gate=False metal=$1648.06; sleeve_pnl=CRYPTO +4.0% | NYSE -0.1% UW
2026-06-20 03:06:24,cycle,,,,RHYME_D: Range_Bound_Neutral,,,98278.74,5115.03,,,,,,crypto=0 equity=0; spy=0 crypto_cap=20.00% nyse_cap=5.52%; game_plan stress=False gate=False metal=$1648.06; sleeve_pnl=CRYPTO +4.0% | NYSE -0.1% UW
2026-06-20 03:09:26,cycle,,,,RHYME_D: Range_Bound_Neutral,,,98282.42,5115.03,,,,,,crypto=0 equity=0; spy=0 crypto_cap=20.00% nyse_cap=5.52%; game_plan stress=False gate=False metal=$1648.06; sleeve_pnl=CRYPTO +4.1% | NYSE -0.1% UW
2026-06-20 03:12:28,cycle,,,,RHYME_D: Range_Bound_Neutral,,,98282.42,5115.03,,,,,,crypto=0 equity=0; spy=0 crypto_cap=20.00% nyse_cap=5.52%; game_plan stress=False gate=False metal=$1648.06; sleeve_pnl=CRYPTO +4.1% | NYSE -0.1% UW
2026-06-20 03:15:30,cycle,,,,RHYME_D: Range_Bound_Neutral,,,98281.03,5115.03,,,,,,crypto=0 equity=0; spy=0 crypto_cap=20.00% nyse_cap=5.52%; game_plan stress=False gate=False metal=$1648.06; sleeve_pnl=CRYPTO +4.0% | NYSE -0.1% UW
2026-06-20 03:18:32,cycle,,,,RHYME_D: Range_Bound_Neutral,,,98281.03,5115.03,,,,,,crypto=0 equity=0; spy=0 crypto_cap=20.00% nyse_cap=5.52%; game_plan stress=False gate=False metal=$1648.06; sleeve_pnl=CRYPTO +4.0% | NYSE -0.1% UW
2026-06-20 03:21:34,cycle,,,,RHYME_D: Range_Bound_Neutral,,,98294.21,5115.03,,,,,,crypto=0 equity=0; spy=0 crypto_cap=20.00% nyse_cap=5.52%; game_plan stress=False gate=False metal=$1648.06; sleeve_pnl=CRYPTO +4.3% | NYSE -0.1% UW
2026-06-20 03:24:36,cycle,,,,RHYME_D: Range_Bound_Neutral,,,98294.21,5115.03,,,,,,crypto=0 equity=0; spy=0 crypto_cap=20.00% nyse_cap=5.52%; game_plan stress=False gate=False metal=$1648.06; sleeve_pnl=CRYPTO +4.3% | NYSE -0.1% UW
2026-06-20 03:27:38,cycle,,,,RHYME_D: Range_Bound_Neutral,,,98294.21,5115.03,,,,,,crypto=0 equity=0; spy=0 crypto_cap=20.00% nyse_cap=5.52%; game_plan stress=False gate=False metal=$1648.06; sleeve_pnl=CRYPTO +4.3% | NYSE -0.1% UW
2026-06-20 03:30:40,cycle,,,,RHYME_D: Range_Bound_Neutral,,,98294.21,5115.03,,,,,,crypto=0 equity=0; spy=0 crypto_cap=20.00% nyse_cap=5.52%; game_plan stress=False gate=False metal=$1648.06; sleeve_pnl=CRYPTO +4.3% | NYSE -0.1% UW
2026-06-20 03:33:42,cycle,,,,RHYME_D: Range_Bound_Neutral,,,98294.21,5115.03,,,,,,crypto=0 equity=0; spy=0 crypto_cap=20.00% nyse_cap=5.52%; game_plan stress=False gate=False metal=$1648.06; sleeve_pnl=CRYPTO +4.3% | NYSE -0.1% UW
2026-06-20 03:36:44,cycle,,,,RHYME_D: Range_Bound_Neutral,,,98294.21,5115.03,,,,,,crypto=0 equity=0; spy=0 crypto_cap=20.00% nyse_cap=5.52%; game_plan stress=False gate=False metal=$1648.06; sleeve_pnl=CRYPTO +4.3% | NYSE -0.1% UW
2026-06-20 03:39:46,cycle,,,,RHYME_D: Range_Bound_Neutral,,,98294.21,5115.03,,,,,,crypto=0 equity=0; spy=0 crypto_cap=20.00% nyse_cap=5.52%; game_plan stress=False gate=False metal=$1648.06; sleeve_pnl=CRYPTO +4.3% | NYSE -0.1% UW
2026-06-20 03:42:48,cycle,,,,RHYME_D: Range_Bound_Neutral,,,98259.74,5115.03,,,,,,crypto=0 equity=0; spy=0 crypto_cap=20.00% nyse_cap=5.52%; game_plan stress=False gate=False metal=$1648.06; sleeve_pnl=CRYPTO +3.6% | NYSE -0.1% UW
2026-06-20 03:45:50,cycle,,,,RHYME_D: Range_Bound_Neutral,,,98259.74,5115.03,,,,,,crypto=0 equity=0; spy=0 crypto_cap=20.00% nyse_cap=5.52%; game_plan stress=False gate=False metal=$1648.06; sleeve_pnl=CRYPTO +3.6% | NYSE -0.1% UW
2026-06-20 03:48:52,cycle,,,,RHYME_D: Range_Bound_Neutral,,,98259.74,5115.03,,,,,,crypto=0 equity=0; spy=0 crypto_cap=20.00% nyse_cap=5.52%; game_plan stress=False gate=False metal=$1648.06; sleeve_pnl=CRYPTO +3.6% | NYSE -0.1% UW
2026-06-20 03:51:54,cycle,,,,RHYME_D: Range_Bound_Neutral,,,98259.74,5115.03,,,,,,crypto=0 equity=0; spy=0 crypto_cap=20.00% nyse_cap=5.52%; game_plan stress=False gate=False metal=$1648.06; sleeve_pnl=CRYPTO +3.6% | NYSE -0.1% UW
2026-06-20 03:54:56,cycle,,,,RHYME_D: Range_Bound_Neutral,,,98259.74,5115.03,,,,,,crypto=0 equity=0; spy=0 crypto_cap=20.00% nyse_cap=5.52%; game_plan stress=False gate=False metal=$1648.06; sleeve_pnl=CRYPTO +3.6% | NYSE -0.1% UW
2026-06-20 03:57:58,cycle,,,,RHYME_D: Range_Bound_Neutral,,,98259.74,5115.03,,,,,,crypto=0 equity=0; spy=0 crypto_cap=20.00% nyse_cap=5.52%; game_plan stress=False gate=False metal=$1648.06; sleeve_pnl=CRYPTO +3.6% | NYSE -0.1% UW
2026-06-20 04:01:00,cycle,,,,RHYME_D: Range_Bound_Neutral,,,98259.74,5115.03,,,,,,crypto=0 equity=0; spy=0 crypto_cap=20.00% nyse_cap=5.52%; game_plan stress=False gate=False metal=$1648.06; sleeve_pnl=CRYPTO +3.6% | NYSE -0.1% UW
2026-06-20 04:04:02,cycle,,,,RHYME_D: Range_Bound_Neutral,,,98259.74,5115.03,,,,,,crypto=0 equity=0; spy=0 crypto_cap=20.00% nyse_cap=5.52%; game_plan stress=False gate=False metal=$1648.06; sleeve_pnl=CRYPTO +3.6% | NYSE -0.1% UW
2026-06-20 04:07:04,cycle,,,,RHYME_D: Range_Bound_Neutral,,,98262.44,5115.03,,,,,,crypto=0 equity=0; spy=0 crypto_cap=20.00% nyse_cap=5.52%; game_plan stress=False gate=False metal=$1648.06; sleeve_pnl=CRYPTO +3.7% | NYSE -0.1% UW
2026-06-20 04:10:06,cycle,,,,RHYME_D: Range_Bound_Neutral,,,98276.87,5115.03,,,,,,crypto=0 equity=0; spy=0 crypto_cap=20.00% nyse_cap=5.52%; game_plan stress=False gate=False metal=$1648.06; sleeve_pnl=CRYPTO +4.0% | NYSE -0.1% UW
2026-06-20 04:13:08,cycle,,,,RHYME_D: Range_Bound_Neutral,,,98276.87,5115.03,,,,,,crypto=0 equity=0; spy=0 crypto_cap=20.00% nyse_cap=5.52%; game_plan stress=False gate=False metal=$1648.06; sleeve_pnl=CRYPTO +4.0% | NYSE -0.1% UW
2026-06-20 04:16:10,cycle,,,,RHYME_D: Range_Bound_Neutral,,,98258.84,5115.03,,,,,,crypto=0 equity=0; spy=0 crypto_cap=20.00% nyse_cap=5.52%; game_plan stress=False gate=False metal=$1648.06; sleeve_pnl=CRYPTO +3.6% | NYSE -0.1% UW
2026-06-20 04:19:12,cycle,,,,RHYME_D: Range_Bound_Neutral,,,98258.84,5115.03,,,,,,crypto=0 equity=0; spy=0 crypto_cap=20.00% nyse_cap=5.52%; game_plan stress=False gate=False metal=$1648.06; sleeve_pnl=CRYPTO +3.6% | NYSE -0.1% UW
2026-06-20 04:22:14,cycle,,,,RHYME_D: Range_Bound_Neutral,,,98247.59,5115.03,,,,,,crypto=0 equity=0; spy=0 crypto_cap=20.00% nyse_cap=5.52%; game_plan stress=False gate=False metal=$1648.06; sleeve_pnl=CRYPTO +3.4% | NYSE -0.1% UW
2026-06-20 04:25:16,cycle,,,,RHYME_D: Range_Bound_Neutral,,,98247.59,5115.03,,,,,,crypto=0 equity=0; spy=0 crypto_cap=20.00% nyse_cap=5.52%; game_plan stress=False gate=False metal=$1648.06; sleeve_pnl=CRYPTO +3.4% | NYSE -0.1% UW
2026-06-20 04:28:18,cycle,,,,RHYME_D: Range_Bound_Neutral,,,98247.59,5115.03,,,,,,crypto=0 equity=0; spy=0 crypto_cap=20.00% nyse_cap=5.52%; game_plan stress=False gate=False metal=$1648.06; sleeve_pnl=CRYPTO +3.4% | NYSE -0.1% UW
2026-06-20 04:31:20,cycle,,,,RHYME_D: Range_Bound_Neutral,,,98256.74,5115.03,,,,,,crypto=0 equity=0; spy=0 crypto_cap=20.00% nyse_cap=5.52%; game_plan stress=False gate=False metal=$1648.06; sleeve_pnl=CRYPTO +3.5% | NYSE -0.1% UW
2026-06-20 04:34:22,cycle,,,,RHYME_D: Range_Bound_Neutral,,,98261.61,5115.03,,,,,,crypto=0 equity=0; spy=0 crypto_cap=20.00% nyse_cap=5.52%; game_plan stress=False gate=False metal=$1648.06; sleeve_pnl=CRYPTO +3.6% | NYSE -0.1% UW
2026-06-20 04:37:24,cycle,,,,RHYME_D: Range_Bound_Neutral,,,98261.61,5115.03,,,,,,crypto=0 equity=0; spy=0 crypto_cap=20.00% nyse_cap=5.52%; game_plan stress=False gate=False metal=$1648.06; sleeve_pnl=CRYPTO +3.6% | NYSE -0.1% UW
2026-06-20 04:40:26,cycle,,,,RHYME_D: Range_Bound_Neutral,,,98286.3,5115.03,,,,,,crypto=0 equity=0; spy=0 crypto_cap=20.00% nyse_cap=5.52%; game_plan stress=False gate=False metal=$1648.06; sleeve_pnl=CRYPTO +4.2% | NYSE -0.1% UW
2026-06-20 04:43:28,cycle,,,,RHYME_D: Range_Bound_Neutral,,,98286.3,5115.03,,,,,,crypto=0 equity=0; spy=0 crypto_cap=20.00% nyse_cap=5.52%; game_plan stress=False gate=False metal=$1648.06; sleeve_pnl=CRYPTO +4.2% | NYSE -0.1% UW
2026-06-20 04:46:30,cycle,,,,RHYME_D: Range_Bound_Neutral,,,98286.3,5115.03,,,,,,crypto=0 equity=0; spy=0 crypto_cap=20.00% nyse_cap=5.52%; game_plan stress=False gate=False metal=$1648.06; sleeve_pnl=CRYPTO +4.2% | NYSE -0.1% UW
2026-06-20 04:49:32,cycle,,,,RHYME_D: Range_Bound_Neutral,,,98287.97,5115.03,,,,,,crypto=0 equity=0; spy=0 crypto_cap=20.00% nyse_cap=5.52%; game_plan stress=False gate=False metal=$1648.06; sleeve_pnl=CRYPTO +4.2% | NYSE -0.1% UW
2026-06-20 04:52:34,cycle,,,,RHYME_D: Range_Bound_Neutral,,,98291.43,5115.03,,,,,,crypto=0 equity=0; spy=0 crypto_cap=20.00% nyse_cap=5.52%; game_plan stress=False gate=False metal=$1648.06; sleeve_pnl=CRYPTO +4.3% | NYSE -0.1% UW
2026-06-20 04:55:36,cycle,,,,RHYME_D: Range_Bound_Neutral,,,98268.75,5115.03,,,,,,crypto=0 equity=0; spy=0 crypto_cap=20.00% nyse_cap=5.52%; game_plan stress=False gate=False metal=$1648.06; sleeve_pnl=CRYPTO +3.8% | NYSE -0.1% UW
2026-06-20 04:58:38,cycle,,,,RHYME_D: Range_Bound_Neutral,,,98268.75,5115.03,,,,,,crypto=0 equity=0; spy=0 crypto_cap=20.00% nyse_cap=5.52%; game_plan stress=False gate=False metal=$1648.06; sleeve_pnl=CRYPTO +3.8% | NYSE -0.1% UW
2026-06-20 05:01:40,cycle,,,,RHYME_D: Range_Bound_Neutral,,,98283.8,5115.03,,,,,,crypto=0 equity=0; spy=0 crypto_cap=20.00% nyse_cap=5.52%; game_plan stress=False gate=False metal=$1648.06; sleeve_pnl=CRYPTO +4.1% | NYSE -0.1% UW
2026-06-20 05:04:42,cycle,,,,RHYME_D: Range_Bound_Neutral,,,98283.8,5115.03,,,,,,crypto=0 equity=0; spy=0 crypto_cap=20.00% nyse_cap=5.52%; game_plan stress=False gate=False metal=$1648.06; sleeve_pnl=CRYPTO +4.1% | NYSE -0.1% UW
2026-06-20 05:07:44,cycle,,,,RHYME_D: Range_Bound_Neutral,,,98283.8,5115.03,,,,,,crypto=0 equity=0; spy=0 crypto_cap=20.00% nyse_cap=5.52%; game_plan stress=False gate=False metal=$1648.06; sleeve_pnl=CRYPTO +4.1% | NYSE -0.1% UW
2026-06-20 05:10:46,cycle,,,,RHYME_D: Range_Bound_Neutral,,,98283.8,5115.03,,,,,,crypto=0 equity=0; spy=0 crypto_cap=20.00% nyse_cap=5.52%; game_plan stress=False gate=False metal=$1648.06; sleeve_pnl=CRYPTO +4.1% | NYSE -0.1% UW
2026-06-20 05:13:48,cycle,,,,RHYME_D: Range_Bound_Neutral,,,98267.08,5115.03,,,,,,crypto=0 equity=0; spy=0 crypto_cap=20.00% nyse_cap=5.52%; game_plan stress=False gate=False metal=$1648.06; sleeve_pnl=CRYPTO +3.8% | NYSE -0.1% UW
2026-06-20 05:16:49,cycle,,,,RHYME_D: Range_Bound_Neutral,,,98267.08,5115.03,,,,,,crypto=0 equity=0; spy=0 crypto_cap=20.00% nyse_cap=5.52%; game_plan stress=False gate=False metal=$1648.06; sleeve_pnl=CRYPTO +3.8% | NYSE -0.1% UW
2026-06-20 05:19:52,cycle,,,,RHYME_D: Range_Bound_Neutral,,,98267.08,5115.03,,,,,,crypto=0 equity=0; spy=0 crypto_cap=20.00% nyse_cap=5.52%; game_plan stress=False gate=False metal=$1648.06; sleeve_pnl=CRYPTO +3.8% | NYSE -0.1% UW
2026-06-20 05:22:53,cycle,,,,RHYME_D: Range_Bound_Neutral,,,98267.08,5115.03,,,,,,crypto=0 equity=0; spy=0 crypto_cap=20.00% nyse_cap=5.52%; game_plan stress=False gate=False metal=$1648.06; sleeve_pnl=CRYPTO +3.8% | NYSE -0.1% UW
2026-06-20 05:25:55,cycle,,,,RHYME_D: Range_Bound_Neutral,,,98267.08,5115.03,,,,,,crypto=0 equity=0; spy=0 crypto_cap=20.00% nyse_cap=5.52%; game_plan stress=False gate=False metal=$1648.06; sleeve_pnl=CRYPTO +3.8% | NYSE -0.1% UW
2026-06-20 05:28:57,cycle,,,,RHYME_D: Range_Bound_Neutral,,,98290.05,5115.03,,,,,,crypto=0 equity=0; spy=0 crypto_cap=20.00% nyse_cap=5.52%; game_plan stress=False gate=False metal=$1648.06; sleeve_pnl=CRYPTO +4.2% | NYSE -0.1% UW
2026-06-20 05:31:59,cycle,,,,RHYME_D: Range_Bound_Neutral,,,98290.05,5115.03,,,,,,crypto=0 equity=0; spy=0 crypto_cap=20.00% nyse_cap=5.52%; game_plan stress=False gate=False metal=$1648.06; sleeve_pnl=CRYPTO +4.2% | NYSE -0.1% UW
2026-06-20 05:35:01,cycle,,,,RHYME_D: Range_Bound_Neutral,,,98290.05,5115.03,,,,,,crypto=0 equity=0; spy=0 crypto_cap=20.00% nyse_cap=5.52%; game_plan stress=False gate=False metal=$1648.06; sleeve_pnl=CRYPTO +4.2% | NYSE -0.1% UW
2026-06-20 05:38:03,cycle,,,,RHYME_D: Range_Bound_Neutral,,,98290.05,5115.03,,,,,,crypto=0 equity=0; spy=0 crypto_cap=20.00% nyse_cap=5.52%; game_plan stress=False gate=False metal=$1648.06; sleeve_pnl=CRYPTO +4.2% | NYSE -0.1% UW
2026-06-20 05:41:06,cycle,,,,RHYME_D: Range_Bound_Neutral,,,98290.05,5115.03,,,,,,crypto=0 equity=0; spy=0 crypto_cap=20.00% nyse_cap=5.52%; game_plan stress=False gate=False metal=$1648.06; sleeve_pnl=CRYPTO +4.2% | NYSE -0.1% UW
2026-06-20 05:44:08,cycle,,,,RHYME_D: Range_Bound_Neutral,,,98290.05,5115.03,,,,,,crypto=0 equity=0; spy=0 crypto_cap=20.00% nyse_cap=5.52%; game_plan stress=False gate=False metal=$1648.06; sleeve_pnl=CRYPTO +4.2% | NYSE -0.1% UW
2026-06-20 05:47:10,cycle,,,,RHYME_D: Range_Bound_Neutral,,,98290.05,5115.03,,,,,,crypto=0 equity=0; spy=0 crypto_cap=20.00% nyse_cap=5.52%; game_plan stress=False gate=False metal=$1648.06; sleeve_pnl=CRYPTO +4.2% | NYSE -0.1% UW
2026-06-20 05:50:12,cycle,,,,RHYME_D: Range_Bound_Neutral,,,98288.33,5115.03,,,,,,crypto=0 equity=0; spy=0 crypto_cap=20.00% nyse_cap=5.52%; game_plan stress=False gate=False metal=$1648.06; sleeve_pnl=CRYPTO +4.2% | NYSE -0.1% UW
2026-06-20 05:53:13,cycle,,,,RHYME_D: Range_Bound_Neutral,,,98288.33,5115.03,,,,,,crypto=0 equity=0; spy=0 crypto_cap=20.00% nyse_cap=5.52%; game_plan stress=False gate=False metal=$1648.06; sleeve_pnl=CRYPTO +4.2% | NYSE -0.1% UW
2026-06-20 05:56:15,cycle,,,,RHYME_D: Range_Bound_Neutral,,,98288.33,5115.03,,,,,,crypto=0 equity=0; spy=0 crypto_cap=20.00% nyse_cap=5.52%; game_plan stress=False gate=False metal=$1648.06; sleeve_pnl=CRYPTO +4.2% | NYSE -0.1% UW
2026-06-20 05:59:17,cycle,,,,RHYME_D: Range_Bound_Neutral,,,98288.33,5115.03,,,,,,crypto=0 equity=0; spy=0 crypto_cap=20.00% nyse_cap=5.52%; game_plan stress=False gate=False metal=$1648.06; sleeve_pnl=CRYPTO +4.2% | NYSE -0.1% UW
2026-06-20 06:02:19,cycle,,,,RHYME_D: Range_Bound_Neutral,,,98288.33,5115.03,,,,,,crypto=0 equity=0; spy=0 crypto_cap=20.00% nyse_cap=5.52%; game_plan stress=False gate=False metal=$1648.06; sleeve_pnl=CRYPTO +4.2% | NYSE -0.1% UW
2026-06-20 06:05:21,cycle,,,,RHYME_D: Range_Bound_Neutral,,,98298.65,5115.03,,,,,,crypto=0 equity=0; spy=0 crypto_cap=20.00% nyse_cap=5.52%; game_plan stress=False gate=False metal=$1648.06; sleeve_pnl=CRYPTO +4.4% | NYSE -0.1% UW
2026-06-20 06:08:23,cycle,,,,RHYME_D: Range_Bound_Neutral,,,98298.65,5115.03,,,,,,crypto=0 equity=0; spy=0 crypto_cap=20.00% nyse_cap=5.52%; game_plan stress=False gate=False metal=$1648.06; sleeve_pnl=CRYPTO +4.4% | NYSE -0.1% UW
2026-06-20 06:11:25,cycle,,,,RHYME_D: Range_Bound_Neutral,,,98298.65,5115.03,,,,,,crypto=0 equity=0; spy=0 crypto_cap=20.00% nyse_cap=5.52%; game_plan stress=False gate=False metal=$1648.06; sleeve_pnl=CRYPTO +4.4% | NYSE -0.1% UW
2026-06-20 06:14:27,cycle,,,,RHYME_D: Range_Bound_Neutral,,,98298.65,5115.03,,,,,,crypto=0 equity=0; spy=0 crypto_cap=20.00% nyse_cap=5.52%; game_plan stress=False gate=False metal=$1648.06; sleeve_pnl=CRYPTO +4.4% | NYSE -0.1% UW
2026-06-20 06:17:29,cycle,,,,RHYME_D: Range_Bound_Neutral,,,98298.65,5115.03,,,,,,crypto=0 equity=0; spy=0 crypto_cap=20.00% nyse_cap=5.52%; game_plan stress=False gate=False metal=$1648.06; sleeve_pnl=CRYPTO +4.4% | NYSE -0.1% UW
2026-06-20 06:20:31,cycle,,,,RHYME_D: Range_Bound_Neutral,,,98298.65,5115.03,,,,,,crypto=0 equity=0; spy=0 crypto_cap=20.00% nyse_cap=5.52%; game_plan stress=False gate=False metal=$1648.06; sleeve_pnl=CRYPTO +4.4% | NYSE -0.1% UW
2026-06-20 06:23:33,cycle,,,,RHYME_D: Range_Bound_Neutral,,,98298.65,5115.03,,,,,,crypto=0 equity=0; spy=0 crypto_cap=20.00% nyse_cap=5.52%; game_plan stress=False gate=False metal=$1648.06; sleeve_pnl=CRYPTO +4.4% | NYSE -0.1% UW
2026-06-20 06:26:35,cycle,,,,RHYME_D: Range_Bound_Neutral,,,98298.65,5115.03,,,,,,crypto=0 equity=0; spy=0 crypto_cap=20.00% nyse_cap=5.52%; game_plan stress=False gate=False metal=$1648.06; sleeve_pnl=CRYPTO +4.4% | NYSE -0.1% UW
2026-06-20 06:29:37,cycle,,,,RHYME_D: Range_Bound_Neutral,,,98298.65,5115.03,,,,,,crypto=0 equity=0; spy=0 crypto_cap=20.00% nyse_cap=5.52%; game_plan stress=False gate=False metal=$1648.06; sleeve_pnl=CRYPTO +4.4% | NYSE -0.1% UW
2026-06-20 06:32:39,cycle,,,,RHYME_D: Range_Bound_Neutral,,,98298.65,5115.03,,,,,,crypto=0 equity=0; spy=0 crypto_cap=20.00% nyse_cap=5.52%; game_plan stress=False gate=False metal=$1648.06; sleeve_pnl=CRYPTO +4.4% | NYSE -0.1% UW
2026-06-20 06:35:41,cycle,,,,RHYME_D: Range_Bound_Neutral,,,98298.65,5115.03,,,,,,crypto=0 equity=0; spy=0 crypto_cap=20.00% nyse_cap=5.52%; game_plan stress=False gate=False metal=$1648.06; sleeve_pnl=CRYPTO +4.4% | NYSE -0.1% UW
2026-06-20 06:38:43,cycle,,,,RHYME_D: Range_Bound_Neutral,,,98298.65,5115.03,,,,,,crypto=0 equity=0; spy=0 crypto_cap=20.00% nyse_cap=5.52%; game_plan stress=False gate=False metal=$1648.06; sleeve_pnl=CRYPTO +4.4% | NYSE -0.1% UW
2026-06-20 06:41:45,cycle,,,,RHYME_D: Range_Bound_Neutral,,,98298.65,5115.03,,,,,,crypto=0 equity=0; spy=0 crypto_cap=20.00% nyse_cap=5.52%; game_plan stress=False gate=False metal=$1648.06; sleeve_pnl=CRYPTO +4.4% | NYSE -0.1% UW
2026-06-20 06:44:47,cycle,,,,RHYME_D: Range_Bound_Neutral,,,98298.65,5115.03,,,,,,crypto=0 equity=0; spy=0 crypto_cap=20.00% nyse_cap=5.52%; game_plan stress=False gate=False metal=$1648.06; sleeve_pnl=CRYPTO +4.4% | NYSE -0.1% UW
2026-06-20 06:47:49,cycle,,,,RHYME_D: Range_Bound_Neutral,,,98298.65,5115.03,,,,,,crypto=0 equity=0; spy=0 crypto_cap=20.00% nyse_cap=5.52%; game_plan stress=False gate=False metal=$1648.06; sleeve_pnl=CRYPTO +4.4% | NYSE -0.1% UW
2026-06-20 06:50:51,cycle,,,,RHYME_D: Range_Bound_Neutral,,,98298.65,5115.03,,,,,,crypto=0 equity=0; spy=0 crypto_cap=20.00% nyse_cap=5.52%; game_plan stress=False gate=False metal=$1648.06; sleeve_pnl=CRYPTO +4.4% | NYSE -0.1% UW
2026-06-20 06:53:53,cycle,,,,RHYME_D: Range_Bound_Neutral,,,98298.65,5115.03,,,,,,crypto=0 equity=0; spy=0 crypto_cap=20.00% nyse_cap=5.52%; game_plan stress=False gate=False metal=$1648.06; sleeve_pnl=CRYPTO +4.4% | NYSE -0.1% UW
2026-06-20 06:56:55,cycle,,,,RHYME_D: Range_Bound_Neutral,,,98298.65,5115.03,,,,,,crypto=0 equity=0; spy=0 crypto_cap=20.00% nyse_cap=5.52%; game_plan stress=False gate=False metal=$1648.06; sleeve_pnl=CRYPTO +4.4% | NYSE -0.1% UW
2026-06-20 06:59:57,cycle,,,,RHYME_D: Range_Bound_Neutral,,,98311.41,5115.03,,,,,,crypto=0 equity=0; spy=0 crypto_cap=20.00% nyse_cap=5.52%; game_plan stress=False gate=False metal=$1648.06; sleeve_pnl=CRYPTO +4.7% | NYSE -0.1% UW
2026-06-20 07:02:59,cycle,,,,RHYME_D: Range_Bound_Neutral,,,98304.61,5115.03,,,,,,crypto=0 equity=0; spy=0 crypto_cap=20.00% nyse_cap=5.52%; game_plan stress=False gate=False metal=$1648.06; sleeve_pnl=CRYPTO +4.5% | NYSE -0.1% UW
2026-06-20 07:06:01,cycle,,,,RHYME_D: Range_Bound_Neutral,,,98304.61,5115.03,,,,,,crypto=0 equity=0; spy=0 crypto_cap=20.00% nyse_cap=5.52%; game_plan stress=False gate=False metal=$1648.06; sleeve_pnl=CRYPTO +4.5% | NYSE -0.1% UW
2026-06-20 07:09:03,cycle,,,,RHYME_D: Range_Bound_Neutral,,,98309.81,5115.03,,,,,,crypto=0 equity=0; spy=0 crypto_cap=20.00% nyse_cap=5.52%; game_plan stress=False gate=False metal=$1648.06; sleeve_pnl=CRYPTO +4.7% | NYSE -0.1% UW
2026-06-20 07:12:05,cycle,,,,RHYME_D: Range_Bound_Neutral,,,98309.81,5115.03,,,,,,crypto=0 equity=0; spy=0 crypto_cap=20.00% nyse_cap=5.52%; game_plan stress=False gate=False metal=$1648.06; sleeve_pnl=CRYPTO +4.7% | NYSE -0.1% UW
2026-06-20 07:15:07,cycle,,,,RHYME_D: Range_Bound_Neutral,,,98290.05,5115.03,,,,,,crypto=0 equity=0; spy=0 crypto_cap=20.00% nyse_cap=5.52%; game_plan stress=False gate=False metal=$1648.06; sleeve_pnl=CRYPTO +4.2% | NYSE -0.1% UW
2026-06-20 07:18:09,cycle,,,,RHYME_D: Range_Bound_Neutral,,,98290.05,5115.03,,,,,,crypto=0 equity=0; spy=0 crypto_cap=20.00% nyse_cap=5.52%; game_plan stress=False gate=False metal=$1648.06; sleeve_pnl=CRYPTO +4.2% | NYSE -0.1% UW
2026-06-20 07:21:12,cycle,,,,RHYME_D: Range_Bound_Neutral,,,98290.05,5115.03,,,,,,crypto=0 equity=0; spy=0 crypto_cap=20.00% nyse_cap=5.52%; game_plan stress=False gate=False metal=$1648.06; sleeve_pnl=CRYPTO +4.2% | NYSE -0.1% UW
2026-06-20 07:24:14,cycle,,,,RHYME_D: Range_Bound_Neutral,,,98290.05,5115.03,,,,,,crypto=0 equity=0; spy=0 crypto_cap=20.00% nyse_cap=5.52%; game_plan stress=False gate=False metal=$1648.06; sleeve_pnl=CRYPTO +4.2% | NYSE -0.1% UW
2026-06-20 07:27:16,cycle,,,,RHYME_D: Range_Bound_Neutral,,,98290.05,5115.03,,,,,,crypto=0 equity=0; spy=0 crypto_cap=20.00% nyse_cap=5.52%; game_plan stress=False gate=False metal=$1648.06; sleeve_pnl=CRYPTO +4.2% | NYSE -0.1% UW
2026-06-20 07:30:18,cycle,,,,RHYME_D: Range_Bound_Neutral,,,98303.36,5115.03,,,,,,crypto=0 equity=0; spy=0 crypto_cap=20.00% nyse_cap=5.52%; game_plan stress=False gate=False metal=$1648.06; sleeve_pnl=CRYPTO +4.5% | NYSE -0.1% UW
2026-06-20 07:33:20,cycle,,,,RHYME_D: Range_Bound_Neutral,,,98303.36,5115.03,,,,,,crypto=0 equity=0; spy=0 crypto_cap=20.00% nyse_cap=5.52%; game_plan stress=False gate=False metal=$1648.06; sleeve_pnl=CRYPTO +4.5% | NYSE -0.1% UW
2026-06-20 07:36:22,cycle,,,,RHYME_D: Range_Bound_Neutral,,,98303.36,5115.03,,,,,,crypto=0 equity=0; spy=0 crypto_cap=20.00% nyse_cap=5.52%; game_plan stress=False gate=False metal=$1648.06; sleeve_pnl=CRYPTO +4.5% | NYSE -0.1% UW
2026-06-20 07:39:23,cycle,,,,RHYME_D: Range_Bound_Neutral,,,98272.35,5115.03,,,,,,crypto=0 equity=0; spy=0 crypto_cap=20.00% nyse_cap=5.52%; game_plan stress=False gate=False metal=$1648.06; sleeve_pnl=CRYPTO +3.9% | NYSE -0.1% UW
2026-06-20 07:42:25,cycle,,,,RHYME_D: Range_Bound_Neutral,,,98272.35,5115.03,,,,,,crypto=0 equity=0; spy=0 crypto_cap=20.00% nyse_cap=5.52%; game_plan stress=False gate=False metal=$1648.06; sleeve_pnl=CRYPTO +3.9% | NYSE -0.1% UW
2026-06-20 07:45:28,cycle,,,,RHYME_D: Range_Bound_Neutral,,,98288.59,5115.03,,,,,,crypto=0 equity=0; spy=0 crypto_cap=20.00% nyse_cap=5.52%; game_plan stress=False gate=False metal=$1648.06; sleeve_pnl=CRYPTO +4.2% | NYSE -0.1% UW
2026-06-20 07:48:29,cycle,,,,RHYME_D: Range_Bound_Neutral,,,98272.78,5115.03,,,,,,crypto=0 equity=0; spy=0 crypto_cap=20.00% nyse_cap=5.52%; game_plan stress=False gate=False metal=$1648.06; sleeve_pnl=CRYPTO +3.9% | NYSE -0.1% UW
2026-06-20 07:51:31,cycle,,,,RHYME_D: Range_Bound_Neutral,,,98272.78,5115.03,,,,,,crypto=0 equity=0; spy=0 crypto_cap=20.00% nyse_cap=5.52%; game_plan stress=False gate=False metal=$1648.06; sleeve_pnl=CRYPTO +3.9% | NYSE -0.1% UW
2026-06-20 07:54:33,cycle,,,,RHYME_D: Range_Bound_Neutral,,,98272.78,5115.03,,,,,,crypto=0 equity=0; spy=0 crypto_cap=20.00% nyse_cap=5.52%; game_plan stress=False gate=False metal=$1648.06; sleeve_pnl=CRYPTO +3.9% | NYSE -0.1% UW
2026-06-20 07:57:35,cycle,,,,RHYME_D: Range_Bound_Neutral,,,98272.78,5115.03,,,,,,crypto=0 equity=0; spy=0 crypto_cap=20.00% nyse_cap=5.52%; game_plan stress=False gate=False metal=$1648.06; sleeve_pnl=CRYPTO +3.9% | NYSE -0.1% UW
2026-06-20 08:00:38,cycle,,,,RHYME_D: Range_Bound_Neutral,,,98272.78,5115.03,,,,,,crypto=0 equity=0; spy=0 crypto_cap=20.00% nyse_cap=5.52%; game_plan stress=False gate=False metal=$1648.06; sleeve_pnl=CRYPTO +3.9% | NYSE -0.1% UW
2026-06-20 08:03:40,cycle,,,,RHYME_D: Range_Bound_Neutral,,,98268.69,5115.03,,,,,,crypto=0 equity=0; spy=0 crypto_cap=20.00% nyse_cap=5.52%; game_plan stress=False gate=False metal=$1648.06; sleeve_pnl=CRYPTO +3.8% | NYSE -0.1% UW
2026-06-20 08:06:42,cycle,,,,RHYME_D: Range_Bound_Neutral,,,98268.63,5115.03,,,,,,crypto=0 equity=0; spy=0 crypto_cap=20.00% nyse_cap=5.52%; game_plan stress=False gate=False metal=$1648.06; sleeve_pnl=CRYPTO +3.8% | NYSE -0.1% UW
2026-06-20 08:09:44,cycle,,,,RHYME_D: Range_Bound_Neutral,,,98268.63,5115.03,,,,,,crypto=0 equity=0; spy=0 crypto_cap=20.00% nyse_cap=5.52%; game_plan stress=False gate=False metal=$1648.06; sleeve_pnl=CRYPTO +3.8% | NYSE -0.1% UW
2026-06-20 08:12:46,cycle,,,,RHYME_D: Range_Bound_Neutral,,,98290.05,5115.03,,,,,,crypto=0 equity=0; spy=0 crypto_cap=20.00% nyse_cap=5.52%; game_plan stress=False gate=False metal=$1648.06; sleeve_pnl=CRYPTO +4.2% | NYSE -0.1% UW
2026-06-20 08:15:48,cycle,,,,RHYME_D: Range_Bound_Neutral,,,98290.05,5115.03,,,,,,crypto=0 equity=0; spy=0 crypto_cap=20.00% nyse_cap=5.52%; game_plan stress=False gate=False metal=$1648.06; sleeve_pnl=CRYPTO +4.2% | NYSE -0.1% UW
2026-06-20 08:18:50,cycle,,,,RHYME_D: Range_Bound_Neutral,,,98265.49,5115.03,,,,,,crypto=0 equity=0; spy=0 crypto_cap=20.00% nyse_cap=5.52%; game_plan stress=False gate=False metal=$1648.06; sleeve_pnl=CRYPTO +3.7% | NYSE -0.1% UW
2026-06-20 08:21:52,cycle,,,,RHYME_D: Range_Bound_Neutral,,,98265.49,5115.03,,,,,,crypto=0 equity=0; spy=0 crypto_cap=20.00% nyse_cap=5.52%; game_plan stress=False gate=False metal=$1648.06; sleeve_pnl=CRYPTO +3.7% | NYSE -0.1% UW
2026-06-20 08:24:54,cycle,,,,RHYME_D: Range_Bound_Neutral,,,98255.37,5115.03,,,,,,crypto=0 equity=0; spy=0 crypto_cap=20.00% nyse_cap=5.52%; game_plan stress=False gate=False metal=$1648.06; sleeve_pnl=CRYPTO +3.5% | NYSE -0.1% UW
2026-06-20 08:27:56,cycle,,,,RHYME_D: Range_Bound_Neutral,,,98255.37,5115.03,,,,,,crypto=0 equity=0; spy=0 crypto_cap=20.00% nyse_cap=5.52%; game_plan stress=False gate=False metal=$1648.06; sleeve_pnl=CRYPTO +3.5% | NYSE -0.1% UW
2026-06-20 08:30:58,cycle,,,,RHYME_D: Range_Bound_Neutral,,,98224.18,5115.03,,,,,,crypto=0 equity=0; spy=0 crypto_cap=20.00% nyse_cap=5.52%; game_plan stress=False gate=False metal=$1648.06; sleeve_pnl=CRYPTO +2.9% | NYSE -0.1% UW
2026-06-20 08:34:00,cycle,,,,RHYME_D: Range_Bound_Neutral,,,98224.18,5115.03,,,,,,crypto=0 equity=0; spy=0 crypto_cap=20.00% nyse_cap=5.52%; game_plan stress=False gate=False metal=$1648.06; sleeve_pnl=CRYPTO +2.9% | NYSE -0.1% UW
2026-06-20 08:37:02,cycle,,,,RHYME_D: Range_Bound_Neutral,,,98224.72,5115.03,,,,,,crypto=0 equity=0; spy=0 crypto_cap=20.00% nyse_cap=5.52%; game_plan stress=False gate=False metal=$1648.06; sleeve_pnl=CRYPTO +2.9% | NYSE -0.1% UW
2026-06-20 08:40:04,cycle,,,,RHYME_D: Range_Bound_Neutral,,,98254.16,5115.03,,,,,,crypto=0 equity=0; spy=0 crypto_cap=20.00% nyse_cap=5.52%; game_plan stress=False gate=False metal=$1648.06; sleeve_pnl=CRYPTO +3.5% | NYSE -0.1% UW
2026-06-20 08:43:06,cycle,,,,RHYME_D: Range_Bound_Neutral,,,98254.16,5115.03,,,,,,crypto=0 equity=0; spy=0 crypto_cap=20.00% nyse_cap=5.52%; game_plan stress=False gate=False metal=$1648.06; sleeve_pnl=CRYPTO +3.5% | NYSE -0.1% UW
2026-06-20 08:46:08,cycle,,,,RHYME_D: Range_Bound_Neutral,,,98257.45,5115.03,,,,,,crypto=0 equity=0; spy=0 crypto_cap=20.00% nyse_cap=5.52%; game_plan stress=False gate=False metal=$1648.06; sleeve_pnl=CRYPTO +3.5% | NYSE -0.1% UW
2026-06-20 08:49:10,cycle,,,,RHYME_D: Range_Bound_Neutral,,,98242.59,5115.03,,,,,,crypto=0 equity=0; spy=0 crypto_cap=20.00% nyse_cap=5.52%; game_plan stress=False gate=False metal=$1648.06; sleeve_pnl=CRYPTO +3.2% | NYSE -0.1% UW
2026-06-20 08:52:12,cycle,,,,RHYME_D: Range_Bound_Neutral,,,98242.59,5115.03,,,,,,crypto=0 equity=0; spy=0 crypto_cap=20.00% nyse_cap=5.52%; game_plan stress=False gate=False metal=$1648.06; sleeve_pnl=CRYPTO +3.2% | NYSE -0.1% UW
2026-06-20 08:55:19,cycle,,,,RHYME_D: Range_Bound_Neutral,,,98273.4,5115.03,,,,,,crypto=0 equity=0; spy=0 crypto_cap=20.00% nyse_cap=5.52%; game_plan stress=False gate=False metal=$1648.06; sleeve_pnl=CRYPTO +3.9% | NYSE -0.1% UW
2026-06-20 08:58:21,cycle,,,,RHYME_D: Range_Bound_Neutral,,,98245.44,5115.03,,,,,,crypto=0 equity=0; spy=0 crypto_cap=20.00% nyse_cap=5.52%; game_plan stress=False gate=False metal=$1648.06; sleeve_pnl=CRYPTO +3.3% | NYSE -0.1% UW
2026-06-20 09:01:23,cycle,,,,RHYME_D: Range_Bound_Neutral,,,98245.44,5115.03,,,,,,crypto=0 equity=0; spy=0 crypto_cap=20.00% nyse_cap=5.52%; game_plan stress=False gate=False metal=$1648.06; sleeve_pnl=CRYPTO +3.3% | NYSE -0.1% UW
2026-06-20 09:04:25,cycle,,,,RHYME_D: Range_Bound_Neutral,,,98245.44,5115.03,,,,,,crypto=0 equity=0; spy=0 crypto_cap=20.00% nyse_cap=5.52%; game_plan stress=False gate=False metal=$1648.06; sleeve_pnl=CRYPTO +3.3% | NYSE -0.1% UW
2026-06-20 09:07:27,cycle,,,,RHYME_D: Range_Bound_Neutral,,,98245.44,5115.03,,,,,,crypto=0 equity=0; spy=0 crypto_cap=20.00% nyse_cap=5.52%; game_plan stress=False gate=False metal=$1648.06; sleeve_pnl=CRYPTO +3.3% | NYSE -0.1% UW
2026-06-20 09:10:29,cycle,,,,RHYME_D: Range_Bound_Neutral,,,98245.44,5115.03,,,,,,crypto=0 equity=0; spy=0 crypto_cap=20.00% nyse_cap=5.52%; game_plan stress=False gate=False metal=$1648.06; sleeve_pnl=CRYPTO +3.3% | NYSE -0.1% UW
2026-06-20 09:13:31,cycle,,,,RHYME_D: Range_Bound_Neutral,,,98245.44,5115.03,,,,,,crypto=0 equity=0; spy=0 crypto_cap=20.00% nyse_cap=5.52%; game_plan stress=False gate=False metal=$1648.06; sleeve_pnl=CRYPTO +3.3% | NYSE -0.1% UW
2026-06-20 09:16:33,cycle,,,,RHYME_D: Range_Bound_Neutral,,,98201.27,5115.03,,,,,,crypto=0 equity=0; spy=0 crypto_cap=20.00% nyse_cap=5.52%; game_plan stress=False gate=False metal=$1648.06; sleeve_pnl=CRYPTO +2.4% | NYSE -0.1% UW
2026-06-20 09:19:35,cycle,,,,RHYME_D: Range_Bound_Neutral,,,98201.27,5115.03,,,,,,crypto=0 equity=0; spy=0 crypto_cap=20.00% nyse_cap=5.52%; game_plan stress=False gate=False metal=$1648.06; sleeve_pnl=CRYPTO +2.4% | NYSE -0.1% UW
2026-06-20 09:22:37,cycle,,,,RHYME_D: Range_Bound_Neutral,,,98201.27,5115.03,,,,,,crypto=0 equity=0; spy=0 crypto_cap=20.00% nyse_cap=5.52%; game_plan stress=False gate=False metal=$1648.06; sleeve_pnl=CRYPTO +2.4% | NYSE -0.1% UW
2026-06-20 09:25:39,cycle,,,,RHYME_D: Range_Bound_Neutral,,,98201.27,5115.03,,,,,,crypto=0 equity=0; spy=0 crypto_cap=20.00% nyse_cap=5.52%; game_plan stress=False gate=False metal=$1648.06; sleeve_pnl=CRYPTO +2.4% | NYSE -0.1% UW
2026-06-20 09:28:41,cycle,,,,RHYME_D: Range_Bound_Neutral,,,98201.27,5115.03,,,,,,crypto=0 equity=0; spy=0 crypto_cap=20.00% nyse_cap=5.52%; game_plan stress=False gate=False metal=$1648.06; sleeve_pnl=CRYPTO +2.4% | NYSE -0.1% UW
2026-06-20 09:31:43,cycle,,,,RHYME_D: Range_Bound_Neutral,,,98201.27,5115.03,,,,,,crypto=0 equity=0; spy=0 crypto_cap=20.00% nyse_cap=5.52%; game_plan stress=False gate=False metal=$1648.06; sleeve_pnl=CRYPTO +2.4% | NYSE -0.1% UW
2026-06-20 09:34:45,cycle,,,,RHYME_D: Range_Bound_Neutral,,,98201.27,5115.03,,,,,,crypto=0 equity=0; spy=0 crypto_cap=20.00% nyse_cap=5.52%; game_plan stress=False gate=False metal=$1648.06; sleeve_pnl=CRYPTO +2.4% | NYSE -0.1% UW
2026-06-20 09:37:47,cycle,,,,RHYME_D: Range_Bound_Neutral,,,98201.27,5115.03,,,,,,crypto=0 equity=0; spy=0 crypto_cap=20.00% nyse_cap=5.52%; game_plan stress=False gate=False metal=$1648.06; sleeve_pnl=CRYPTO +2.4% | NYSE -0.1% UW
2026-06-20 09:40:49,cycle,,,,RHYME_D: Range_Bound_Neutral,,,98201.27,5115.03,,,,,,crypto=0 equity=0; spy=0 crypto_cap=20.00% nyse_cap=5.52%; game_plan stress=False gate=False metal=$1648.06; sleeve_pnl=CRYPTO +2.4% | NYSE -0.1% UW
2026-06-20 09:43:51,cycle,,,,RHYME_D: Range_Bound_Neutral,,,98249.81,5115.03,,,,,,crypto=0 equity=0; spy=0 crypto_cap=20.00% nyse_cap=5.52%; game_plan stress=False gate=False metal=$1648.06; sleeve_pnl=CRYPTO +3.4% | NYSE -0.1% UW
2026-06-20 09:46:53,cycle,,,,RHYME_D: Range_Bound_Neutral,,,98282.43,5115.03,,,,,,crypto=0 equity=0; spy=0 crypto_cap=20.00% nyse_cap=5.52%; game_plan stress=False gate=False metal=$1648.06; sleeve_pnl=CRYPTO +4.1% | NYSE -0.1% UW
2026-06-20 09:49:55,cycle,,,,RHYME_D: Range_Bound_Neutral,,,98310.02,5115.03,,,,,,crypto=0 equity=0; spy=0 crypto_cap=20.00% nyse_cap=5.52%; game_plan stress=False gate=False metal=$1648.06; sleeve_pnl=CRYPTO +4.7% | NYSE -0.1% UW
2026-06-20 09:52:57,cycle,,,,RHYME_D: Range_Bound_Neutral,,,98293.58,5115.03,,,,,,crypto=0 equity=0; spy=0 crypto_cap=20.00% nyse_cap=5.52%; game_plan stress=False gate=False metal=$1648.06; sleeve_pnl=CRYPTO +4.3% | NYSE -0.1% UW
2026-06-20 09:55:59,cycle,,,,RHYME_D: Range_Bound_Neutral,,,98293.58,5115.03,,,,,,crypto=0 equity=0; spy=0 crypto_cap=20.00% nyse_cap=5.52%; game_plan stress=False gate=False metal=$1648.06; sleeve_pnl=CRYPTO +4.3% | NYSE -0.1% UW
2026-06-20 09:59:01,cycle,,,,RHYME_D: Range_Bound_Neutral,,,98311.61,5115.03,,,,,,crypto=0 equity=0; spy=0 crypto_cap=20.00% nyse_cap=5.52%; game_plan stress=False gate=False metal=$1648.06; sleeve_pnl=CRYPTO +4.7% | NYSE -0.1% UW
2026-06-20 10:02:03,cycle,,,,RHYME_D: Range_Bound_Neutral,,,98310.86,5115.03,,,,,,crypto=0 equity=0; spy=0 crypto_cap=20.00% nyse_cap=5.52%; game_plan stress=False gate=False metal=$1648.06; sleeve_pnl=CRYPTO +4.7% | NYSE -0.1% UW
2026-06-20 10:05:05,cycle,,,,RHYME_D: Range_Bound_Neutral,,,98294.9,5115.03,,,,,,crypto=0 equity=0; spy=0 crypto_cap=20.00% nyse_cap=5.52%; game_plan stress=False gate=False metal=$1648.06; sleeve_pnl=CRYPTO +4.3% | NYSE -0.1% UW
2026-06-20 10:08:07,cycle,,,,RHYME_D: Range_Bound_Neutral,,,98286.23,5115.03,,,,,,crypto=0 equity=0; spy=0 crypto_cap=20.00% nyse_cap=5.52%; game_plan stress=False gate=False metal=$1648.06; sleeve_pnl=CRYPTO +4.2% | NYSE -0.1% UW
2026-06-20 10:11:09,cycle,,,,RHYME_D: Range_Bound_Neutral,,,98286.23,5115.03,,,,,,crypto=0 equity=0; spy=0 crypto_cap=20.00% nyse_cap=5.52%; game_plan stress=False gate=False metal=$1648.06; sleeve_pnl=CRYPTO +4.2% | NYSE -0.1% UW
2026-06-20 10:14:11,cycle,,,,RHYME_D: Range_Bound_Neutral,,,98286.23,5115.03,,,,,,crypto=0 equity=0; spy=0 crypto_cap=20.00% nyse_cap=5.52%; game_plan stress=False gate=False metal=$1648.06; sleeve_pnl=CRYPTO +4.2% | NYSE -0.1% UW
2026-06-20 10:17:13,cycle,,,,RHYME_D: Range_Bound_Neutral,,,98286.23,5115.03,,,,,,crypto=0 equity=0; spy=0 crypto_cap=20.00% nyse_cap=5.52%; game_plan stress=False gate=False metal=$1648.06; sleeve_pnl=CRYPTO +4.2% | NYSE -0.1% UW
2026-06-20 10:20:15,cycle,,,,RHYME_D: Range_Bound_Neutral,,,98349.0,5115.03,,,,,,crypto=0 equity=0; spy=0 crypto_cap=20.00% nyse_cap=5.52%; game_plan stress=False gate=False metal=$1648.06; sleeve_pnl=CRYPTO +5.5% | NYSE -0.1% UW
2026-06-20 10:23:17,cycle,,,,RHYME_D: Range_Bound_Neutral,,,98315.01,5115.03,,,,,,crypto=0 equity=0; spy=0 crypto_cap=20.00% nyse_cap=5.52%; game_plan stress=False gate=False metal=$1648.06; sleeve_pnl=CRYPTO +4.8% | NYSE -0.1% UW
2026-06-20 10:26:19,cycle,,,,RHYME_D: Range_Bound_Neutral,,,98315.01,5115.03,,,,,,crypto=0 equity=0; spy=0 crypto_cap=20.00% nyse_cap=5.52%; game_plan stress=False gate=False metal=$1648.06; sleeve_pnl=CRYPTO +4.8% | NYSE -0.1% UW
2026-06-20 10:29:21,cycle,,,,RHYME_D: Range_Bound_Neutral,,,98333.09,5115.03,,,,,,crypto=0 equity=0; spy=0 crypto_cap=20.00% nyse_cap=5.52%; game_plan stress=False gate=False metal=$1648.06; sleeve_pnl=CRYPTO +5.1% | NYSE -0.1% UW
2026-06-20 10:32:23,cycle,,,,RHYME_D: Range_Bound_Neutral,,,98333.05,5115.03,,,,,,crypto=0 equity=0; spy=0 crypto_cap=20.00% nyse_cap=5.52%; game_plan stress=False gate=False metal=$1648.06; sleeve_pnl=CRYPTO +5.1% | NYSE -0.1% UW
2026-06-20 10:35:25,cycle,,,,RHYME_D: Range_Bound_Neutral,,,98333.05,5115.03,,,,,,crypto=0 equity=0; spy=0 crypto_cap=20.00% nyse_cap=5.52%; game_plan stress=False gate=False metal=$1648.06; sleeve_pnl=CRYPTO +5.1% | NYSE -0.1% UW
2026-06-20 10:38:27,cycle,,,,RHYME_D: Range_Bound_Neutral,,,98333.05,5115.03,,,,,,crypto=0 equity=0; spy=0 crypto_cap=20.00% nyse_cap=5.52%; game_plan stress=False gate=False metal=$1648.06; sleeve_pnl=CRYPTO +5.1% | NYSE -0.1% UW
2026-06-20 10:41:29,cycle,,,,RHYME_D: Range_Bound_Neutral,,,98333.05,5115.03,,,,,,crypto=0 equity=0; spy=0 crypto_cap=20.00% nyse_cap=5.52%; game_plan stress=False gate=False metal=$1648.06; sleeve_pnl=CRYPTO +5.1% | NYSE -0.1% UW
2026-06-20 10:44:31,cycle,,,,RHYME_D: Range_Bound_Neutral,,,98285.88,5115.03,,,,,,crypto=0 equity=0; spy=0 crypto_cap=20.00% nyse_cap=5.52%; game_plan stress=False gate=False metal=$1648.06; sleeve_pnl=CRYPTO +4.2% | NYSE -0.1% UW
2026-06-20 10:47:33,cycle,,,,RHYME_D: Range_Bound_Neutral,,,98285.88,5115.03,,,,,,crypto=0 equity=0; spy=0 crypto_cap=20.00% nyse_cap=5.52%; game_plan stress=False gate=False metal=$1648.06; sleeve_pnl=CRYPTO +4.2% | NYSE -0.1% UW
2026-06-20 10:50:35,cycle,,,,RHYME_D: Range_Bound_Neutral,,,98300.91,5115.03,,,,,,crypto=0 equity=0; spy=0 crypto_cap=20.00% nyse_cap=5.52%; game_plan stress=False gate=False metal=$1648.06; sleeve_pnl=CRYPTO +4.5% | NYSE -0.1% UW
2026-06-20 10:53:37,cycle,,,,RHYME_D: Range_Bound_Neutral,,,98300.91,5115.03,,,,,,crypto=0 equity=0; spy=0 crypto_cap=20.00% nyse_cap=5.52%; game_plan stress=False gate=False metal=$1648.06; sleeve_pnl=CRYPTO +4.5% | NYSE -0.1% UW
2026-06-20 10:56:39,cycle,,,,RHYME_D: Range_Bound_Neutral,,,98300.91,5115.03,,,,,,crypto=0 equity=0; spy=0 crypto_cap=20.00% nyse_cap=5.52%; game_plan stress=False gate=False metal=$1648.06; sleeve_pnl=CRYPTO +4.5% | NYSE -0.1% UW
2026-06-20 10:59:41,cycle,,,,RHYME_D: Range_Bound_Neutral,,,98300.91,5115.03,,,,,,crypto=0 equity=0; spy=0 crypto_cap=20.00% nyse_cap=5.52%; game_plan stress=False gate=False metal=$1648.06; sleeve_pnl=CRYPTO +4.5% | NYSE -0.1% UW
2026-06-20 11:02:43,cycle,,,,RHYME_D: Range_Bound_Neutral,,,98310.16,5115.03,,,,,,crypto=0 equity=0; spy=0 crypto_cap=20.00% nyse_cap=5.52%; game_plan stress=False gate=False metal=$1648.06; sleeve_pnl=CRYPTO +4.7% | NYSE -0.1% UW
2026-06-20 11:05:45,cycle,,,,RHYME_D: Range_Bound_Neutral,,,98310.16,5115.03,,,,,,crypto=0 equity=0; spy=0 crypto_cap=20.00% nyse_cap=5.52%; game_plan stress=False gate=False metal=$1648.06; sleeve_pnl=CRYPTO +4.7% | NYSE -0.1% UW
2026-06-20 11:08:47,cycle,,,,RHYME_D: Range_Bound_Neutral,,,98310.16,5115.03,,,,,,crypto=0 equity=0; spy=0 crypto_cap=20.00% nyse_cap=5.52%; game_plan stress=False gate=False metal=$1648.06; sleeve_pnl=CRYPTO +4.7% | NYSE -0.1% UW
2026-06-20 11:11:49,cycle,,,,RHYME_D: Range_Bound_Neutral,,,98310.16,5115.03,,,,,,crypto=0 equity=0; spy=0 crypto_cap=20.00% nyse_cap=5.52%; game_plan stress=False gate=False metal=$1648.06; sleeve_pnl=CRYPTO +4.7% | NYSE -0.1% UW
2026-06-20 11:14:51,cycle,,,,RHYME_D: Range_Bound_Neutral,,,98310.16,5115.03,,,,,,crypto=0 equity=0; spy=0 crypto_cap=20.00% nyse_cap=5.52%; game_plan stress=False gate=False metal=$1648.06; sleeve_pnl=CRYPTO +4.7% | NYSE -0.1% UW
2026-06-20 11:17:53,cycle,,,,RHYME_D: Range_Bound_Neutral,,,98310.16,5115.03,,,,,,crypto=0 equity=0; spy=0 crypto_cap=20.00% nyse_cap=5.52%; game_plan stress=False gate=False metal=$1648.06; sleeve_pnl=CRYPTO +4.7% | NYSE -0.1% UW
2026-06-20 11:20:55,cycle,,,,RHYME_D: Range_Bound_Neutral,,,98310.16,5115.03,,,,,,crypto=0 equity=0; spy=0 crypto_cap=20.00% nyse_cap=5.52%; game_plan stress=False gate=False metal=$1648.06; sleeve_pnl=CRYPTO +4.7% | NYSE -0.1% UW
2026-06-20 11:23:57,cycle,,,,RHYME_D: Range_Bound_Neutral,,,98310.16,5115.03,,,,,,crypto=0 equity=0; spy=0 crypto_cap=20.00% nyse_cap=5.52%; game_plan stress=False gate=False metal=$1648.06; sleeve_pnl=CRYPTO +4.7% | NYSE -0.1% UW
2026-06-20 11:26:59,cycle,,,,RHYME_D: Range_Bound_Neutral,,,98310.16,5115.03,,,,,,crypto=0 equity=0; spy=0 crypto_cap=20.00% nyse_cap=5.52%; game_plan stress=False gate=False metal=$1648.06; sleeve_pnl=CRYPTO +4.7% | NYSE -0.1% UW
2026-06-20 11:30:01,cycle,,,,RHYME_D: Range_Bound_Neutral,,,98289.63,5115.03,,,,,,crypto=0 equity=0; spy=0 crypto_cap=20.00% nyse_cap=5.52%; game_plan stress=False gate=False metal=$1648.06; sleeve_pnl=CRYPTO +4.2% | NYSE -0.1% UW
2026-06-20 11:33:03,cycle,,,,RHYME_D: Range_Bound_Neutral,,,98289.63,5115.03,,,,,,crypto=0 equity=0; spy=0 crypto_cap=20.00% nyse_cap=5.52%; game_plan stress=False gate=False metal=$1648.06; sleeve_pnl=CRYPTO +4.2% | NYSE -0.1% UW
2026-06-20 11:36:05,cycle,,,,RHYME_D: Range_Bound_Neutral,,,98289.63,5115.03,,,,,,crypto=0 equity=0; spy=0 crypto_cap=20.00% nyse_cap=5.52%; game_plan stress=False gate=False metal=$1648.06; sleeve_pnl=CRYPTO +4.2% | NYSE -0.1% UW
2026-06-20 11:39:07,cycle,,,,RHYME_D: Range_Bound_Neutral,,,98289.63,5115.03,,,,,,crypto=0 equity=0; spy=0 crypto_cap=20.00% nyse_cap=5.52%; game_plan stress=False gate=False metal=$1648.06; sleeve_pnl=CRYPTO +4.2% | NYSE -0.1% UW
2026-06-20 11:42:09,cycle,,,,RHYME_D: Range_Bound_Neutral,,,98289.63,5115.03,,,,,,crypto=0 equity=0; spy=0 crypto_cap=20.00% nyse_cap=5.52%; game_plan stress=False gate=False metal=$1648.06; sleeve_pnl=CRYPTO +4.2% | NYSE -0.1% UW
2026-06-20 11:45:11,cycle,,,,RHYME_D: Range_Bound_Neutral,,,98291.09,5115.03,,,,,,crypto=0 equity=0; spy=0 crypto_cap=20.00% nyse_cap=5.52%; game_plan stress=False gate=False metal=$1648.06; sleeve_pnl=CRYPTO +4.3% | NYSE -0.1% UW
2026-06-20 11:48:13,cycle,,,,RHYME_D: Range_Bound_Neutral,,,98291.09,5115.03,,,,,,crypto=0 equity=0; spy=0 crypto_cap=20.00% nyse_cap=5.52%; game_plan stress=False gate=False metal=$1648.06; sleeve_pnl=CRYPTO +4.3% | NYSE -0.1% UW
2026-06-20 11:51:15,cycle,,,,RHYME_D: Range_Bound_Neutral,,,98291.09,5115.03,,,,,,crypto=0 equity=0; spy=0 crypto_cap=20.00% nyse_cap=5.52%; game_plan stress=False gate=False metal=$1648.06; sleeve_pnl=CRYPTO +4.3% | NYSE -0.1% UW
2026-06-20 11:54:17,cycle,,,,RHYME_D: Range_Bound_Neutral,,,98291.43,5115.03,,,,,,crypto=0 equity=0; spy=0 crypto_cap=20.00% nyse_cap=5.52%; game_plan stress=False gate=False metal=$1648.06; sleeve_pnl=CRYPTO +4.3% | NYSE -0.1% UW
2026-06-20 11:57:19,cycle,,,,RHYME_D: Range_Bound_Neutral,,,98273.4,5115.03,,,,,,crypto=0 equity=0; spy=0 crypto_cap=20.00% nyse_cap=5.52%; game_plan stress=False gate=False metal=$1648.06; sleeve_pnl=CRYPTO +3.9% | NYSE -0.1% UW
2026-06-20 12:00:21,cycle,,,,RHYME_D: Range_Bound_Neutral,,,98273.4,5115.03,,,,,,crypto=0 equity=0; spy=0 crypto_cap=20.00% nyse_cap=5.52%; game_plan stress=False gate=False metal=$1648.06; sleeve_pnl=CRYPTO +3.9% | NYSE -0.1% UW
2026-06-20 12:03:23,cycle,,,,RHYME_D: Range_Bound_Neutral,,,98273.4,5115.03,,,,,,crypto=0 equity=0; spy=0 crypto_cap=20.00% nyse_cap=5.52%; game_plan stress=False gate=False metal=$1648.06; sleeve_pnl=CRYPTO +3.9% | NYSE -0.1% UW
2026-06-20 12:06:25,cycle,,,,RHYME_D: Range_Bound_Neutral,,,98273.4,5115.03,,,,,,crypto=0 equity=0; spy=0 crypto_cap=20.00% nyse_cap=5.52%; game_plan stress=False gate=False metal=$1648.06; sleeve_pnl=CRYPTO +3.9% | NYSE -0.1% UW
2026-06-20 12:09:27,cycle,,,,RHYME_D: Range_Bound_Neutral,,,98273.4,5115.03,,,,,,crypto=0 equity=0; spy=0 crypto_cap=20.00% nyse_cap=5.52%; game_plan stress=False gate=False metal=$1648.06; sleeve_pnl=CRYPTO +3.9% | NYSE -0.1% UW
2026-06-20 12:12:29,cycle,,,,RHYME_D: Range_Bound_Neutral,,,98273.4,5115.03,,,,,,crypto=0 equity=0; spy=0 crypto_cap=20.00% nyse_cap=5.52%; game_plan stress=False gate=False metal=$1648.06; sleeve_pnl=CRYPTO +3.9% | NYSE -0.1% UW
2026-06-20 12:15:31,cycle,,,,RHYME_D: Range_Bound_Neutral,,,98273.4,5115.03,,,,,,crypto=0 equity=0; spy=0 crypto_cap=20.00% nyse_cap=5.52%; game_plan stress=False gate=False metal=$1648.06; sleeve_pnl=CRYPTO +3.9% | NYSE -0.1% UW
2026-06-20 12:18:33,cycle,,,,RHYME_D: Range_Bound_Neutral,,,98273.4,5115.03,,,,,,crypto=0 equity=0; spy=0 crypto_cap=20.00% nyse_cap=5.52%; game_plan stress=False gate=False metal=$1648.06; sleeve_pnl=CRYPTO +3.9% | NYSE -0.1% UW
2026-06-20 12:21:35,cycle,,,,RHYME_D: Range_Bound_Neutral,,,98273.4,5115.03,,,,,,crypto=0 equity=0; spy=0 crypto_cap=20.00% nyse_cap=5.52%; game_plan stress=False gate=False metal=$1648.06; sleeve_pnl=CRYPTO +3.9% | NYSE -0.1% UW
2026-06-20 12:24:37,cycle,,,,RHYME_D: Range_Bound_Neutral,,,98273.4,5115.03,,,,,,crypto=0 equity=0; spy=0 crypto_cap=20.00% nyse_cap=5.52%; game_plan stress=False gate=False metal=$1648.06; sleeve_pnl=CRYPTO +3.9% | NYSE -0.1% UW
2026-06-20 12:27:40,cycle,,,,RHYME_D: Range_Bound_Neutral,,,98273.4,5115.03,,,,,,crypto=0 equity=0; spy=0 crypto_cap=20.00% nyse_cap=5.52%; game_plan stress=False gate=False metal=$1648.06; sleeve_pnl=CRYPTO +3.9% | NYSE -0.1% UW
2026-06-20 12:30:42,cycle,,,,RHYME_D: Range_Bound_Neutral,,,98273.4,5115.03,,,,,,crypto=0 equity=0; spy=0 crypto_cap=20.00% nyse_cap=5.52%; game_plan stress=False gate=False metal=$1648.06; sleeve_pnl=CRYPTO +3.9% | NYSE -0.1% UW
2026-06-20 12:33:44,cycle,,,,RHYME_D: Range_Bound_Neutral,,,98273.4,5115.03,,,,,,crypto=0 equity=0; spy=0 crypto_cap=20.00% nyse_cap=5.52%; game_plan stress=False gate=False metal=$1648.06; sleeve_pnl=CRYPTO +3.9% | NYSE -0.1% UW
2026-06-20 12:37:27,cycle,,,,RHYME_D: Range_Bound_Neutral,,,98273.4,5115.03,,,,,,crypto=0 equity=0; spy=0 crypto_cap=20.00% nyse_cap=5.52%; game_plan stress=False gate=False metal=$1648.06; sleeve_pnl=CRYPTO +3.9% | NYSE -0.1% UW
2026-06-20 12:40:28,cycle,,,,RHYME_D: Range_Bound_Neutral,,,98267.09,5115.03,,,,,,crypto=0 equity=0; spy=0 crypto_cap=20.00% nyse_cap=5.52%; game_plan stress=False gate=False metal=$1648.06; sleeve_pnl=CRYPTO +3.8% | NYSE -0.1% UW
2026-06-20 12:43:30,cycle,,,,RHYME_D: Range_Bound_Neutral,,,98267.09,5115.03,,,,,,crypto=0 equity=0; spy=0 crypto_cap=20.00% nyse_cap=5.52%; game_plan stress=False gate=False metal=$1648.06; sleeve_pnl=CRYPTO +3.8% | NYSE -0.1% UW
2026-06-20 12:46:32,cycle,,,,RHYME_D: Range_Bound_Neutral,,,98276.52,5115.03,,,,,,crypto=0 equity=0; spy=0 crypto_cap=20.00% nyse_cap=5.52%; game_plan stress=False gate=False metal=$1648.06; sleeve_pnl=CRYPTO +4.0% | NYSE -0.1% UW
2026-06-20 12:49:35,cycle,,,,RHYME_D: Range_Bound_Neutral,,,98276.52,5115.03,,,,,,crypto=0 equity=0; spy=0 crypto_cap=20.00% nyse_cap=5.52%; game_plan stress=False gate=False metal=$1648.06; sleeve_pnl=CRYPTO +4.0% | NYSE -0.1% UW
2026-06-20 12:52:37,cycle,,,,RHYME_D: Range_Bound_Neutral,,,98261.26,5115.03,,,,,,crypto=0 equity=0; spy=0 crypto_cap=20.00% nyse_cap=5.52%; game_plan stress=False gate=False metal=$1648.06; sleeve_pnl=CRYPTO +3.6% | NYSE -0.1% UW
2026-06-20 12:55:39,cycle,,,,RHYME_D: Range_Bound_Neutral,,,98261.26,5115.03,,,,,,crypto=0 equity=0; spy=0 crypto_cap=20.00% nyse_cap=5.52%; game_plan stress=False gate=False metal=$1648.06; sleeve_pnl=CRYPTO +3.6% | NYSE -0.1% UW
2026-06-20 12:58:41,cycle,,,,RHYME_D: Range_Bound_Neutral,,,98292.11,5115.03,,,,,,crypto=0 equity=0; spy=0 crypto_cap=20.00% nyse_cap=5.52%; game_plan stress=False gate=False metal=$1648.06; sleeve_pnl=CRYPTO +4.3% | NYSE -0.1% UW
2026-06-20 13:01:43,cycle,,,,RHYME_D: Range_Bound_Neutral,,,98292.11,5115.03,,,,,,crypto=0 equity=0; spy=0 crypto_cap=20.00% nyse_cap=5.52%; game_plan stress=False gate=False metal=$1648.06; sleeve_pnl=CRYPTO +4.3% | NYSE -0.1% UW
2026-06-20 13:04:45,cycle,,,,RHYME_D: Range_Bound_Neutral,,,98292.11,5115.03,,,,,,crypto=0 equity=0; spy=0 crypto_cap=20.00% nyse_cap=5.52%; game_plan stress=False gate=False metal=$1648.06; sleeve_pnl=CRYPTO +4.3% | NYSE -0.1% UW
2026-06-20 13:07:47,cycle,,,,RHYME_D: Range_Bound_Neutral,,,98292.11,5115.03,,,,,,crypto=0 equity=0; spy=0 crypto_cap=20.00% nyse_cap=5.52%; game_plan stress=False gate=False metal=$1648.06; sleeve_pnl=CRYPTO +4.3% | NYSE -0.1% UW
2026-06-20 13:10:49,cycle,,,,RHYME_D: Range_Bound_Neutral,,,98292.11,5115.03,,,,,,crypto=0 equity=0; spy=0 crypto_cap=20.00% nyse_cap=5.52%; game_plan stress=False gate=False metal=$1648.06; sleeve_pnl=CRYPTO +4.3% | NYSE -0.1% UW
2026-07-05 00:56:15,startup,,,,,,,,,run_all.py started,,,,,
2026-07-05 00:56:41,error,,,,,,,,,"name 'get_volatility' is not defined
Traceback (most recent call last):
  File ""C:\Users\Owner\PythonTrading\stock-bot\run_all.py"", line 1862, in <module>
    main()
    ~~~~^^
  File ""C:\Users\Owner\PythonTrading\stock-bot\run_all.py"", line 660, in main
    vol_label = get_volatility(data)
                ^^^^^^^^^^^^^^
NameError: name 'get_volatility' is not defined
",,,,,
2026-07-05 01:00:00,error,,,,,,,,,"name 'get_volatility' is not defined
Traceback (most recent call last):
  File ""C:\Users\Owner\PythonTrading\stock-bot\run_all.py"", line 1862, in <module>
    main()
    ~~~~^^
  File ""C:\Users\Owner\PythonTrading\stock-bot\run_all.py"", line 660, in main
    vol_label = get_volatility(data)
                ^^^^^^^^^^^^^^
NameError: name 'get_volatility' is not defined
",,,,,
2026-07-05 01:03:07,error,,,,,,,,,"name 'get_volatility' is not defined
Traceback (most recent call last):
  File ""C:\Users\Owner\PythonTrading\stock-bot\run_all.py"", line 1862, in <module>
    main()
    ~~~~^^
  File ""C:\Users\Owner\PythonTrading\stock-bot\run_all.py"", line 660, in main
    vol_label = get_volatility(data)
                ^^^^^^^^^^^^^^
NameError: name 'get_volatility' is not defined
",,,,,
2026-07-05 01:06:18,error,,,,,,,,,"name 'get_volatility' is not defined
Traceback (most recent call last):
  File ""C:\Users\Owner\PythonTrading\stock-bot\run_all.py"", line 1862, in <module>
    main()
    ~~~~^^
  File ""C:\Users\Owner\PythonTrading\stock-bot\run_all.py"", line 660, in main
    vol_label = get_volatility(data)
                ^^^^^^^^^^^^^^
NameError: name 'get_volatility' is not defined
",,,,,
2026-07-05 01:09:41,error,,,,,,,,,"name 'get_volatility' is not defined
Traceback (most recent call last):
  File ""C:\Users\Owner\PythonTrading\stock-bot\run_all.py"", line 1862, in <module>
    main()
    ~~~~^^
  File ""C:\Users\Owner\PythonTrading\stock-bot\run_all.py"", line 660, in main
    vol_label = get_volatility(data)
                ^^^^^^^^^^^^^^
NameError: name 'get_volatility' is not defined
",,,,,
2026-07-05 01:12:51,error,,,,,,,,,"name 'get_volatility' is not defined
Traceback (most recent call last):
  File ""C:\Users\Owner\PythonTrading\stock-bot\run_all.py"", line 1862, in <module>
    main()
    ~~~~^^
  File ""C:\Users\Owner\PythonTrading\stock-bot\run_all.py"", line 660, in main
    vol_label = get_volatility(data)
                ^^^^^^^^^^^^^^
NameError: name 'get_volatility' is not defined
",,,,,
2026-07-05 01:16:01,error,,,,,,,,,"name 'get_volatility' is not defined
Traceback (most recent call last):
  File ""C:\Users\Owner\PythonTrading\stock-bot\run_all.py"", line 1862, in <module>
    main()
    ~~~~^^
  File ""C:\Users\Owner\PythonTrading\stock-bot\run_all.py"", line 660, in main
    vol_label = get_volatility(data)
                ^^^^^^^^^^^^^^
NameError: name 'get_volatility' is not defined
",,,,,
2026-07-05 01:19:09,error,,,,,,,,,"name 'get_volatility' is not defined
Traceback (most recent call last):
  File ""C:\Users\Owner\PythonTrading\stock-bot\run_all.py"", line 1862, in <module>
    main()
    ~~~~^^
  File ""C:\Users\Owner\PythonTrading\stock-bot\run_all.py"", line 660, in main
    vol_label = get_volatility(data)
                ^^^^^^^^^^^^^^
NameError: name 'get_volatility' is not defined
",,,,,
2026-07-05 01:22:38,error,,,,,,,,,"name 'get_volatility' is not defined
Traceback (most recent call last):
  File ""C:\Users\Owner\PythonTrading\stock-bot\run_all.py"", line 1862, in <module>
    main()
    ~~~~^^
  File ""C:\Users\Owner\PythonTrading\stock-bot\run_all.py"", line 660, in main
    vol_label = get_volatility(data)
                ^^^^^^^^^^^^^^
NameError: name 'get_volatility' is not defined
",,,,,
2026-07-05 01:25:48,error,,,,,,,,,"name 'get_volatility' is not defined
Traceback (most recent call last):
  File ""C:\Users\Owner\PythonTrading\stock-bot\run_all.py"", line 1862, in <module>
    main()
    ~~~~^^
  File ""C:\Users\Owner\PythonTrading\stock-bot\run_all.py"", line 660, in main
    vol_label = get_volatility(data)
                ^^^^^^^^^^^^^^
NameError: name 'get_volatility' is not defined
",,,,,
2026-07-05 01:28:58,error,,,,,,,,,"name 'get_volatility' is not defined
Traceback (most recent call last):
  File ""C:\Users\Owner\PythonTrading\stock-bot\run_all.py"", line 1862, in <module>
    main()
    ~~~~^^
  File ""C:\Users\Owner\PythonTrading\stock-bot\run_all.py"", line 660, in main
    vol_label = get_volatility(data)
                ^^^^^^^^^^^^^^
NameError: name 'get_volatility' is not defined
",,,,,
2026-07-05 01:32:05,error,,,,,,,,,"name 'get_volatility' is not defined
Traceback (most recent call last):
  File ""C:\Users\Owner\PythonTrading\stock-bot\run_all.py"", line 1862, in <module>
    main()
    ~~~~^^
  File ""C:\Users\Owner\PythonTrading\stock-bot\run_all.py"", line 660, in main
    vol_label = get_volatility(data)
                ^^^^^^^^^^^^^^
NameError: name 'get_volatility' is not defined
",,,,,
2026-07-05 01:35:24,error,,,,,,,,,"name 'get_volatility' is not defined
Traceback (most recent call last):
  File ""C:\Users\Owner\PythonTrading\stock-bot\run_all.py"", line 1862, in <module>
    main()
    ~~~~^^
  File ""C:\Users\Owner\PythonTrading\stock-bot\run_all.py"", line 660, in main
    vol_label = get_volatility(data)
                ^^^^^^^^^^^^^^
NameError: name 'get_volatility' is not defined
",,,,,
2026-07-05 01:38:31,error,,,,,,,,,"name 'get_volatility' is not defined
Traceback (most recent call last):
  File ""C:\Users\Owner\PythonTrading\stock-bot\run_all.py"", line 1862, in <module>
    main()
    ~~~~^^
  File ""C:\Users\Owner\PythonTrading\stock-bot\run_all.py"", line 660, in main
    vol_label = get_volatility(data)
                ^^^^^^^^^^^^^^
NameError: name 'get_volatility' is not defined
",,,,,
2026-07-05 01:41:36,error,,,,,,,,,"name 'get_volatility' is not defined
Traceback (most recent call last):
  File ""C:\Users\Owner\PythonTrading\stock-bot\run_all.py"", line 1862, in <module>
    main()
    ~~~~^^
  File ""C:\Users\Owner\PythonTrading\stock-bot\run_all.py"", line 660, in main
    vol_label = get_volatility(data)
                ^^^^^^^^^^^^^^
NameError: name 'get_volatility' is not defined
",,,,,
2026-07-05 01:44:41,error,,,,,,,,,"name 'get_volatility' is not defined
Traceback (most recent call last):
  File ""C:\Users\Owner\PythonTrading\stock-bot\run_all.py"", line 1862, in <module>
    main()
    ~~~~^^
  File ""C:\Users\Owner\PythonTrading\stock-bot\run_all.py"", line 660, in main
    vol_label = get_volatility(data)
                ^^^^^^^^^^^^^^
NameError: name 'get_volatility' is not defined
",,,,,
2026-07-05 01:48:04,error,,,,,,,,,"name 'get_volatility' is not defined
Traceback (most recent call last):
  File ""C:\Users\Owner\PythonTrading\stock-bot\run_all.py"", line 1862, in <module>
    main()
    ~~~~^^
  File ""C:\Users\Owner\PythonTrading\stock-bot\run_all.py"", line 660, in main
    vol_label = get_volatility(data)
                ^^^^^^^^^^^^^^
NameError: name 'get_volatility' is not defined
",,,,,
2026-07-05 01:51:11,error,,,,,,,,,"name 'get_volatility' is not defined
Traceback (most recent call last):
  File ""C:\Users\Owner\PythonTrading\stock-bot\run_all.py"", line 1862, in <module>
    main()
    ~~~~^^
  File ""C:\Users\Owner\PythonTrading\stock-bot\run_all.py"", line 660, in main
    vol_label = get_volatility(data)
                ^^^^^^^^^^^^^^
NameError: name 'get_volatility' is not defined
",,,,,
2026-07-05 01:54:16,error,,,,,,,,,"name 'get_volatility' is not defined
Traceback (most recent call last):
  File ""C:\Users\Owner\PythonTrading\stock-bot\run_all.py"", line 1862, in <module>
    main()
    ~~~~^^
  File ""C:\Users\Owner\PythonTrading\stock-bot\run_all.py"", line 660, in main
    vol_label = get_volatility(data)
                ^^^^^^^^^^^^^^
NameError: name 'get_volatility' is not defined
",,,,,
2026-07-05 01:57:21,error,,,,,,,,,"name 'get_volatility' is not defined
Traceback (most recent call last):
  File ""C:\Users\Owner\PythonTrading\stock-bot\run_all.py"", line 1862, in <module>
    main()
    ~~~~^^
  File ""C:\Users\Owner\PythonTrading\stock-bot\run_all.py"", line 660, in main
    vol_label = get_volatility(data)
                ^^^^^^^^^^^^^^
NameError: name 'get_volatility' is not defined
",,,,,
2026-07-05 02:00:43,error,,,,,,,,,"name 'get_volatility' is not defined
Traceback (most recent call last):
  File ""C:\Users\Owner\PythonTrading\stock-bot\run_all.py"", line 1862, in <module>
    main()
    ~~~~^^
  File ""C:\Users\Owner\PythonTrading\stock-bot\run_all.py"", line 660, in main
    vol_label = get_volatility(data)
                ^^^^^^^^^^^^^^
NameError: name 'get_volatility' is not defined
",,,,,
2026-07-05 02:03:47,error,,,,,,,,,"name 'get_volatility' is not defined
Traceback (most recent call last):
  File ""C:\Users\Owner\PythonTrading\stock-bot\run_all.py"", line 1862, in <module>
    main()
    ~~~~^^
  File ""C:\Users\Owner\PythonTrading\stock-bot\run_all.py"", line 660, in main
    vol_label = get_volatility(data)
                ^^^^^^^^^^^^^^
NameError: name 'get_volatility' is not defined
",,,,,
2026-07-05 02:06:54,error,,,,,,,,,"name 'get_volatility' is not defined
Traceback (most recent call last):
  File ""C:\Users\Owner\PythonTrading\stock-bot\run_all.py"", line 1862, in <module>
    main()
    ~~~~^^
  File ""C:\Users\Owner\PythonTrading\stock-bot\run_all.py"", line 660, in main
    vol_label = get_volatility(data)
                ^^^^^^^^^^^^^^
NameError: name 'get_volatility' is not defined
",,,,,
2026-07-05 02:09:59,error,,,,,,,,,"name 'get_volatility' is not defined
Traceback (most recent call last):
  File ""C:\Users\Owner\PythonTrading\stock-bot\run_all.py"", line 1862, in <module>
    main()
    ~~~~^^
  File ""C:\Users\Owner\PythonTrading\stock-bot\run_all.py"", line 660, in main
    vol_label = get_volatility(data)
                ^^^^^^^^^^^^^^
NameError: name 'get_volatility' is not defined
",,,,,
2026-07-05 02:13:19,error,,,,,,,,,"name 'get_volatility' is not defined
Traceback (most recent call last):
  File ""C:\Users\Owner\PythonTrading\stock-bot\run_all.py"", line 1862, in <module>
    main()
    ~~~~^^
  File ""C:\Users\Owner\PythonTrading\stock-bot\run_all.py"", line 660, in main
    vol_label = get_volatility(data)
                ^^^^^^^^^^^^^^
NameError: name 'get_volatility' is not defined
",,,,,
2026-07-05 02:16:24,error,,,,,,,,,"name 'get_volatility' is not defined
Traceback (most recent call last):
  File ""C:\Users\Owner\PythonTrading\stock-bot\run_all.py"", line 1862, in <module>
    main()
    ~~~~^^
  File ""C:\Users\Owner\PythonTrading\stock-bot\run_all.py"", line 660, in main
    vol_label = get_volatility(data)
                ^^^^^^^^^^^^^^
NameError: name 'get_volatility' is not defined
",,,,,
2026-07-05 02:19:29,error,,,,,,,,,"name 'get_volatility' is not defined
Traceback (most recent call last):
  File ""C:\Users\Owner\PythonTrading\stock-bot\run_all.py"", line 1862, in <module>
    main()
    ~~~~^^
  File ""C:\Users\Owner\PythonTrading\stock-bot\run_all.py"", line 660, in main
    vol_label = get_volatility(data)
                ^^^^^^^^^^^^^^
NameError: name 'get_volatility' is not defined
",,,,,
2026-07-05 02:22:36,error,,,,,,,,,"name 'get_volatility' is not defined
Traceback (most recent call last):
  File ""C:\Users\Owner\PythonTrading\stock-bot\run_all.py"", line 1862, in <module>
    main()
    ~~~~^^
  File ""C:\Users\Owner\PythonTrading\stock-bot\run_all.py"", line 660, in main
    vol_label = get_volatility(data)
                ^^^^^^^^^^^^^^
NameError: name 'get_volatility' is not defined
",,,,,
2026-07-05 02:25:57,error,,,,,,,,,"name 'get_volatility' is not defined
Traceback (most recent call last):
  File ""C:\Users\Owner\PythonTrading\stock-bot\run_all.py"", line 1862, in <module>
    main()
    ~~~~^^
  File ""C:\Users\Owner\PythonTrading\stock-bot\run_all.py"", line 660, in main
    vol_label = get_volatility(data)
                ^^^^^^^^^^^^^^
NameError: name 'get_volatility' is not defined
",,,,,
2026-07-05 02:29:03,error,,,,,,,,,"name 'get_volatility' is not defined
Traceback (most recent call last):
  File ""C:\Users\Owner\PythonTrading\stock-bot\run_all.py"", line 1862, in <module>
    main()
    ~~~~^^
  File ""C:\Users\Owner\PythonTrading\stock-bot\run_all.py"", line 660, in main
    vol_label = get_volatility(data)
                ^^^^^^^^^^^^^^
NameError: name 'get_volatility' is not defined
",,,,,
2026-07-05 02:32:08,error,,,,,,,,,"name 'get_volatility' is not defined
Traceback (most recent call last):
  File ""C:\Users\Owner\PythonTrading\stock-bot\run_all.py"", line 1862, in <module>
    main()
    ~~~~^^
  File ""C:\Users\Owner\PythonTrading\stock-bot\run_all.py"", line 660, in main
    vol_label = get_volatility(data)
                ^^^^^^^^^^^^^^
NameError: name 'get_volatility' is not defined
",,,,,
2026-07-05 02:35:13,error,,,,,,,,,"name 'get_volatility' is not defined
Traceback (most recent call last):
  File ""C:\Users\Owner\PythonTrading\stock-bot\run_all.py"", line 1862, in <module>
    main()
    ~~~~^^
  File ""C:\Users\Owner\PythonTrading\stock-bot\run_all.py"", line 660, in main
    vol_label = get_volatility(data)
                ^^^^^^^^^^^^^^
NameError: name 'get_volatility' is not defined
",,,,,
2026-07-05 02:38:33,error,,,,,,,,,"name 'get_volatility' is not defined
Traceback (most recent call last):
  File ""C:\Users\Owner\PythonTrading\stock-bot\run_all.py"", line 1862, in <module>
    main()
    ~~~~^^
  File ""C:\Users\Owner\PythonTrading\stock-bot\run_all.py"", line 660, in main
    vol_label = get_volatility(data)
                ^^^^^^^^^^^^^^
NameError: name 'get_volatility' is not defined
",,,,,
2026-07-05 02:41:38,error,,,,,,,,,"name 'get_volatility' is not defined
Traceback (most recent call last):
  File ""C:\Users\Owner\PythonTrading\stock-bot\run_all.py"", line 1862, in <module>
    main()
    ~~~~^^
  File ""C:\Users\Owner\PythonTrading\stock-bot\run_all.py"", line 660, in main
    vol_label = get_volatility(data)
                ^^^^^^^^^^^^^^
NameError: name 'get_volatility' is not defined
",,,,,
2026-07-05 02:44:43,error,,,,,,,,,"name 'get_volatility' is not defined
Traceback (most recent call last):
  File ""C:\Users\Owner\PythonTrading\stock-bot\run_all.py"", line 1862, in <module>
    main()
    ~~~~^^
  File ""C:\Users\Owner\PythonTrading\stock-bot\run_all.py"", line 660, in main
    vol_label = get_volatility(data)
                ^^^^^^^^^^^^^^
NameError: name 'get_volatility' is not defined
",,,,,
2026-07-05 02:47:49,error,,,,,,,,,"name 'get_volatility' is not defined
Traceback (most recent call last):
  File ""C:\Users\Owner\PythonTrading\stock-bot\run_all.py"", line 1862, in <module>
    main()
    ~~~~^^
  File ""C:\Users\Owner\PythonTrading\stock-bot\run_all.py"", line 660, in main
    vol_label = get_volatility(data)
                ^^^^^^^^^^^^^^
NameError: name 'get_volatility' is not defined
",,,,,
2026-07-05 02:51:09,error,,,,,,,,,"name 'get_volatility' is not defined
Traceback (most recent call last):
  File ""C:\Users\Owner\PythonTrading\stock-bot\run_all.py"", line 1862, in <module>
    main()
    ~~~~^^
  File ""C:\Users\Owner\PythonTrading\stock-bot\run_all.py"", line 660, in main
    vol_label = get_volatility(data)
                ^^^^^^^^^^^^^^
NameError: name 'get_volatility' is not defined
",,,,,
2026-07-05 02:54:16,error,,,,,,,,,"name 'get_volatility' is not defined
Traceback (most recent call last):
  File ""C:\Users\Owner\PythonTrading\stock-bot\run_all.py"", line 1862, in <module>
    main()
    ~~~~^^
  File ""C:\Users\Owner\PythonTrading\stock-bot\run_all.py"", line 660, in main
    vol_label = get_volatility(data)
                ^^^^^^^^^^^^^^
NameError: name 'get_volatility' is not defined
",,,,,
2026-07-05 02:57:23,error,,,,,,,,,"name 'get_volatility' is not defined
Traceback (most recent call last):
  File ""C:\Users\Owner\PythonTrading\stock-bot\run_all.py"", line 1862, in <module>
    main()
    ~~~~^^
  File ""C:\Users\Owner\PythonTrading\stock-bot\run_all.py"", line 660, in main
    vol_label = get_volatility(data)
                ^^^^^^^^^^^^^^
NameError: name 'get_volatility' is not defined
",,,,,
2026-07-05 03:00:29,error,,,,,,,,,"name 'get_volatility' is not defined
Traceback (most recent call last):
  File ""C:\Users\Owner\PythonTrading\stock-bot\run_all.py"", line 1862, in <module>
    main()
    ~~~~^^
  File ""C:\Users\Owner\PythonTrading\stock-bot\run_all.py"", line 660, in main
    vol_label = get_volatility(data)
                ^^^^^^^^^^^^^^
NameError: name 'get_volatility' is not defined
",,,,,
2026-07-05 03:03:50,error,,,,,,,,,"name 'get_volatility' is not defined
Traceback (most recent call last):
  File ""C:\Users\Owner\PythonTrading\stock-bot\run_all.py"", line 1862, in <module>
    main()
    ~~~~^^
  File ""C:\Users\Owner\PythonTrading\stock-bot\run_all.py"", line 660, in main
    vol_label = get_volatility(data)
                ^^^^^^^^^^^^^^
NameError: name 'get_volatility' is not defined
",,,,,
2026-07-05 03:06:54,error,,,,,,,,,"name 'get_volatility' is not defined
Traceback (most recent call last):
  File ""C:\Users\Owner\PythonTrading\stock-bot\run_all.py"", line 1862, in <module>
    main()
    ~~~~^^
  File ""C:\Users\Owner\PythonTrading\stock-bot\run_all.py"", line 660, in main
    vol_label = get_volatility(data)
                ^^^^^^^^^^^^^^
NameError: name 'get_volatility' is not defined
",,,,,
2026-07-05 03:10:01,error,,,,,,,,,"name 'get_volatility' is not defined
Traceback (most recent call last):
  File ""C:\Users\Owner\PythonTrading\stock-bot\run_all.py"", line 1862, in <module>
    main()
    ~~~~^^
  File ""C:\Users\Owner\PythonTrading\stock-bot\run_all.py"", line 660, in main
    vol_label = get_volatility(data)
                ^^^^^^^^^^^^^^
NameError: name 'get_volatility' is not defined
",,,,,
2026-07-05 03:13:06,error,,,,,,,,,"name 'get_volatility' is not defined
Traceback (most recent call last):
  File ""C:\Users\Owner\PythonTrading\stock-bot\run_all.py"", line 1862, in <module>
    main()
    ~~~~^^
  File ""C:\Users\Owner\PythonTrading\stock-bot\run_all.py"", line 660, in main
    vol_label = get_volatility(data)
                ^^^^^^^^^^^^^^
NameError: name 'get_volatility' is not defined
",,,,,
2026-07-05 03:16:26,error,,,,,,,,,"name 'get_volatility' is not defined
Traceback (most recent call last):
  File ""C:\Users\Owner\PythonTrading\stock-bot\run_all.py"", line 1862, in <module>
    main()
    ~~~~^^
  File ""C:\Users\Owner\PythonTrading\stock-bot\run_all.py"", line 660, in main
    vol_label = get_volatility(data)
                ^^^^^^^^^^^^^^
NameError: name 'get_volatility' is not defined
",,,,,
2026-07-05 03:19:34,error,,,,,,,,,"name 'get_volatility' is not defined
Traceback (most recent call last):
  File ""C:\Users\Owner\PythonTrading\stock-bot\run_all.py"", line 1862, in <module>
    main()
    ~~~~^^
  File ""C:\Users\Owner\PythonTrading\stock-bot\run_all.py"", line 660, in main
    vol_label = get_volatility(data)
                ^^^^^^^^^^^^^^
NameError: name 'get_volatility' is not defined
",,,,,
2026-07-05 03:22:39,error,,,,,,,,,"name 'get_volatility' is not defined
Traceback (most recent call last):
  File ""C:\Users\Owner\PythonTrading\stock-bot\run_all.py"", line 1862, in <module>
    main()
    ~~~~^^
  File ""C:\Users\Owner\PythonTrading\stock-bot\run_all.py"", line 660, in main
    vol_label = get_volatility(data)
                ^^^^^^^^^^^^^^
NameError: name 'get_volatility' is not defined
",,,,,
2026-07-05 03:25:44,error,,,,,,,,,"name 'get_volatility' is not defined
Traceback (most recent call last):
  File ""C:\Users\Owner\PythonTrading\stock-bot\run_all.py"", line 1862, in <module>
    main()
    ~~~~^^
  File ""C:\Users\Owner\PythonTrading\stock-bot\run_all.py"", line 660, in main
    vol_label = get_volatility(data)
                ^^^^^^^^^^^^^^
NameError: name 'get_volatility' is not defined
",,,,,
2026-07-05 03:29:06,error,,,,,,,,,"name 'get_volatility' is not defined
Traceback (most recent call last):
  File ""C:\Users\Owner\PythonTrading\stock-bot\run_all.py"", line 1862, in <module>
    main()
    ~~~~^^
  File ""C:\Users\Owner\PythonTrading\stock-bot\run_all.py"", line 660, in main
    vol_label = get_volatility(data)
                ^^^^^^^^^^^^^^
NameError: name 'get_volatility' is not defined
",,,,,
2026-07-05 03:32:12,error,,,,,,,,,"name 'get_volatility' is not defined
Traceback (most recent call last):
  File ""C:\Users\Owner\PythonTrading\stock-bot\run_all.py"", line 1862, in <module>
    main()
    ~~~~^^
  File ""C:\Users\Owner\PythonTrading\stock-bot\run_all.py"", line 660, in main
    vol_label = get_volatility(data)
                ^^^^^^^^^^^^^^
NameError: name 'get_volatility' is not defined
",,,,,
2026-07-05 03:35:18,error,,,,,,,,,"name 'get_volatility' is not defined
Traceback (most recent call last):
  File ""C:\Users\Owner\PythonTrading\stock-bot\run_all.py"", line 1862, in <module>
    main()
    ~~~~^^
  File ""C:\Users\Owner\PythonTrading\stock-bot\run_all.py"", line 660, in main
    vol_label = get_volatility(data)
                ^^^^^^^^^^^^^^
NameError: name 'get_volatility' is not defined
",,,,,
2026-07-05 03:38:23,error,,,,,,,,,"name 'get_volatility' is not defined
Traceback (most recent call last):
  File ""C:\Users\Owner\PythonTrading\stock-bot\run_all.py"", line 1862, in <module>
    main()
    ~~~~^^
  File ""C:\Users\Owner\PythonTrading\stock-bot\run_all.py"", line 660, in main
    vol_label = get_volatility(data)
                ^^^^^^^^^^^^^^
NameError: name 'get_volatility' is not defined
",,,,,
2026-07-05 03:41:44,error,,,,,,,,,"name 'get_volatility' is not defined
Traceback (most recent call last):
  File ""C:\Users\Owner\PythonTrading\stock-bot\run_all.py"", line 1862, in <module>
    main()
    ~~~~^^
  File ""C:\Users\Owner\PythonTrading\stock-bot\run_all.py"", line 660, in main
    vol_label = get_volatility(data)
                ^^^^^^^^^^^^^^
NameError: name 'get_volatility' is not defined
",,,,,
2026-07-05 03:44:50,error,,,,,,,,,"name 'get_volatility' is not defined
Traceback (most recent call last):
  File ""C:\Users\Owner\PythonTrading\stock-bot\run_all.py"", line 1862, in <module>
    main()
    ~~~~^^
  File ""C:\Users\Owner\PythonTrading\stock-bot\run_all.py"", line 660, in main
    vol_label = get_volatility(data)
                ^^^^^^^^^^^^^^
NameError: name 'get_volatility' is not defined
",,,,,
2026-07-05 03:47:57,error,,,,,,,,,"name 'get_volatility' is not defined
Traceback (most recent call last):
  File ""C:\Users\Owner\PythonTrading\stock-bot\run_all.py"", line 1862, in <module>
    main()
    ~~~~^^
  File ""C:\Users\Owner\PythonTrading\stock-bot\run_all.py"", line 660, in main
    vol_label = get_volatility(data)
                ^^^^^^^^^^^^^^
NameError: name 'get_volatility' is not defined
",,,,,
2026-07-05 03:51:04,error,,,,,,,,,"name 'get_volatility' is not defined
Traceback (most recent call last):
  File ""C:\Users\Owner\PythonTrading\stock-bot\run_all.py"", line 1862, in <module>
    main()
    ~~~~^^
  File ""C:\Users\Owner\PythonTrading\stock-bot\run_all.py"", line 660, in main
    vol_label = get_volatility(data)
                ^^^^^^^^^^^^^^
NameError: name 'get_volatility' is not defined
",,,,,
2026-07-05 03:54:24,error,,,,,,,,,"name 'get_volatility' is not defined
Traceback (most recent call last):
  File ""C:\Users\Owner\PythonTrading\stock-bot\run_all.py"", line 1862, in <module>
    main()
    ~~~~^^
  File ""C:\Users\Owner\PythonTrading\stock-bot\run_all.py"", line 660, in main
    vol_label = get_volatility(data)
                ^^^^^^^^^^^^^^
NameError: name 'get_volatility' is not defined
",,,,,
2026-07-05 03:57:30,error,,,,,,,,,"name 'get_volatility' is not defined
Traceback (most recent call last):
  File ""C:\Users\Owner\PythonTrading\stock-bot\run_all.py"", line 1862, in <module>
    main()
    ~~~~^^
  File ""C:\Users\Owner\PythonTrading\stock-bot\run_all.py"", line 660, in main
    vol_label = get_volatility(data)
                ^^^^^^^^^^^^^^
NameError: name 'get_volatility' is not defined
",,,,,
2026-07-05 04:00:39,error,,,,,,,,,"name 'get_volatility' is not defined
Traceback (most recent call last):
  File ""C:\Users\Owner\PythonTrading\stock-bot\run_all.py"", line 1862, in <module>
    main()
    ~~~~^^
  File ""C:\Users\Owner\PythonTrading\stock-bot\run_all.py"", line 660, in main
    vol_label = get_volatility(data)
                ^^^^^^^^^^^^^^
NameError: name 'get_volatility' is not defined
",,,,,
2026-07-05 04:03:44,error,,,,,,,,,"name 'get_volatility' is not defined
Traceback (most recent call last):
  File ""C:\Users\Owner\PythonTrading\stock-bot\run_all.py"", line 1862, in <module>
    main()
    ~~~~^^
  File ""C:\Users\Owner\PythonTrading\stock-bot\run_all.py"", line 660, in main
    vol_label = get_volatility(data)
                ^^^^^^^^^^^^^^
NameError: name 'get_volatility' is not defined
",,,,,
2026-07-05 04:07:06,error,,,,,,,,,"name 'get_volatility' is not defined
Traceback (most recent call last):
  File ""C:\Users\Owner\PythonTrading\stock-bot\run_all.py"", line 1862, in <module>
    main()
    ~~~~^^
  File ""C:\Users\Owner\PythonTrading\stock-bot\run_all.py"", line 660, in main
    vol_label = get_volatility(data)
                ^^^^^^^^^^^^^^
NameError: name 'get_volatility' is not defined
",,,,,
2026-07-05 04:10:11,error,,,,,,,,,"name 'get_volatility' is not defined
Traceback (most recent call last):
  File ""C:\Users\Owner\PythonTrading\stock-bot\run_all.py"", line 1862, in <module>
    main()
    ~~~~^^
  File ""C:\Users\Owner\PythonTrading\stock-bot\run_all.py"", line 660, in main
    vol_label = get_volatility(data)
                ^^^^^^^^^^^^^^
NameError: name 'get_volatility' is not defined
",,,,,
2026-07-05 04:13:16,error,,,,,,,,,"name 'get_volatility' is not defined
Traceback (most recent call last):
  File ""C:\Users\Owner\PythonTrading\stock-bot\run_all.py"", line 1862, in <module>
    main()
    ~~~~^^
  File ""C:\Users\Owner\PythonTrading\stock-bot\run_all.py"", line 660, in main
    vol_label = get_volatility(data)
                ^^^^^^^^^^^^^^
NameError: name 'get_volatility' is not defined
",,,,,
2026-07-05 04:16:22,error,,,,,,,,,"name 'get_volatility' is not defined
Traceback (most recent call last):
  File ""C:\Users\Owner\PythonTrading\stock-bot\run_all.py"", line 1862, in <module>
    main()
    ~~~~^^
  File ""C:\Users\Owner\PythonTrading\stock-bot\run_all.py"", line 660, in main
    vol_label = get_volatility(data)
                ^^^^^^^^^^^^^^
NameError: name 'get_volatility' is not defined
",,,,,
2026-07-05 04:19:43,error,,,,,,,,,"name 'get_volatility' is not defined
Traceback (most recent call last):
  File ""C:\Users\Owner\PythonTrading\stock-bot\run_all.py"", line 1862, in <module>
    main()
    ~~~~^^
  File ""C:\Users\Owner\PythonTrading\stock-bot\run_all.py"", line 660, in main
    vol_label = get_volatility(data)
                ^^^^^^^^^^^^^^
NameError: name 'get_volatility' is not defined
",,,,,
2026-07-05 04:22:50,error,,,,,,,,,"name 'get_volatility' is not defined
Traceback (most recent call last):
  File ""C:\Users\Owner\PythonTrading\stock-bot\run_all.py"", line 1862, in <module>
    main()
    ~~~~^^
  File ""C:\Users\Owner\PythonTrading\stock-bot\run_all.py"", line 660, in main
    vol_label = get_volatility(data)
                ^^^^^^^^^^^^^^
NameError: name 'get_volatility' is not defined
",,,,,
2026-07-05 04:25:55,error,,,,,,,,,"name 'get_volatility' is not defined
Traceback (most recent call last):
  File ""C:\Users\Owner\PythonTrading\stock-bot\run_all.py"", line 1862, in <module>
    main()
    ~~~~^^
  File ""C:\Users\Owner\PythonTrading\stock-bot\run_all.py"", line 660, in main
    vol_label = get_volatility(data)
                ^^^^^^^^^^^^^^
NameError: name 'get_volatility' is not defined
",,,,,
2026-07-05 04:29:00,error,,,,,,,,,"name 'get_volatility' is not defined
Traceback (most recent call last):
  File ""C:\Users\Owner\PythonTrading\stock-bot\run_all.py"", line 1862, in <module>
    main()
    ~~~~^^
  File ""C:\Users\Owner\PythonTrading\stock-bot\run_all.py"", line 660, in main
    vol_label = get_volatility(data)
                ^^^^^^^^^^^^^^
NameError: name 'get_volatility' is not defined
",,,,,
2026-07-05 04:32:22,error,,,,,,,,,"name 'get_volatility' is not defined
Traceback (most recent call last):
  File ""C:\Users\Owner\PythonTrading\stock-bot\run_all.py"", line 1862, in <module>
    main()
    ~~~~^^
  File ""C:\Users\Owner\PythonTrading\stock-bot\run_all.py"", line 660, in main
    vol_label = get_volatility(data)
                ^^^^^^^^^^^^^^
NameError: name 'get_volatility' is not defined
",,,,,
2026-07-05 04:35:28,error,,,,,,,,,"name 'get_volatility' is not defined
Traceback (most recent call last):
  File ""C:\Users\Owner\PythonTrading\stock-bot\run_all.py"", line 1862, in <module>
    main()
    ~~~~^^
  File ""C:\Users\Owner\PythonTrading\stock-bot\run_all.py"", line 660, in main
    vol_label = get_volatility(data)
                ^^^^^^^^^^^^^^
NameError: name 'get_volatility' is not defined
",,,,,
2026-07-05 04:38:34,error,,,,,,,,,"name 'get_volatility' is not defined
Traceback (most recent call last):
  File ""C:\Users\Owner\PythonTrading\stock-bot\run_all.py"", line 1862, in <module>
    main()
    ~~~~^^
  File ""C:\Users\Owner\PythonTrading\stock-bot\run_all.py"", line 660, in main
    vol_label = get_volatility(data)
                ^^^^^^^^^^^^^^
NameError: name 'get_volatility' is not defined
",,,,,
2026-07-05 04:41:40,error,,,,,,,,,"name 'get_volatility' is not defined
Traceback (most recent call last):
  File ""C:\Users\Owner\PythonTrading\stock-bot\run_all.py"", line 1862, in <module>
    main()
    ~~~~^^
  File ""C:\Users\Owner\PythonTrading\stock-bot\run_all.py"", line 660, in main
    vol_label = get_volatility(data)
                ^^^^^^^^^^^^^^
NameError: name 'get_volatility' is not defined
",,,,,
2026-07-05 04:45:02,error,,,,,,,,,"name 'get_volatility' is not defined
Traceback (most recent call last):
  File ""C:\Users\Owner\PythonTrading\stock-bot\run_all.py"", line 1862, in <module>
    main()
    ~~~~^^
  File ""C:\Users\Owner\PythonTrading\stock-bot\run_all.py"", line 660, in main
    vol_label = get_volatility(data)
                ^^^^^^^^^^^^^^
NameError: name 'get_volatility' is not defined
",,,,,
2026-07-05 04:48:06,error,,,,,,,,,"name 'get_volatility' is not defined
Traceback (most recent call last):
  File ""C:\Users\Owner\PythonTrading\stock-bot\run_all.py"", line 1862, in <module>
    main()
    ~~~~^^
  File ""C:\Users\Owner\PythonTrading\stock-bot\run_all.py"", line 660, in main
    vol_label = get_volatility(data)
                ^^^^^^^^^^^^^^
NameError: name 'get_volatility' is not defined
",,,,,
2026-07-05 04:51:14,error,,,,,,,,,"name 'get_volatility' is not defined
Traceback (most recent call last):
  File ""C:\Users\Owner\PythonTrading\stock-bot\run_all.py"", line 1862, in <module>
    main()
    ~~~~^^
  File ""C:\Users\Owner\PythonTrading\stock-bot\run_all.py"", line 660, in main
    vol_label = get_volatility(data)
                ^^^^^^^^^^^^^^
NameError: name 'get_volatility' is not defined
",,,,,
2026-07-05 04:54:20,error,,,,,,,,,"name 'get_volatility' is not defined
Traceback (most recent call last):
  File ""C:\Users\Owner\PythonTrading\stock-bot\run_all.py"", line 1862, in <module>
    main()
    ~~~~^^
  File ""C:\Users\Owner\PythonTrading\stock-bot\run_all.py"", line 660, in main
    vol_label = get_volatility(data)
                ^^^^^^^^^^^^^^
NameError: name 'get_volatility' is not defined
",,,,,
2026-07-05 04:57:41,error,,,,,,,,,"name 'get_volatility' is not defined
Traceback (most recent call last):
  File ""C:\Users\Owner\PythonTrading\stock-bot\run_all.py"", line 1862, in <module>
    main()
    ~~~~^^
  File ""C:\Users\Owner\PythonTrading\stock-bot\run_all.py"", line 660, in main
    vol_label = get_volatility(data)
                ^^^^^^^^^^^^^^
NameError: name 'get_volatility' is not defined
",,,,,
2026-07-05 05:00:46,error,,,,,,,,,"name 'get_volatility' is not defined
Traceback (most recent call last):
  File ""C:\Users\Owner\PythonTrading\stock-bot\run_all.py"", line 1862, in <module>
    main()
    ~~~~^^
  File ""C:\Users\Owner\PythonTrading\stock-bot\run_all.py"", line 660, in main
    vol_label = get_volatility(data)
                ^^^^^^^^^^^^^^
NameError: name 'get_volatility' is not defined
",,,,,
2026-07-05 05:03:52,error,,,,,,,,,"name 'get_volatility' is not defined
Traceback (most recent call last):
  File ""C:\Users\Owner\PythonTrading\stock-bot\run_all.py"", line 1862, in <module>
    main()
    ~~~~^^
  File ""C:\Users\Owner\PythonTrading\stock-bot\run_all.py"", line 660, in main
    vol_label = get_volatility(data)
                ^^^^^^^^^^^^^^
NameError: name 'get_volatility' is not defined
",,,,,
2026-07-05 05:06:57,error,,,,,,,,,"name 'get_volatility' is not defined
Traceback (most recent call last):
  File ""C:\Users\Owner\PythonTrading\stock-bot\run_all.py"", line 1862, in <module>
    main()
    ~~~~^^
  File ""C:\Users\Owner\PythonTrading\stock-bot\run_all.py"", line 660, in main
    vol_label = get_volatility(data)
                ^^^^^^^^^^^^^^
NameError: name 'get_volatility' is not defined
",,,,,
2026-07-05 05:10:16,error,,,,,,,,,"name 'get_volatility' is not defined
Traceback (most recent call last):
  File ""C:\Users\Owner\PythonTrading\stock-bot\run_all.py"", line 1862, in <module>
    main()
    ~~~~^^
  File ""C:\Users\Owner\PythonTrading\stock-bot\run_all.py"", line 660, in main
    vol_label = get_volatility(data)
                ^^^^^^^^^^^^^^
NameError: name 'get_volatility' is not defined
",,,,,
2026-07-05 05:13:22,error,,,,,,,,,"name 'get_volatility' is not defined
Traceback (most recent call last):
  File ""C:\Users\Owner\PythonTrading\stock-bot\run_all.py"", line 1862, in <module>
    main()
    ~~~~^^
  File ""C:\Users\Owner\PythonTrading\stock-bot\run_all.py"", line 660, in main
    vol_label = get_volatility(data)
                ^^^^^^^^^^^^^^
NameError: name 'get_volatility' is not defined
",,,,,
2026-07-05 05:16:27,error,,,,,,,,,"name 'get_volatility' is not defined
Traceback (most recent call last):
  File ""C:\Users\Owner\PythonTrading\stock-bot\run_all.py"", line 1862, in <module>
    main()
    ~~~~^^
  File ""C:\Users\Owner\PythonTrading\stock-bot\run_all.py"", line 660, in main
    vol_label = get_volatility(data)
                ^^^^^^^^^^^^^^
NameError: name 'get_volatility' is not defined
",,,,,
2026-07-05 05:19:34,error,,,,,,,,,"name 'get_volatility' is not defined
Traceback (most recent call last):
  File ""C:\Users\Owner\PythonTrading\stock-bot\run_all.py"", line 1862, in <module>
    main()
    ~~~~^^
  File ""C:\Users\Owner\PythonTrading\stock-bot\run_all.py"", line 660, in main
    vol_label = get_volatility(data)
                ^^^^^^^^^^^^^^
NameError: name 'get_volatility' is not defined
",,,,,
2026-07-05 05:22:54,error,,,,,,,,,"name 'get_volatility' is not defined
Traceback (most recent call last):
  File ""C:\Users\Owner\PythonTrading\stock-bot\run_all.py"", line 1862, in <module>
    main()
    ~~~~^^
  File ""C:\Users\Owner\PythonTrading\stock-bot\run_all.py"", line 660, in main
    vol_label = get_volatility(data)
                ^^^^^^^^^^^^^^
NameError: name 'get_volatility' is not defined
",,,,,
2026-07-05 05:26:00,error,,,,,,,,,"name 'get_volatility' is not defined
Traceback (most recent call last):
  File ""C:\Users\Owner\PythonTrading\stock-bot\run_all.py"", line 1862, in <module>
    main()
    ~~~~^^
  File ""C:\Users\Owner\PythonTrading\stock-bot\run_all.py"", line 660, in main
    vol_label = get_volatility(data)
                ^^^^^^^^^^^^^^
NameError: name 'get_volatility' is not defined
",,,,,
2026-07-05 05:29:07,error,,,,,,,,,"name 'get_volatility' is not defined
Traceback (most recent call last):
  File ""C:\Users\Owner\PythonTrading\stock-bot\run_all.py"", line 1862, in <module>
    main()
    ~~~~^^
  File ""C:\Users\Owner\PythonTrading\stock-bot\run_all.py"", line 660, in main
    vol_label = get_volatility(data)
                ^^^^^^^^^^^^^^
NameError: name 'get_volatility' is not defined
",,,,,
2026-07-05 05:32:12,error,,,,,,,,,"name 'get_volatility' is not defined
Traceback (most recent call last):
  File ""C:\Users\Owner\PythonTrading\stock-bot\run_all.py"", line 1862, in <module>
    main()
    ~~~~^^
  File ""C:\Users\Owner\PythonTrading\stock-bot\run_all.py"", line 660, in main
    vol_label = get_volatility(data)
                ^^^^^^^^^^^^^^
NameError: name 'get_volatility' is not defined
",,,,,
2026-07-05 05:35:32,error,,,,,,,,,"name 'get_volatility' is not defined
Traceback (most recent call last):
  File ""C:\Users\Owner\PythonTrading\stock-bot\run_all.py"", line 1862, in <module>
    main()
    ~~~~^^
  File ""C:\Users\Owner\PythonTrading\stock-bot\run_all.py"", line 660, in main
    vol_label = get_volatility(data)
                ^^^^^^^^^^^^^^
NameError: name 'get_volatility' is not defined
",,,,,
2026-07-05 05:38:38,error,,,,,,,,,"name 'get_volatility' is not defined
Traceback (most recent call last):
  File ""C:\Users\Owner\PythonTrading\stock-bot\run_all.py"", line 1862, in <module>
    main()
    ~~~~^^
  File ""C:\Users\Owner\PythonTrading\stock-bot\run_all.py"", line 660, in main
    vol_label = get_volatility(data)
                ^^^^^^^^^^^^^^
NameError: name 'get_volatility' is not defined
",,,,,
2026-07-05 05:41:45,error,,,,,,,,,"name 'get_volatility' is not defined
Traceback (most recent call last):
  File ""C:\Users\Owner\PythonTrading\stock-bot\run_all.py"", line 1862, in <module>
    main()
    ~~~~^^
  File ""C:\Users\Owner\PythonTrading\stock-bot\run_all.py"", line 660, in main
    vol_label = get_volatility(data)
                ^^^^^^^^^^^^^^
NameError: name 'get_volatility' is not defined
",,,,,
2026-07-05 05:44:50,error,,,,,,,,,"name 'get_volatility' is not defined
Traceback (most recent call last):
  File ""C:\Users\Owner\PythonTrading\stock-bot\run_all.py"", line 1862, in <module>
    main()
    ~~~~^^
  File ""C:\Users\Owner\PythonTrading\stock-bot\run_all.py"", line 660, in main
    vol_label = get_volatility(data)
                ^^^^^^^^^^^^^^
NameError: name 'get_volatility' is not defined
",,,,,
2026-07-05 05:48:09,error,,,,,,,,,"name 'get_volatility' is not defined
Traceback (most recent call last):
  File ""C:\Users\Owner\PythonTrading\stock-bot\run_all.py"", line 1862, in <module>
    main()
    ~~~~^^
  File ""C:\Users\Owner\PythonTrading\stock-bot\run_all.py"", line 660, in main
    vol_label = get_volatility(data)
                ^^^^^^^^^^^^^^
NameError: name 'get_volatility' is not defined
",,,,,
2026-07-05 05:51:15,error,,,,,,,,,"name 'get_volatility' is not defined
Traceback (most recent call last):
  File ""C:\Users\Owner\PythonTrading\stock-bot\run_all.py"", line 1862, in <module>
    main()
    ~~~~^^
  File ""C:\Users\Owner\PythonTrading\stock-bot\run_all.py"", line 660, in main
    vol_label = get_volatility(data)
                ^^^^^^^^^^^^^^
NameError: name 'get_volatility' is not defined
",,,,,
2026-07-05 05:54:20,error,,,,,,,,,"name 'get_volatility' is not defined
Traceback (most recent call last):
  File ""C:\Users\Owner\PythonTrading\stock-bot\run_all.py"", line 1862, in <module>
    main()
    ~~~~^^
  File ""C:\Users\Owner\PythonTrading\stock-bot\run_all.py"", line 660, in main
    vol_label = get_volatility(data)
                ^^^^^^^^^^^^^^
NameError: name 'get_volatility' is not defined
",,,,,
2026-07-05 05:57:26,error,,,,,,,,,"name 'get_volatility' is not defined
Traceback (most recent call last):
  File ""C:\Users\Owner\PythonTrading\stock-bot\run_all.py"", line 1862, in <module>
    main()
    ~~~~^^
  File ""C:\Users\Owner\PythonTrading\stock-bot\run_all.py"", line 660, in main
    vol_label = get_volatility(data)
                ^^^^^^^^^^^^^^
NameError: name 'get_volatility' is not defined
",,,,,
2026-07-05 06:01:04,error,,,,,,,,,"name 'get_volatility' is not defined
Traceback (most recent call last):
  File ""C:\Users\Owner\PythonTrading\stock-bot\run_all.py"", line 1862, in <module>
    main()
    ~~~~^^
  File ""C:\Users\Owner\PythonTrading\stock-bot\run_all.py"", line 660, in main
    vol_label = get_volatility(data)
                ^^^^^^^^^^^^^^
NameError: name 'get_volatility' is not defined
",,,,,
2026-07-05 06:04:10,error,,,,,,,,,"name 'get_volatility' is not defined
Traceback (most recent call last):
  File ""C:\Users\Owner\PythonTrading\stock-bot\run_all.py"", line 1862, in <module>
    main()
    ~~~~^^
  File ""C:\Users\Owner\PythonTrading\stock-bot\run_all.py"", line 660, in main
    vol_label = get_volatility(data)
                ^^^^^^^^^^^^^^
NameError: name 'get_volatility' is not defined
",,,,,
2026-07-05 06:07:16,error,,,,,,,,,"name 'get_volatility' is not defined
Traceback (most recent call last):
  File ""C:\Users\Owner\PythonTrading\stock-bot\run_all.py"", line 1862, in <module>
    main()
    ~~~~^^
  File ""C:\Users\Owner\PythonTrading\stock-bot\run_all.py"", line 660, in main
    vol_label = get_volatility(data)
                ^^^^^^^^^^^^^^
NameError: name 'get_volatility' is not defined
",,,,,
2026-07-05 06:10:23,error,,,,,,,,,"name 'get_volatility' is not defined
Traceback (most recent call last):
  File ""C:\Users\Owner\PythonTrading\stock-bot\run_all.py"", line 1862, in <module>
    main()
    ~~~~^^
  File ""C:\Users\Owner\PythonTrading\stock-bot\run_all.py"", line 660, in main
    vol_label = get_volatility(data)
                ^^^^^^^^^^^^^^
NameError: name 'get_volatility' is not defined
",,,,,
2026-07-05 06:13:44,error,,,,,,,,,"name 'get_volatility' is not defined
Traceback (most recent call last):
  File ""C:\Users\Owner\PythonTrading\stock-bot\run_all.py"", line 1862, in <module>
    main()
    ~~~~^^
  File ""C:\Users\Owner\PythonTrading\stock-bot\run_all.py"", line 660, in main
    vol_label = get_volatility(data)
                ^^^^^^^^^^^^^^
NameError: name 'get_volatility' is not defined
",,,,,
2026-07-05 06:16:49,error,,,,,,,,,"name 'get_volatility' is not defined
Traceback (most recent call last):
  File ""C:\Users\Owner\PythonTrading\stock-bot\run_all.py"", line 1862, in <module>
    main()
    ~~~~^^
  File ""C:\Users\Owner\PythonTrading\stock-bot\run_all.py"", line 660, in main
    vol_label = get_volatility(data)
                ^^^^^^^^^^^^^^
NameError: name 'get_volatility' is not defined
",,,,,
2026-07-05 06:19:55,error,,,,,,,,,"name 'get_volatility' is not defined
Traceback (most recent call last):
  File ""C:\Users\Owner\PythonTrading\stock-bot\run_all.py"", line 1862, in <module>
    main()
    ~~~~^^
  File ""C:\Users\Owner\PythonTrading\stock-bot\run_all.py"", line 660, in main
    vol_label = get_volatility(data)
                ^^^^^^^^^^^^^^
NameError: name 'get_volatility' is not defined
",,,,,
2026-07-05 06:23:01,error,,,,,,,,,"name 'get_volatility' is not defined
Traceback (most recent call last):
  File ""C:\Users\Owner\PythonTrading\stock-bot\run_all.py"", line 1862, in <module>
    main()
    ~~~~^^
  File ""C:\Users\Owner\PythonTrading\stock-bot\run_all.py"", line 660, in main
    vol_label = get_volatility(data)
                ^^^^^^^^^^^^^^
NameError: name 'get_volatility' is not defined
",,,,,
2026-07-05 06:26:22,error,,,,,,,,,"name 'get_volatility' is not defined
Traceback (most recent call last):
  File ""C:\Users\Owner\PythonTrading\stock-bot\run_all.py"", line 1862, in <module>
    main()
    ~~~~^^
  File ""C:\Users\Owner\PythonTrading\stock-bot\run_all.py"", line 660, in main
    vol_label = get_volatility(data)
                ^^^^^^^^^^^^^^
NameError: name 'get_volatility' is not defined
",,,,,
2026-07-05 06:29:28,error,,,,,,,,,"name 'get_volatility' is not defined
Traceback (most recent call last):
  File ""C:\Users\Owner\PythonTrading\stock-bot\run_all.py"", line 1862, in <module>
    main()
    ~~~~^^
  File ""C:\Users\Owner\PythonTrading\stock-bot\run_all.py"", line 660, in main
    vol_label = get_volatility(data)
                ^^^^^^^^^^^^^^
NameError: name 'get_volatility' is not defined
",,,,,
2026-07-05 06:32:33,error,,,,,,,,,"name 'get_volatility' is not defined
Traceback (most recent call last):
  File ""C:\Users\Owner\PythonTrading\stock-bot\run_all.py"", line 1862, in <module>
    main()
    ~~~~^^
  File ""C:\Users\Owner\PythonTrading\stock-bot\run_all.py"", line 660, in main
    vol_label = get_volatility(data)
                ^^^^^^^^^^^^^^
NameError: name 'get_volatility' is not defined
",,,,,
2026-07-05 06:35:41,error,,,,,,,,,"name 'get_volatility' is not defined
Traceback (most recent call last):
  File ""C:\Users\Owner\PythonTrading\stock-bot\run_all.py"", line 1862, in <module>
    main()
    ~~~~^^
  File ""C:\Users\Owner\PythonTrading\stock-bot\run_all.py"", line 660, in main
    vol_label = get_volatility(data)
                ^^^^^^^^^^^^^^
NameError: name 'get_volatility' is not defined
",,,,,
2026-07-05 06:39:03,error,,,,,,,,,"name 'get_volatility' is not defined
Traceback (most recent call last):
  File ""C:\Users\Owner\PythonTrading\stock-bot\run_all.py"", line 1862, in <module>
    main()
    ~~~~^^
  File ""C:\Users\Owner\PythonTrading\stock-bot\run_all.py"", line 660, in main
    vol_label = get_volatility(data)
                ^^^^^^^^^^^^^^
NameError: name 'get_volatility' is not defined
",,,,,
2026-07-05 06:42:08,error,,,,,,,,,"name 'get_volatility' is not defined
Traceback (most recent call last):
  File ""C:\Users\Owner\PythonTrading\stock-bot\run_all.py"", line 1862, in <module>
    main()
    ~~~~^^
  File ""C:\Users\Owner\PythonTrading\stock-bot\run_all.py"", line 660, in main
    vol_label = get_volatility(data)
                ^^^^^^^^^^^^^^
NameError: name 'get_volatility' is not defined
",,,,,
2026-07-05 06:45:12,error,,,,,,,,,"name 'get_volatility' is not defined
Traceback (most recent call last):
  File ""C:\Users\Owner\PythonTrading\stock-bot\run_all.py"", line 1862, in <module>
    main()
    ~~~~^^
  File ""C:\Users\Owner\PythonTrading\stock-bot\run_all.py"", line 660, in main
    vol_label = get_volatility(data)
                ^^^^^^^^^^^^^^
NameError: name 'get_volatility' is not defined
",,,,,
2026-07-05 06:48:19,error,,,,,,,,,"name 'get_volatility' is not defined
Traceback (most recent call last):
  File ""C:\Users\Owner\PythonTrading\stock-bot\run_all.py"", line 1862, in <module>
    main()
    ~~~~^^
  File ""C:\Users\Owner\PythonTrading\stock-bot\run_all.py"", line 660, in main
    vol_label = get_volatility(data)
                ^^^^^^^^^^^^^^
NameError: name 'get_volatility' is not defined
",,,,,
2026-07-05 06:51:40,error,,,,,,,,,"name 'get_volatility' is not defined
Traceback (most recent call last):
  File ""C:\Users\Owner\PythonTrading\stock-bot\run_all.py"", line 1862, in <module>
    main()
    ~~~~^^
  File ""C:\Users\Owner\PythonTrading\stock-bot\run_all.py"", line 660, in main
    vol_label = get_volatility(data)
                ^^^^^^^^^^^^^^
NameError: name 'get_volatility' is not defined
",,,,,
2026-07-05 06:54:45,error,,,,,,,,,"name 'get_volatility' is not defined
Traceback (most recent call last):
  File ""C:\Users\Owner\PythonTrading\stock-bot\run_all.py"", line 1862, in <module>
    main()
    ~~~~^^
  File ""C:\Users\Owner\PythonTrading\stock-bot\run_all.py"", line 660, in main
    vol_label = get_volatility(data)
                ^^^^^^^^^^^^^^
NameError: name 'get_volatility' is not defined
",,,,,
2026-07-05 06:57:51,error,,,,,,,,,"name 'get_volatility' is not defined
Traceback (most recent call last):
  File ""C:\Users\Owner\PythonTrading\stock-bot\run_all.py"", line 1862, in <module>
    main()
    ~~~~^^
  File ""C:\Users\Owner\PythonTrading\stock-bot\run_all.py"", line 660, in main
    vol_label = get_volatility(data)
                ^^^^^^^^^^^^^^
NameError: name 'get_volatility' is not defined
",,,,,
2026-07-05 07:00:56,error,,,,,,,,,"name 'get_volatility' is not defined
Traceback (most recent call last):
  File ""C:\Users\Owner\PythonTrading\stock-bot\run_all.py"", line 1862, in <module>
    main()
    ~~~~^^
  File ""C:\Users\Owner\PythonTrading\stock-bot\run_all.py"", line 660, in main
    vol_label = get_volatility(data)
                ^^^^^^^^^^^^^^
NameError: name 'get_volatility' is not defined
",,,,,
2026-07-05 07:04:17,error,,,,,,,,,"name 'get_volatility' is not defined
Traceback (most recent call last):
  File ""C:\Users\Owner\PythonTrading\stock-bot\run_all.py"", line 1862, in <module>
    main()
    ~~~~^^
  File ""C:\Users\Owner\PythonTrading\stock-bot\run_all.py"", line 660, in main
    vol_label = get_volatility(data)
                ^^^^^^^^^^^^^^
NameError: name 'get_volatility' is not defined
",,,,,
2026-07-05 07:07:22,error,,,,,,,,,"name 'get_volatility' is not defined
Traceback (most recent call last):
  File ""C:\Users\Owner\PythonTrading\stock-bot\run_all.py"", line 1862, in <module>
    main()
    ~~~~^^
  File ""C:\Users\Owner\PythonTrading\stock-bot\run_all.py"", line 660, in main
    vol_label = get_volatility(data)
                ^^^^^^^^^^^^^^
NameError: name 'get_volatility' is not defined
",,,,,
2026-07-05 07:10:28,error,,,,,,,,,"name 'get_volatility' is not defined
Traceback (most recent call last):
  File ""C:\Users\Owner\PythonTrading\stock-bot\run_all.py"", line 1862, in <module>
    main()
    ~~~~^^
  File ""C:\Users\Owner\PythonTrading\stock-bot\run_all.py"", line 660, in main
    vol_label = get_volatility(data)
                ^^^^^^^^^^^^^^
NameError: name 'get_volatility' is not defined
",,,,,
2026-07-05 07:13:33,error,,,,,,,,,"name 'get_volatility' is not defined
Traceback (most recent call last):
  File ""C:\Users\Owner\PythonTrading\stock-bot\run_all.py"", line 1862, in <module>
    main()
    ~~~~^^
  File ""C:\Users\Owner\PythonTrading\stock-bot\run_all.py"", line 660, in main
    vol_label = get_volatility(data)
                ^^^^^^^^^^^^^^
NameError: name 'get_volatility' is not defined
",,,,,
2026-07-05 07:16:54,error,,,,,,,,,"name 'get_volatility' is not defined
Traceback (most recent call last):
  File ""C:\Users\Owner\PythonTrading\stock-bot\run_all.py"", line 1862, in <module>
    main()
    ~~~~^^
  File ""C:\Users\Owner\PythonTrading\stock-bot\run_all.py"", line 660, in main
    vol_label = get_volatility(data)
                ^^^^^^^^^^^^^^
NameError: name 'get_volatility' is not defined
",,,,,
2026-07-05 07:20:01,error,,,,,,,,,"name 'get_volatility' is not defined
Traceback (most recent call last):
  File ""C:\Users\Owner\PythonTrading\stock-bot\run_all.py"", line 1862, in <module>
    main()
    ~~~~^^
  File ""C:\Users\Owner\PythonTrading\stock-bot\run_all.py"", line 660, in main
    vol_label = get_volatility(data)
                ^^^^^^^^^^^^^^
NameError: name 'get_volatility' is not defined
",,,,,
2026-07-05 07:23:06,error,,,,,,,,,"name 'get_volatility' is not defined
Traceback (most recent call last):
  File ""C:\Users\Owner\PythonTrading\stock-bot\run_all.py"", line 1862, in <module>
    main()
    ~~~~^^
  File ""C:\Users\Owner\PythonTrading\stock-bot\run_all.py"", line 660, in main
    vol_label = get_volatility(data)
                ^^^^^^^^^^^^^^
NameError: name 'get_volatility' is not defined
",,,,,
2026-07-05 07:26:12,error,,,,,,,,,"name 'get_volatility' is not defined
Traceback (most recent call last):
  File ""C:\Users\Owner\PythonTrading\stock-bot\run_all.py"", line 1862, in <module>
    main()
    ~~~~^^
  File ""C:\Users\Owner\PythonTrading\stock-bot\run_all.py"", line 660, in main
    vol_label = get_volatility(data)
                ^^^^^^^^^^^^^^
NameError: name 'get_volatility' is not defined
",,,,,
2026-07-05 07:29:34,error,,,,,,,,,"name 'get_volatility' is not defined
Traceback (most recent call last):
  File ""C:\Users\Owner\PythonTrading\stock-bot\run_all.py"", line 1862, in <module>
    main()
    ~~~~^^
  File ""C:\Users\Owner\PythonTrading\stock-bot\run_all.py"", line 660, in main
    vol_label = get_volatility(data)
                ^^^^^^^^^^^^^^
NameError: name 'get_volatility' is not defined
",,,,,
2026-07-05 07:32:42,error,,,,,,,,,"name 'get_volatility' is not defined
Traceback (most recent call last):
  File ""C:\Users\Owner\PythonTrading\stock-bot\run_all.py"", line 1862, in <module>
    main()
    ~~~~^^
  File ""C:\Users\Owner\PythonTrading\stock-bot\run_all.py"", line 660, in main
    vol_label = get_volatility(data)
                ^^^^^^^^^^^^^^
NameError: name 'get_volatility' is not defined
",,,,,
2026-07-05 07:35:46,error,,,,,,,,,"name 'get_volatility' is not defined
Traceback (most recent call last):
  File ""C:\Users\Owner\PythonTrading\stock-bot\run_all.py"", line 1862, in <module>
    main()
    ~~~~^^
  File ""C:\Users\Owner\PythonTrading\stock-bot\run_all.py"", line 660, in main
    vol_label = get_volatility(data)
                ^^^^^^^^^^^^^^
NameError: name 'get_volatility' is not defined
",,,,,
2026-07-05 07:38:51,error,,,,,,,,,"name 'get_volatility' is not defined
Traceback (most recent call last):
  File ""C:\Users\Owner\PythonTrading\stock-bot\run_all.py"", line 1862, in <module>
    main()
    ~~~~^^
  File ""C:\Users\Owner\PythonTrading\stock-bot\run_all.py"", line 660, in main
    vol_label = get_volatility(data)
                ^^^^^^^^^^^^^^
NameError: name 'get_volatility' is not defined
",,,,,
2026-07-05 07:42:14,error,,,,,,,,,"name 'get_volatility' is not defined
Traceback (most recent call last):
  File ""C:\Users\Owner\PythonTrading\stock-bot\run_all.py"", line 1862, in <module>
    main()
    ~~~~^^
  File ""C:\Users\Owner\PythonTrading\stock-bot\run_all.py"", line 660, in main
    vol_label = get_volatility(data)
                ^^^^^^^^^^^^^^
NameError: name 'get_volatility' is not defined
",,,,,
2026-07-05 07:45:18,error,,,,,,,,,"name 'get_volatility' is not defined
Traceback (most recent call last):
  File ""C:\Users\Owner\PythonTrading\stock-bot\run_all.py"", line 1862, in <module>
    main()
    ~~~~^^
  File ""C:\Users\Owner\PythonTrading\stock-bot\run_all.py"", line 660, in main
    vol_label = get_volatility(data)
                ^^^^^^^^^^^^^^
NameError: name 'get_volatility' is not defined
",,,,,
2026-07-05 07:48:23,error,,,,,,,,,"name 'get_volatility' is not defined
Traceback (most recent call last):
  File ""C:\Users\Owner\PythonTrading\stock-bot\run_all.py"", line 1862, in <module>
    main()
    ~~~~^^
  File ""C:\Users\Owner\PythonTrading\stock-bot\run_all.py"", line 660, in main
    vol_label = get_volatility(data)
                ^^^^^^^^^^^^^^
NameError: name 'get_volatility' is not defined
",,,,,
2026-07-05 07:51:28,error,,,,,,,,,"name 'get_volatility' is not defined
Traceback (most recent call last):
  File ""C:\Users\Owner\PythonTrading\stock-bot\run_all.py"", line 1862, in <module>
    main()
    ~~~~^^
  File ""C:\Users\Owner\PythonTrading\stock-bot\run_all.py"", line 660, in main
    vol_label = get_volatility(data)
                ^^^^^^^^^^^^^^
NameError: name 'get_volatility' is not defined
",,,,,
2026-07-05 07:54:48,error,,,,,,,,,"name 'get_volatility' is not defined
Traceback (most recent call last):
  File ""C:\Users\Owner\PythonTrading\stock-bot\run_all.py"", line 1862, in <module>
    main()
    ~~~~^^
  File ""C:\Users\Owner\PythonTrading\stock-bot\run_all.py"", line 660, in main
    vol_label = get_volatility(data)
                ^^^^^^^^^^^^^^
NameError: name 'get_volatility' is not defined
",,,,,
2026-07-05 07:57:56,error,,,,,,,,,"name 'get_volatility' is not defined
Traceback (most recent call last):
  File ""C:\Users\Owner\PythonTrading\stock-bot\run_all.py"", line 1862, in <module>
    main()
    ~~~~^^
  File ""C:\Users\Owner\PythonTrading\stock-bot\run_all.py"", line 660, in main
    vol_label = get_volatility(data)
                ^^^^^^^^^^^^^^
NameError: name 'get_volatility' is not defined
",,,,,
2026-07-05 08:01:01,error,,,,,,,,,"name 'get_volatility' is not defined
Traceback (most recent call last):
  File ""C:\Users\Owner\PythonTrading\stock-bot\run_all.py"", line 1862, in <module>
    main()
    ~~~~^^
  File ""C:\Users\Owner\PythonTrading\stock-bot\run_all.py"", line 660, in main
    vol_label = get_volatility(data)
                ^^^^^^^^^^^^^^
NameError: name 'get_volatility' is not defined
",,,,,
2026-07-05 08:04:06,error,,,,,,,,,"name 'get_volatility' is not defined
Traceback (most recent call last):
  File ""C:\Users\Owner\PythonTrading\stock-bot\run_all.py"", line 1862, in <module>
    main()
    ~~~~^^
  File ""C:\Users\Owner\PythonTrading\stock-bot\run_all.py"", line 660, in main
    vol_label = get_volatility(data)
                ^^^^^^^^^^^^^^
NameError: name 'get_volatility' is not defined
",,,,,
2026-07-05 08:07:28,error,,,,,,,,,"name 'get_volatility' is not defined
Traceback (most recent call last):
  File ""C:\Users\Owner\PythonTrading\stock-bot\run_all.py"", line 1862, in <module>
    main()
    ~~~~^^
  File ""C:\Users\Owner\PythonTrading\stock-bot\run_all.py"", line 660, in main
    vol_label = get_volatility(data)
                ^^^^^^^^^^^^^^
NameError: name 'get_volatility' is not defined
",,,,,
2026-07-05 08:10:34,error,,,,,,,,,"name 'get_volatility' is not defined
Traceback (most recent call last):
  File ""C:\Users\Owner\PythonTrading\stock-bot\run_all.py"", line 1862, in <module>
    main()
    ~~~~^^
  File ""C:\Users\Owner\PythonTrading\stock-bot\run_all.py"", line 660, in main
    vol_label = get_volatility(data)
                ^^^^^^^^^^^^^^
NameError: name 'get_volatility' is not defined
",,,,,
2026-07-05 08:13:41,error,,,,,,,,,"name 'get_volatility' is not defined
Traceback (most recent call last):
  File ""C:\Users\Owner\PythonTrading\stock-bot\run_all.py"", line 1862, in <module>
    main()
    ~~~~^^
  File ""C:\Users\Owner\PythonTrading\stock-bot\run_all.py"", line 660, in main
    vol_label = get_volatility(data)
                ^^^^^^^^^^^^^^
NameError: name 'get_volatility' is not defined
",,,,,
2026-07-05 08:16:49,error,,,,,,,,,"name 'get_volatility' is not defined
Traceback (most recent call last):
  File ""C:\Users\Owner\PythonTrading\stock-bot\run_all.py"", line 1862, in <module>
    main()
    ~~~~^^
  File ""C:\Users\Owner\PythonTrading\stock-bot\run_all.py"", line 660, in main
    vol_label = get_volatility(data)
                ^^^^^^^^^^^^^^
NameError: name 'get_volatility' is not defined
",,,,,
2026-07-05 08:20:11,error,,,,,,,,,"name 'get_volatility' is not defined
Traceback (most recent call last):
  File ""C:\Users\Owner\PythonTrading\stock-bot\run_all.py"", line 1862, in <module>
    main()
    ~~~~^^
  File ""C:\Users\Owner\PythonTrading\stock-bot\run_all.py"", line 660, in main
    vol_label = get_volatility(data)
                ^^^^^^^^^^^^^^
NameError: name 'get_volatility' is not defined
",,,,,
2026-07-05 08:23:16,error,,,,,,,,,"name 'get_volatility' is not defined
Traceback (most recent call last):
  File ""C:\Users\Owner\PythonTrading\stock-bot\run_all.py"", line 1862, in <module>
    main()
    ~~~~^^
  File ""C:\Users\Owner\PythonTrading\stock-bot\run_all.py"", line 660, in main
    vol_label = get_volatility(data)
                ^^^^^^^^^^^^^^
NameError: name 'get_volatility' is not defined
",,,,,
2026-07-05 08:26:23,error,,,,,,,,,"name 'get_volatility' is not defined
Traceback (most recent call last):
  File ""C:\Users\Owner\PythonTrading\stock-bot\run_all.py"", line 1862, in <module>
    main()
    ~~~~^^
  File ""C:\Users\Owner\PythonTrading\stock-bot\run_all.py"", line 660, in main
    vol_label = get_volatility(data)
                ^^^^^^^^^^^^^^
NameError: name 'get_volatility' is not defined
",,,,,
2026-07-05 08:29:30,error,,,,,,,,,"name 'get_volatility' is not defined
Traceback (most recent call last):
  File ""C:\Users\Owner\PythonTrading\stock-bot\run_all.py"", line 1862, in <module>
    main()
    ~~~~^^
  File ""C:\Users\Owner\PythonTrading\stock-bot\run_all.py"", line 660, in main
    vol_label = get_volatility(data)
                ^^^^^^^^^^^^^^
NameError: name 'get_volatility' is not defined
",,,,,
2026-07-05 08:32:52,error,,,,,,,,,"name 'get_volatility' is not defined
Traceback (most recent call last):
  File ""C:\Users\Owner\PythonTrading\stock-bot\run_all.py"", line 1862, in <module>
    main()
    ~~~~^^
  File ""C:\Users\Owner\PythonTrading\stock-bot\run_all.py"", line 660, in main
    vol_label = get_volatility(data)
                ^^^^^^^^^^^^^^
NameError: name 'get_volatility' is not defined
",,,,,
2026-07-05 08:35:57,error,,,,,,,,,"name 'get_volatility' is not defined
Traceback (most recent call last):
  File ""C:\Users\Owner\PythonTrading\stock-bot\run_all.py"", line 1862, in <module>
    main()
    ~~~~^^
  File ""C:\Users\Owner\PythonTrading\stock-bot\run_all.py"", line 660, in main
    vol_label = get_volatility(data)
                ^^^^^^^^^^^^^^
NameError: name 'get_volatility' is not defined
",,,,,
2026-07-05 08:39:02,error,,,,,,,,,"name 'get_volatility' is not defined
Traceback (most recent call last):
  File ""C:\Users\Owner\PythonTrading\stock-bot\run_all.py"", line 1862, in <module>
    main()
    ~~~~^^
  File ""C:\Users\Owner\PythonTrading\stock-bot\run_all.py"", line 660, in main
    vol_label = get_volatility(data)
                ^^^^^^^^^^^^^^
NameError: name 'get_volatility' is not defined
",,,,,
2026-07-05 08:42:09,error,,,,,,,,,"name 'get_volatility' is not defined
Traceback (most recent call last):
  File ""C:\Users\Owner\PythonTrading\stock-bot\run_all.py"", line 1862, in <module>
    main()
    ~~~~^^
  File ""C:\Users\Owner\PythonTrading\stock-bot\run_all.py"", line 660, in main
    vol_label = get_volatility(data)
                ^^^^^^^^^^^^^^
NameError: name 'get_volatility' is not defined
",,,,,
2026-07-05 08:45:30,error,,,,,,,,,"name 'get_volatility' is not defined
Traceback (most recent call last):
  File ""C:\Users\Owner\PythonTrading\stock-bot\run_all.py"", line 1862, in <module>
    main()
    ~~~~^^
  File ""C:\Users\Owner\PythonTrading\stock-bot\run_all.py"", line 660, in main
    vol_label = get_volatility(data)
                ^^^^^^^^^^^^^^
NameError: name 'get_volatility' is not defined
",,,,,
2026-07-05 08:48:35,error,,,,,,,,,"name 'get_volatility' is not defined
Traceback (most recent call last):
  File ""C:\Users\Owner\PythonTrading\stock-bot\run_all.py"", line 1862, in <module>
    main()
    ~~~~^^
  File ""C:\Users\Owner\PythonTrading\stock-bot\run_all.py"", line 660, in main
    vol_label = get_volatility(data)
                ^^^^^^^^^^^^^^
NameError: name 'get_volatility' is not defined
",,,,,
2026-07-05 08:51:43,error,,,,,,,,,"name 'get_volatility' is not defined
Traceback (most recent call last):
  File ""C:\Users\Owner\PythonTrading\stock-bot\run_all.py"", line 1862, in <module>
    main()
    ~~~~^^
  File ""C:\Users\Owner\PythonTrading\stock-bot\run_all.py"", line 660, in main
    vol_label = get_volatility(data)
                ^^^^^^^^^^^^^^
NameError: name 'get_volatility' is not defined
",,,,,
2026-07-05 08:54:49,error,,,,,,,,,"name 'get_volatility' is not defined
Traceback (most recent call last):
  File ""C:\Users\Owner\PythonTrading\stock-bot\run_all.py"", line 1862, in <module>
    main()
    ~~~~^^
  File ""C:\Users\Owner\PythonTrading\stock-bot\run_all.py"", line 660, in main
    vol_label = get_volatility(data)
                ^^^^^^^^^^^^^^
NameError: name 'get_volatility' is not defined
",,,,,
2026-07-05 08:58:09,error,,,,,,,,,"name 'get_volatility' is not defined
Traceback (most recent call last):
  File ""C:\Users\Owner\PythonTrading\stock-bot\run_all.py"", line 1862, in <module>
    main()
    ~~~~^^
  File ""C:\Users\Owner\PythonTrading\stock-bot\run_all.py"", line 660, in main
    vol_label = get_volatility(data)
                ^^^^^^^^^^^^^^
NameError: name 'get_volatility' is not defined
",,,,,
2026-07-05 09:01:14,error,,,,,,,,,"name 'get_volatility' is not defined
Traceback (most recent call last):
  File ""C:\Users\Owner\PythonTrading\stock-bot\run_all.py"", line 1862, in <module>
    main()
    ~~~~^^
  File ""C:\Users\Owner\PythonTrading\stock-bot\run_all.py"", line 660, in main
    vol_label = get_volatility(data)
                ^^^^^^^^^^^^^^
NameError: name 'get_volatility' is not defined
",,,,,
2026-07-05 09:04:21,error,,,,,,,,,"name 'get_volatility' is not defined
Traceback (most recent call last):
  File ""C:\Users\Owner\PythonTrading\stock-bot\run_all.py"", line 1862, in <module>
    main()
    ~~~~^^
  File ""C:\Users\Owner\PythonTrading\stock-bot\run_all.py"", line 660, in main
    vol_label = get_volatility(data)
                ^^^^^^^^^^^^^^
NameError: name 'get_volatility' is not defined
",,,,,
2026-07-05 09:07:27,error,,,,,,,,,"name 'get_volatility' is not defined
Traceback (most recent call last):
  File ""C:\Users\Owner\PythonTrading\stock-bot\run_all.py"", line 1862, in <module>
    main()
    ~~~~^^
  File ""C:\Users\Owner\PythonTrading\stock-bot\run_all.py"", line 660, in main
    vol_label = get_volatility(data)
                ^^^^^^^^^^^^^^
NameError: name 'get_volatility' is not defined
",,,,,
2026-07-05 09:10:47,error,,,,,,,,,"name 'get_volatility' is not defined
Traceback (most recent call last):
  File ""C:\Users\Owner\PythonTrading\stock-bot\run_all.py"", line 1862, in <module>
    main()
    ~~~~^^
  File ""C:\Users\Owner\PythonTrading\stock-bot\run_all.py"", line 660, in main
    vol_label = get_volatility(data)
                ^^^^^^^^^^^^^^
NameError: name 'get_volatility' is not defined
",,,,,
2026-07-05 09:13:52,error,,,,,,,,,"name 'get_volatility' is not defined
Traceback (most recent call last):
  File ""C:\Users\Owner\PythonTrading\stock-bot\run_all.py"", line 1862, in <module>
    main()
    ~~~~^^
  File ""C:\Users\Owner\PythonTrading\stock-bot\run_all.py"", line 660, in main
    vol_label = get_volatility(data)
                ^^^^^^^^^^^^^^
NameError: name 'get_volatility' is not defined
",,,,,
2026-07-05 09:16:57,error,,,,,,,,,"name 'get_volatility' is not defined
Traceback (most recent call last):
  File ""C:\Users\Owner\PythonTrading\stock-bot\run_all.py"", line 1862, in <module>
    main()
    ~~~~^^
  File ""C:\Users\Owner\PythonTrading\stock-bot\run_all.py"", line 660, in main
    vol_label = get_volatility(data)
                ^^^^^^^^^^^^^^
NameError: name 'get_volatility' is not defined
",,,,,
2026-07-05 09:20:02,error,,,,,,,,,"name 'get_volatility' is not defined
Traceback (most recent call last):
  File ""C:\Users\Owner\PythonTrading\stock-bot\run_all.py"", line 1862, in <module>
    main()
    ~~~~^^
  File ""C:\Users\Owner\PythonTrading\stock-bot\run_all.py"", line 660, in main
    vol_label = get_volatility(data)
                ^^^^^^^^^^^^^^
NameError: name 'get_volatility' is not defined
",,,,,
2026-07-05 09:23:23,error,,,,,,,,,"name 'get_volatility' is not defined
Traceback (most recent call last):
  File ""C:\Users\Owner\PythonTrading\stock-bot\run_all.py"", line 1862, in <module>
    main()
    ~~~~^^
  File ""C:\Users\Owner\PythonTrading\stock-bot\run_all.py"", line 660, in main
    vol_label = get_volatility(data)
                ^^^^^^^^^^^^^^
NameError: name 'get_volatility' is not defined
",,,,,
2026-07-05 09:26:29,error,,,,,,,,,"name 'get_volatility' is not defined
Traceback (most recent call last):
  File ""C:\Users\Owner\PythonTrading\stock-bot\run_all.py"", line 1862, in <module>
    main()
    ~~~~^^
  File ""C:\Users\Owner\PythonTrading\stock-bot\run_all.py"", line 660, in main
    vol_label = get_volatility(data)
                ^^^^^^^^^^^^^^
NameError: name 'get_volatility' is not defined
",,,,,
2026-07-05 09:29:34,error,,,,,,,,,"name 'get_volatility' is not defined
Traceback (most recent call last):
  File ""C:\Users\Owner\PythonTrading\stock-bot\run_all.py"", line 1862, in <module>
    main()
    ~~~~^^
  File ""C:\Users\Owner\PythonTrading\stock-bot\run_all.py"", line 660, in main
    vol_label = get_volatility(data)
                ^^^^^^^^^^^^^^
NameError: name 'get_volatility' is not defined
",,,,,
2026-07-05 09:32:41,error,,,,,,,,,"name 'get_volatility' is not defined
Traceback (most recent call last):
  File ""C:\Users\Owner\PythonTrading\stock-bot\run_all.py"", line 1862, in <module>
    main()
    ~~~~^^
  File ""C:\Users\Owner\PythonTrading\stock-bot\run_all.py"", line 660, in main
    vol_label = get_volatility(data)
                ^^^^^^^^^^^^^^
NameError: name 'get_volatility' is not defined
",,,,,
2026-07-05 09:36:03,error,,,,,,,,,"name 'get_volatility' is not defined
Traceback (most recent call last):
  File ""C:\Users\Owner\PythonTrading\stock-bot\run_all.py"", line 1862, in <module>
    main()
    ~~~~^^
  File ""C:\Users\Owner\PythonTrading\stock-bot\run_all.py"", line 660, in main
    vol_label = get_volatility(data)
                ^^^^^^^^^^^^^^
NameError: name 'get_volatility' is not defined
",,,,,
2026-07-05 09:39:08,error,,,,,,,,,"name 'get_volatility' is not defined
Traceback (most recent call last):
  File ""C:\Users\Owner\PythonTrading\stock-bot\run_all.py"", line 1862, in <module>
    main()
    ~~~~^^
  File ""C:\Users\Owner\PythonTrading\stock-bot\run_all.py"", line 660, in main
    vol_label = get_volatility(data)
                ^^^^^^^^^^^^^^
NameError: name 'get_volatility' is not defined
",,,,,
2026-07-05 09:42:13,error,,,,,,,,,"name 'get_volatility' is not defined
Traceback (most recent call last):
  File ""C:\Users\Owner\PythonTrading\stock-bot\run_all.py"", line 1862, in <module>
    main()
    ~~~~^^
  File ""C:\Users\Owner\PythonTrading\stock-bot\run_all.py"", line 660, in main
    vol_label = get_volatility(data)
                ^^^^^^^^^^^^^^
NameError: name 'get_volatility' is not defined
",,,,,
2026-07-05 09:45:19,error,,,,,,,,,"name 'get_volatility' is not defined
Traceback (most recent call last):
  File ""C:\Users\Owner\PythonTrading\stock-bot\run_all.py"", line 1862, in <module>
    main()
    ~~~~^^
  File ""C:\Users\Owner\PythonTrading\stock-bot\run_all.py"", line 660, in main
    vol_label = get_volatility(data)
                ^^^^^^^^^^^^^^
NameError: name 'get_volatility' is not defined
",,,,,
2026-07-05 09:48:42,error,,,,,,,,,"name 'get_volatility' is not defined
Traceback (most recent call last):
  File ""C:\Users\Owner\PythonTrading\stock-bot\run_all.py"", line 1862, in <module>
    main()
    ~~~~^^
  File ""C:\Users\Owner\PythonTrading\stock-bot\run_all.py"", line 660, in main
    vol_label = get_volatility(data)
                ^^^^^^^^^^^^^^
NameError: name 'get_volatility' is not defined
",,,,,
2026-07-05 09:51:48,error,,,,,,,,,"name 'get_volatility' is not defined
Traceback (most recent call last):
  File ""C:\Users\Owner\PythonTrading\stock-bot\run_all.py"", line 1862, in <module>
    main()
    ~~~~^^
  File ""C:\Users\Owner\PythonTrading\stock-bot\run_all.py"", line 660, in main
    vol_label = get_volatility(data)
                ^^^^^^^^^^^^^^
NameError: name 'get_volatility' is not defined
",,,,,
2026-07-05 09:54:54,error,,,,,,,,,"name 'get_volatility' is not defined
Traceback (most recent call last):
  File ""C:\Users\Owner\PythonTrading\stock-bot\run_all.py"", line 1862, in <module>
    main()
    ~~~~^^
  File ""C:\Users\Owner\PythonTrading\stock-bot\run_all.py"", line 660, in main
    vol_label = get_volatility(data)
                ^^^^^^^^^^^^^^
NameError: name 'get_volatility' is not defined
",,,,,
2026-07-05 09:57:59,error,,,,,,,,,"name 'get_volatility' is not defined
Traceback (most recent call last):
  File ""C:\Users\Owner\PythonTrading\stock-bot\run_all.py"", line 1862, in <module>
    main()
    ~~~~^^
  File ""C:\Users\Owner\PythonTrading\stock-bot\run_all.py"", line 660, in main
    vol_label = get_volatility(data)
                ^^^^^^^^^^^^^^
NameError: name 'get_volatility' is not defined
",,,,,
2026-07-05 10:01:20,error,,,,,,,,,"name 'get_volatility' is not defined
Traceback (most recent call last):
  File ""C:\Users\Owner\PythonTrading\stock-bot\run_all.py"", line 1862, in <module>
    main()
    ~~~~^^
  File ""C:\Users\Owner\PythonTrading\stock-bot\run_all.py"", line 660, in main
    vol_label = get_volatility(data)
                ^^^^^^^^^^^^^^
NameError: name 'get_volatility' is not defined
",,,,,
2026-07-05 10:04:27,error,,,,,,,,,"name 'get_volatility' is not defined
Traceback (most recent call last):
  File ""C:\Users\Owner\PythonTrading\stock-bot\run_all.py"", line 1862, in <module>
    main()
    ~~~~^^
  File ""C:\Users\Owner\PythonTrading\stock-bot\run_all.py"", line 660, in main
    vol_label = get_volatility(data)
                ^^^^^^^^^^^^^^
NameError: name 'get_volatility' is not defined
",,,,,
2026-07-05 10:07:33,error,,,,,,,,,"name 'get_volatility' is not defined
Traceback (most recent call last):
  File ""C:\Users\Owner\PythonTrading\stock-bot\run_all.py"", line 1862, in <module>
    main()
    ~~~~^^
  File ""C:\Users\Owner\PythonTrading\stock-bot\run_all.py"", line 660, in main
    vol_label = get_volatility(data)
                ^^^^^^^^^^^^^^
NameError: name 'get_volatility' is not defined
",,,,,
2026-07-05 10:10:38,error,,,,,,,,,"name 'get_volatility' is not defined
Traceback (most recent call last):
  File ""C:\Users\Owner\PythonTrading\stock-bot\run_all.py"", line 1862, in <module>
    main()
    ~~~~^^
  File ""C:\Users\Owner\PythonTrading\stock-bot\run_all.py"", line 660, in main
    vol_label = get_volatility(data)
                ^^^^^^^^^^^^^^
NameError: name 'get_volatility' is not defined
",,,,,
2026-07-05 10:13:58,error,,,,,,,,,"name 'get_volatility' is not defined
Traceback (most recent call last):
  File ""C:\Users\Owner\PythonTrading\stock-bot\run_all.py"", line 1862, in <module>
    main()
    ~~~~^^
  File ""C:\Users\Owner\PythonTrading\stock-bot\run_all.py"", line 660, in main
    vol_label = get_volatility(data)
                ^^^^^^^^^^^^^^
NameError: name 'get_volatility' is not defined
",,,,,
2026-07-05 10:17:04,error,,,,,,,,,"name 'get_volatility' is not defined
Traceback (most recent call last):
  File ""C:\Users\Owner\PythonTrading\stock-bot\run_all.py"", line 1862, in <module>
    main()
    ~~~~^^
  File ""C:\Users\Owner\PythonTrading\stock-bot\run_all.py"", line 660, in main
    vol_label = get_volatility(data)
                ^^^^^^^^^^^^^^
NameError: name 'get_volatility' is not defined
",,,,,
2026-07-05 10:20:10,error,,,,,,,,,"name 'get_volatility' is not defined
Traceback (most recent call last):
  File ""C:\Users\Owner\PythonTrading\stock-bot\run_all.py"", line 1862, in <module>
    main()
    ~~~~^^
  File ""C:\Users\Owner\PythonTrading\stock-bot\run_all.py"", line 660, in main
    vol_label = get_volatility(data)
                ^^^^^^^^^^^^^^
NameError: name 'get_volatility' is not defined
",,,,,
2026-07-05 10:23:15,error,,,,,,,,,"name 'get_volatility' is not defined
Traceback (most recent call last):
  File ""C:\Users\Owner\PythonTrading\stock-bot\run_all.py"", line 1862, in <module>
    main()
    ~~~~^^
  File ""C:\Users\Owner\PythonTrading\stock-bot\run_all.py"", line 660, in main
    vol_label = get_volatility(data)
                ^^^^^^^^^^^^^^
NameError: name 'get_volatility' is not defined
",,,,,
2026-07-05 10:26:39,error,,,,,,,,,"name 'get_volatility' is not defined
Traceback (most recent call last):
  File ""C:\Users\Owner\PythonTrading\stock-bot\run_all.py"", line 1862, in <module>
    main()
    ~~~~^^
  File ""C:\Users\Owner\PythonTrading\stock-bot\run_all.py"", line 660, in main
    vol_label = get_volatility(data)
                ^^^^^^^^^^^^^^
NameError: name 'get_volatility' is not defined
",,,,,
2026-07-05 10:29:45,error,,,,,,,,,"name 'get_volatility' is not defined
Traceback (most recent call last):
  File ""C:\Users\Owner\PythonTrading\stock-bot\run_all.py"", line 1862, in <module>
    main()
    ~~~~^^
  File ""C:\Users\Owner\PythonTrading\stock-bot\run_all.py"", line 660, in main
    vol_label = get_volatility(data)
                ^^^^^^^^^^^^^^
NameError: name 'get_volatility' is not defined
",,,,,
2026-07-05 10:32:50,error,,,,,,,,,"name 'get_volatility' is not defined
Traceback (most recent call last):
  File ""C:\Users\Owner\PythonTrading\stock-bot\run_all.py"", line 1862, in <module>
    main()
    ~~~~^^
  File ""C:\Users\Owner\PythonTrading\stock-bot\run_all.py"", line 660, in main
    vol_label = get_volatility(data)
                ^^^^^^^^^^^^^^
NameError: name 'get_volatility' is not defined
",,,,,
2026-07-05 10:35:55,error,,,,,,,,,"name 'get_volatility' is not defined
Traceback (most recent call last):
  File ""C:\Users\Owner\PythonTrading\stock-bot\run_all.py"", line 1862, in <module>
    main()
    ~~~~^^
  File ""C:\Users\Owner\PythonTrading\stock-bot\run_all.py"", line 660, in main
    vol_label = get_volatility(data)
                ^^^^^^^^^^^^^^
NameError: name 'get_volatility' is not defined
",,,,,
2026-07-05 10:39:17,error,,,,,,,,,"name 'get_volatility' is not defined
Traceback (most recent call last):
  File ""C:\Users\Owner\PythonTrading\stock-bot\run_all.py"", line 1862, in <module>
    main()
    ~~~~^^
  File ""C:\Users\Owner\PythonTrading\stock-bot\run_all.py"", line 660, in main
    vol_label = get_volatility(data)
                ^^^^^^^^^^^^^^
NameError: name 'get_volatility' is not defined
",,,,,
2026-07-05 10:42:24,error,,,,,,,,,"name 'get_volatility' is not defined
Traceback (most recent call last):
  File ""C:\Users\Owner\PythonTrading\stock-bot\run_all.py"", line 1862, in <module>
    main()
    ~~~~^^
  File ""C:\Users\Owner\PythonTrading\stock-bot\run_all.py"", line 660, in main
    vol_label = get_volatility(data)
                ^^^^^^^^^^^^^^
NameError: name 'get_volatility' is not defined
",,,,,
2026-07-05 10:45:30,error,,,,,,,,,"name 'get_volatility' is not defined
Traceback (most recent call last):
  File ""C:\Users\Owner\PythonTrading\stock-bot\run_all.py"", line 1862, in <module>
    main()
    ~~~~^^
  File ""C:\Users\Owner\PythonTrading\stock-bot\run_all.py"", line 660, in main
    vol_label = get_volatility(data)
                ^^^^^^^^^^^^^^
NameError: name 'get_volatility' is not defined
",,,,,
2026-07-05 10:48:35,error,,,,,,,,,"name 'get_volatility' is not defined
Traceback (most recent call last):
  File ""C:\Users\Owner\PythonTrading\stock-bot\run_all.py"", line 1862, in <module>
    main()
    ~~~~^^
  File ""C:\Users\Owner\PythonTrading\stock-bot\run_all.py"", line 660, in main
    vol_label = get_volatility(data)
                ^^^^^^^^^^^^^^
NameError: name 'get_volatility' is not defined
",,,,,
2026-07-05 10:51:56,error,,,,,,,,,"name 'get_volatility' is not defined
Traceback (most recent call last):
  File ""C:\Users\Owner\PythonTrading\stock-bot\run_all.py"", line 1862, in <module>
    main()
    ~~~~^^
  File ""C:\Users\Owner\PythonTrading\stock-bot\run_all.py"", line 660, in main
    vol_label = get_volatility(data)
                ^^^^^^^^^^^^^^
NameError: name 'get_volatility' is not defined
",,,,,
2026-07-05 10:55:01,error,,,,,,,,,"name 'get_volatility' is not defined
Traceback (most recent call last):
  File ""C:\Users\Owner\PythonTrading\stock-bot\run_all.py"", line 1862, in <module>
    main()
    ~~~~^^
  File ""C:\Users\Owner\PythonTrading\stock-bot\run_all.py"", line 660, in main
    vol_label = get_volatility(data)
                ^^^^^^^^^^^^^^
NameError: name 'get_volatility' is not defined
",,,,,
2026-07-05 10:58:06,error,,,,,,,,,"name 'get_volatility' is not defined
Traceback (most recent call last):
  File ""C:\Users\Owner\PythonTrading\stock-bot\run_all.py"", line 1862, in <module>
    main()
    ~~~~^^
  File ""C:\Users\Owner\PythonTrading\stock-bot\run_all.py"", line 660, in main
    vol_label = get_volatility(data)
                ^^^^^^^^^^^^^^
NameError: name 'get_volatility' is not defined
",,,,,
2026-07-05 11:01:11,error,,,,,,,,,"name 'get_volatility' is not defined
Traceback (most recent call last):
  File ""C:\Users\Owner\PythonTrading\stock-bot\run_all.py"", line 1862, in <module>
    main()
    ~~~~^^
  File ""C:\Users\Owner\PythonTrading\stock-bot\run_all.py"", line 660, in main
    vol_label = get_volatility(data)
                ^^^^^^^^^^^^^^
NameError: name 'get_volatility' is not defined
",,,,,
2026-07-05 11:04:32,error,,,,,,,,,"name 'get_volatility' is not defined
Traceback (most recent call last):
  File ""C:\Users\Owner\PythonTrading\stock-bot\run_all.py"", line 1862, in <module>
    main()
    ~~~~^^
  File ""C:\Users\Owner\PythonTrading\stock-bot\run_all.py"", line 660, in main
    vol_label = get_volatility(data)
                ^^^^^^^^^^^^^^
NameError: name 'get_volatility' is not defined
",,,,,
2026-07-05 11:07:39,error,,,,,,,,,"name 'get_volatility' is not defined
Traceback (most recent call last):
  File ""C:\Users\Owner\PythonTrading\stock-bot\run_all.py"", line 1862, in <module>
    main()
    ~~~~^^
  File ""C:\Users\Owner\PythonTrading\stock-bot\run_all.py"", line 660, in main
    vol_label = get_volatility(data)
                ^^^^^^^^^^^^^^
NameError: name 'get_volatility' is not defined
",,,,,
2026-07-05 11:10:45,error,,,,,,,,,"name 'get_volatility' is not defined
Traceback (most recent call last):
  File ""C:\Users\Owner\PythonTrading\stock-bot\run_all.py"", line 1862, in <module>
    main()
    ~~~~^^
  File ""C:\Users\Owner\PythonTrading\stock-bot\run_all.py"", line 660, in main
    vol_label = get_volatility(data)
                ^^^^^^^^^^^^^^
NameError: name 'get_volatility' is not defined
",,,,,
2026-07-05 11:13:50,error,,,,,,,,,"name 'get_volatility' is not defined
Traceback (most recent call last):
  File ""C:\Users\Owner\PythonTrading\stock-bot\run_all.py"", line 1862, in <module>
    main()
    ~~~~^^
  File ""C:\Users\Owner\PythonTrading\stock-bot\run_all.py"", line 660, in main
    vol_label = get_volatility(data)
                ^^^^^^^^^^^^^^
NameError: name 'get_volatility' is not defined
",,,,,
2026-07-05 11:17:12,error,,,,,,,,,"name 'get_volatility' is not defined
Traceback (most recent call last):
  File ""C:\Users\Owner\PythonTrading\stock-bot\run_all.py"", line 1862, in <module>
    main()
    ~~~~^^
  File ""C:\Users\Owner\PythonTrading\stock-bot\run_all.py"", line 660, in main
    vol_label = get_volatility(data)
                ^^^^^^^^^^^^^^
NameError: name 'get_volatility' is not defined
",,,,,
2026-07-05 11:20:22,error,,,,,,,,,"name 'get_volatility' is not defined
Traceback (most recent call last):
  File ""C:\Users\Owner\PythonTrading\stock-bot\run_all.py"", line 1862, in <module>
    main()
    ~~~~^^
  File ""C:\Users\Owner\PythonTrading\stock-bot\run_all.py"", line 660, in main
    vol_label = get_volatility(data)
                ^^^^^^^^^^^^^^
NameError: name 'get_volatility' is not defined
",,,,,
2026-07-05 11:23:30,error,,,,,,,,,"name 'get_volatility' is not defined
Traceback (most recent call last):
  File ""C:\Users\Owner\PythonTrading\stock-bot\run_all.py"", line 1862, in <module>
    main()
    ~~~~^^
  File ""C:\Users\Owner\PythonTrading\stock-bot\run_all.py"", line 660, in main
    vol_label = get_volatility(data)
                ^^^^^^^^^^^^^^
NameError: name 'get_volatility' is not defined
",,,,,
2026-07-05 11:26:40,error,,,,,,,,,"name 'get_volatility' is not defined
Traceback (most recent call last):
  File ""C:\Users\Owner\PythonTrading\stock-bot\run_all.py"", line 1862, in <module>
    main()
    ~~~~^^
  File ""C:\Users\Owner\PythonTrading\stock-bot\run_all.py"", line 660, in main
    vol_label = get_volatility(data)
                ^^^^^^^^^^^^^^
NameError: name 'get_volatility' is not defined
",,,,,
2026-07-05 11:30:08,error,,,,,,,,,"name 'get_volatility' is not defined
Traceback (most recent call last):
  File ""C:\Users\Owner\PythonTrading\stock-bot\run_all.py"", line 1862, in <module>
    main()
    ~~~~^^
  File ""C:\Users\Owner\PythonTrading\stock-bot\run_all.py"", line 660, in main
    vol_label = get_volatility(data)
                ^^^^^^^^^^^^^^
NameError: name 'get_volatility' is not defined
",,,,,
2026-07-05 11:33:18,error,,,,,,,,,"name 'get_volatility' is not defined
Traceback (most recent call last):
  File ""C:\Users\Owner\PythonTrading\stock-bot\run_all.py"", line 1862, in <module>
    main()
    ~~~~^^
  File ""C:\Users\Owner\PythonTrading\stock-bot\run_all.py"", line 660, in main
    vol_label = get_volatility(data)
                ^^^^^^^^^^^^^^
NameError: name 'get_volatility' is not defined
",,,,,
2026-07-05 11:36:27,error,,,,,,,,,"name 'get_volatility' is not defined
Traceback (most recent call last):
  File ""C:\Users\Owner\PythonTrading\stock-bot\run_all.py"", line 1862, in <module>
    main()
    ~~~~^^
  File ""C:\Users\Owner\PythonTrading\stock-bot\run_all.py"", line 660, in main
    vol_label = get_volatility(data)
                ^^^^^^^^^^^^^^
NameError: name 'get_volatility' is not defined
",,,,,
2026-07-05 11:39:36,error,,,,,,,,,"name 'get_volatility' is not defined
Traceback (most recent call last):
  File ""C:\Users\Owner\PythonTrading\stock-bot\run_all.py"", line 1862, in <module>
    main()
    ~~~~^^
  File ""C:\Users\Owner\PythonTrading\stock-bot\run_all.py"", line 660, in main
    vol_label = get_volatility(data)
                ^^^^^^^^^^^^^^
NameError: name 'get_volatility' is not defined
",,,,,
2026-07-05 11:42:59,error,,,,,,,,,"name 'get_volatility' is not defined
Traceback (most recent call last):
  File ""C:\Users\Owner\PythonTrading\stock-bot\run_all.py"", line 1862, in <module>
    main()
    ~~~~^^
  File ""C:\Users\Owner\PythonTrading\stock-bot\run_all.py"", line 660, in main
    vol_label = get_volatility(data)
                ^^^^^^^^^^^^^^
NameError: name 'get_volatility' is not defined
",,,,,
2026-07-05 11:46:05,error,,,,,,,,,"name 'get_volatility' is not defined
Traceback (most recent call last):
  File ""C:\Users\Owner\PythonTrading\stock-bot\run_all.py"", line 1862, in <module>
    main()
    ~~~~^^
  File ""C:\Users\Owner\PythonTrading\stock-bot\run_all.py"", line 660, in main
    vol_label = get_volatility(data)
                ^^^^^^^^^^^^^^
NameError: name 'get_volatility' is not defined
",,,,,
2026-07-05 11:49:10,error,,,,,,,,,"name 'get_volatility' is not defined
Traceback (most recent call last):
  File ""C:\Users\Owner\PythonTrading\stock-bot\run_all.py"", line 1862, in <module>
    main()
    ~~~~^^
  File ""C:\Users\Owner\PythonTrading\stock-bot\run_all.py"", line 660, in main
    vol_label = get_volatility(data)
                ^^^^^^^^^^^^^^
NameError: name 'get_volatility' is not defined
",,,,,
2026-07-05 11:52:18,error,,,,,,,,,"name 'get_volatility' is not defined
Traceback (most recent call last):
  File ""C:\Users\Owner\PythonTrading\stock-bot\run_all.py"", line 1862, in <module>
    main()
    ~~~~^^
  File ""C:\Users\Owner\PythonTrading\stock-bot\run_all.py"", line 660, in main
    vol_label = get_volatility(data)
                ^^^^^^^^^^^^^^
NameError: name 'get_volatility' is not defined
",,,,,
2026-07-05 11:55:39,error,,,,,,,,,"name 'get_volatility' is not defined
Traceback (most recent call last):
  File ""C:\Users\Owner\PythonTrading\stock-bot\run_all.py"", line 1862, in <module>
    main()
    ~~~~^^
  File ""C:\Users\Owner\PythonTrading\stock-bot\run_all.py"", line 660, in main
    vol_label = get_volatility(data)
                ^^^^^^^^^^^^^^
NameError: name 'get_volatility' is not defined
",,,,,
2026-07-05 11:58:49,error,,,,,,,,,"name 'get_volatility' is not defined
Traceback (most recent call last):
  File ""C:\Users\Owner\PythonTrading\stock-bot\run_all.py"", line 1862, in <module>
    main()
    ~~~~^^
  File ""C:\Users\Owner\PythonTrading\stock-bot\run_all.py"", line 660, in main
    vol_label = get_volatility(data)
                ^^^^^^^^^^^^^^
NameError: name 'get_volatility' is not defined
",,,,,
2026-07-05 12:02:02,error,,,,,,,,,"name 'get_volatility' is not defined
Traceback (most recent call last):
  File ""C:\Users\Owner\PythonTrading\stock-bot\run_all.py"", line 1862, in <module>
    main()
    ~~~~^^
  File ""C:\Users\Owner\PythonTrading\stock-bot\run_all.py"", line 660, in main
    vol_label = get_volatility(data)
                ^^^^^^^^^^^^^^
NameError: name 'get_volatility' is not defined
",,,,,
2026-07-05 12:05:12,error,,,,,,,,,"name 'get_volatility' is not defined
Traceback (most recent call last):
  File ""C:\Users\Owner\PythonTrading\stock-bot\run_all.py"", line 1862, in <module>
    main()
    ~~~~^^
  File ""C:\Users\Owner\PythonTrading\stock-bot\run_all.py"", line 660, in main
    vol_label = get_volatility(data)
                ^^^^^^^^^^^^^^
NameError: name 'get_volatility' is not defined
",,,,,
2026-07-05 12:08:44,error,,,,,,,,,"name 'get_volatility' is not defined
Traceback (most recent call last):
  File ""C:\Users\Owner\PythonTrading\stock-bot\run_all.py"", line 1862, in <module>
    main()
    ~~~~^^
  File ""C:\Users\Owner\PythonTrading\stock-bot\run_all.py"", line 660, in main
    vol_label = get_volatility(data)
                ^^^^^^^^^^^^^^
NameError: name 'get_volatility' is not defined
",,,,,
2026-07-05 12:11:55,error,,,,,,,,,"name 'get_volatility' is not defined
Traceback (most recent call last):
  File ""C:\Users\Owner\PythonTrading\stock-bot\run_all.py"", line 1862, in <module>
    main()
    ~~~~^^
  File ""C:\Users\Owner\PythonTrading\stock-bot\run_all.py"", line 660, in main
    vol_label = get_volatility(data)
                ^^^^^^^^^^^^^^
NameError: name 'get_volatility' is not defined
",,,,,
2026-07-05 12:15:04,error,,,,,,,,,"name 'get_volatility' is not defined
Traceback (most recent call last):
  File ""C:\Users\Owner\PythonTrading\stock-bot\run_all.py"", line 1862, in <module>
    main()
    ~~~~^^
  File ""C:\Users\Owner\PythonTrading\stock-bot\run_all.py"", line 660, in main
    vol_label = get_volatility(data)
                ^^^^^^^^^^^^^^
NameError: name 'get_volatility' is not defined
",,,,,
2026-07-05 12:18:10,error,,,,,,,,,"name 'get_volatility' is not defined
Traceback (most recent call last):
  File ""C:\Users\Owner\PythonTrading\stock-bot\run_all.py"", line 1862, in <module>
    main()
    ~~~~^^
  File ""C:\Users\Owner\PythonTrading\stock-bot\run_all.py"", line 660, in main
    vol_label = get_volatility(data)
                ^^^^^^^^^^^^^^
NameError: name 'get_volatility' is not defined
",,,,,
2026-07-05 12:21:36,error,,,,,,,,,"name 'get_volatility' is not defined
Traceback (most recent call last):
  File ""C:\Users\Owner\PythonTrading\stock-bot\run_all.py"", line 1862, in <module>
    main()
    ~~~~^^
  File ""C:\Users\Owner\PythonTrading\stock-bot\run_all.py"", line 660, in main
    vol_label = get_volatility(data)
                ^^^^^^^^^^^^^^
NameError: name 'get_volatility' is not defined
",,,,,
2026-07-05 12:24:44,error,,,,,,,,,"name 'get_volatility' is not defined
Traceback (most recent call last):
  File ""C:\Users\Owner\PythonTrading\stock-bot\run_all.py"", line 1862, in <module>
    main()
    ~~~~^^
  File ""C:\Users\Owner\PythonTrading\stock-bot\run_all.py"", line 660, in main
    vol_label = get_volatility(data)
                ^^^^^^^^^^^^^^
NameError: name 'get_volatility' is not defined
",,,,,
2026-07-05 12:27:53,error,,,,,,,,,"name 'get_volatility' is not defined
Traceback (most recent call last):
  File ""C:\Users\Owner\PythonTrading\stock-bot\run_all.py"", line 1862, in <module>
    main()
    ~~~~^^
  File ""C:\Users\Owner\PythonTrading\stock-bot\run_all.py"", line 660, in main
    vol_label = get_volatility(data)
                ^^^^^^^^^^^^^^
NameError: name 'get_volatility' is not defined
",,,,,
2026-07-05 12:31:04,error,,,,,,,,,"name 'get_volatility' is not defined
Traceback (most recent call last):
  File ""C:\Users\Owner\PythonTrading\stock-bot\run_all.py"", line 1862, in <module>
    main()
    ~~~~^^
  File ""C:\Users\Owner\PythonTrading\stock-bot\run_all.py"", line 660, in main
    vol_label = get_volatility(data)
                ^^^^^^^^^^^^^^
NameError: name 'get_volatility' is not defined
",,,,,
2026-07-05 12:34:32,error,,,,,,,,,"name 'get_volatility' is not defined
Traceback (most recent call last):
  File ""C:\Users\Owner\PythonTrading\stock-bot\run_all.py"", line 1862, in <module>
    main()
    ~~~~^^
  File ""C:\Users\Owner\PythonTrading\stock-bot\run_all.py"", line 660, in main
    vol_label = get_volatility(data)
                ^^^^^^^^^^^^^^
NameError: name 'get_volatility' is not defined
",,,,,
2026-07-05 12:37:42,error,,,,,,,,,"name 'get_volatility' is not defined
Traceback (most recent call last):
  File ""C:\Users\Owner\PythonTrading\stock-bot\run_all.py"", line 1862, in <module>
    main()
    ~~~~^^
  File ""C:\Users\Owner\PythonTrading\stock-bot\run_all.py"", line 660, in main
    vol_label = get_volatility(data)
                ^^^^^^^^^^^^^^
NameError: name 'get_volatility' is not defined
",,,,,
2026-07-05 12:40:51,error,,,,,,,,,"name 'get_volatility' is not defined
Traceback (most recent call last):
  File ""C:\Users\Owner\PythonTrading\stock-bot\run_all.py"", line 1862, in <module>
    main()
    ~~~~^^
  File ""C:\Users\Owner\PythonTrading\stock-bot\run_all.py"", line 660, in main
    vol_label = get_volatility(data)
                ^^^^^^^^^^^^^^
NameError: name 'get_volatility' is not defined
",,,,,
2026-07-05 12:44:00,error,,,,,,,,,"name 'get_volatility' is not defined
Traceback (most recent call last):
  File ""C:\Users\Owner\PythonTrading\stock-bot\run_all.py"", line 1862, in <module>
    main()
    ~~~~^^
  File ""C:\Users\Owner\PythonTrading\stock-bot\run_all.py"", line 660, in main
    vol_label = get_volatility(data)
                ^^^^^^^^^^^^^^
NameError: name 'get_volatility' is not defined
",,,,,
2026-07-05 12:47:23,error,,,,,,,,,"name 'get_volatility' is not defined
Traceback (most recent call last):
  File ""C:\Users\Owner\PythonTrading\stock-bot\run_all.py"", line 1862, in <module>
    main()
    ~~~~^^
  File ""C:\Users\Owner\PythonTrading\stock-bot\run_all.py"", line 660, in main
    vol_label = get_volatility(data)
                ^^^^^^^^^^^^^^
NameError: name 'get_volatility' is not defined
",,,,,
2026-07-05 12:50:30,error,,,,,,,,,"name 'get_volatility' is not defined
Traceback (most recent call last):
  File ""C:\Users\Owner\PythonTrading\stock-bot\run_all.py"", line 1862, in <module>
    main()
    ~~~~^^
  File ""C:\Users\Owner\PythonTrading\stock-bot\run_all.py"", line 660, in main
    vol_label = get_volatility(data)
                ^^^^^^^^^^^^^^
NameError: name 'get_volatility' is not defined
",,,,,
2026-07-05 12:53:36,error,,,,,,,,,"name 'get_volatility' is not defined
Traceback (most recent call last):
  File ""C:\Users\Owner\PythonTrading\stock-bot\run_all.py"", line 1862, in <module>
    main()
    ~~~~^^
  File ""C:\Users\Owner\PythonTrading\stock-bot\run_all.py"", line 660, in main
    vol_label = get_volatility(data)
                ^^^^^^^^^^^^^^
NameError: name 'get_volatility' is not defined
",,,,,
2026-07-05 12:56:43,error,,,,,,,,,"name 'get_volatility' is not defined
Traceback (most recent call last):
  File ""C:\Users\Owner\PythonTrading\stock-bot\run_all.py"", line 1862, in <module>
    main()
    ~~~~^^
  File ""C:\Users\Owner\PythonTrading\stock-bot\run_all.py"", line 660, in main
    vol_label = get_volatility(data)
                ^^^^^^^^^^^^^^
NameError: name 'get_volatility' is not defined
",,,,,
2026-07-05 13:00:11,error,,,,,,,,,"name 'get_volatility' is not defined
Traceback (most recent call last):
  File ""C:\Users\Owner\PythonTrading\stock-bot\run_all.py"", line 1862, in <module>
    main()
    ~~~~^^
  File ""C:\Users\Owner\PythonTrading\stock-bot\run_all.py"", line 660, in main
    vol_label = get_volatility(data)
                ^^^^^^^^^^^^^^
NameError: name 'get_volatility' is not defined
",,,,,
2026-07-05 13:03:19,error,,,,,,,,,"name 'get_volatility' is not defined
Traceback (most recent call last):
  File ""C:\Users\Owner\PythonTrading\stock-bot\run_all.py"", line 1862, in <module>
    main()
    ~~~~^^
  File ""C:\Users\Owner\PythonTrading\stock-bot\run_all.py"", line 660, in main
    vol_label = get_volatility(data)
                ^^^^^^^^^^^^^^
NameError: name 'get_volatility' is not defined
",,,,,
2026-07-05 13:06:27,error,,,,,,,,,"name 'get_volatility' is not defined
Traceback (most recent call last):
  File ""C:\Users\Owner\PythonTrading\stock-bot\run_all.py"", line 1862, in <module>
    main()
    ~~~~^^
  File ""C:\Users\Owner\PythonTrading\stock-bot\run_all.py"", line 660, in main
    vol_label = get_volatility(data)
                ^^^^^^^^^^^^^^
NameError: name 'get_volatility' is not defined
",,,,,
2026-07-05 13:09:33,error,,,,,,,,,"name 'get_volatility' is not defined
Traceback (most recent call last):
  File ""C:\Users\Owner\PythonTrading\stock-bot\run_all.py"", line 1862, in <module>
    main()
    ~~~~^^
  File ""C:\Users\Owner\PythonTrading\stock-bot\run_all.py"", line 660, in main
    vol_label = get_volatility(data)
                ^^^^^^^^^^^^^^
NameError: name 'get_volatility' is not defined
",,,,,
2026-07-05 13:13:03,error,,,,,,,,,"name 'get_volatility' is not defined
Traceback (most recent call last):
  File ""C:\Users\Owner\PythonTrading\stock-bot\run_all.py"", line 1862, in <module>
    main()
    ~~~~^^
  File ""C:\Users\Owner\PythonTrading\stock-bot\run_all.py"", line 660, in main
    vol_label = get_volatility(data)
                ^^^^^^^^^^^^^^
NameError: name 'get_volatility' is not defined
",,,,,
2026-07-05 13:16:14,error,,,,,,,,,"name 'get_volatility' is not defined
Traceback (most recent call last):
  File ""C:\Users\Owner\PythonTrading\stock-bot\run_all.py"", line 1862, in <module>
    main()
    ~~~~^^
  File ""C:\Users\Owner\PythonTrading\stock-bot\run_all.py"", line 660, in main
    vol_label = get_volatility(data)
                ^^^^^^^^^^^^^^
NameError: name 'get_volatility' is not defined
",,,,,
2026-07-05 13:19:20,error,,,,,,,,,"name 'get_volatility' is not defined
Traceback (most recent call last):
  File ""C:\Users\Owner\PythonTrading\stock-bot\run_all.py"", line 1862, in <module>
    main()
    ~~~~^^
  File ""C:\Users\Owner\PythonTrading\stock-bot\run_all.py"", line 660, in main
    vol_label = get_volatility(data)
                ^^^^^^^^^^^^^^
NameError: name 'get_volatility' is not defined
",,,,,
2026-07-05 13:22:27,error,,,,,,,,,"name 'get_volatility' is not defined
Traceback (most recent call last):
  File ""C:\Users\Owner\PythonTrading\stock-bot\run_all.py"", line 1862, in <module>
    main()
    ~~~~^^
  File ""C:\Users\Owner\PythonTrading\stock-bot\run_all.py"", line 660, in main
    vol_label = get_volatility(data)
                ^^^^^^^^^^^^^^
NameError: name 'get_volatility' is not defined
",,,,,
2026-07-05 13:25:55,error,,,,,,,,,"name 'get_volatility' is not defined
Traceback (most recent call last):
  File ""C:\Users\Owner\PythonTrading\stock-bot\run_all.py"", line 1862, in <module>
    main()
    ~~~~^^
  File ""C:\Users\Owner\PythonTrading\stock-bot\run_all.py"", line 660, in main
    vol_label = get_volatility(data)
                ^^^^^^^^^^^^^^
NameError: name 'get_volatility' is not defined
",,,,,
2026-07-05 13:29:04,error,,,,,,,,,"name 'get_volatility' is not defined
Traceback (most recent call last):
  File ""C:\Users\Owner\PythonTrading\stock-bot\run_all.py"", line 1862, in <module>
    main()
    ~~~~^^
  File ""C:\Users\Owner\PythonTrading\stock-bot\run_all.py"", line 660, in main
    vol_label = get_volatility(data)
                ^^^^^^^^^^^^^^
NameError: name 'get_volatility' is not defined
",,,,,
2026-07-05 13:32:13,error,,,,,,,,,"name 'get_volatility' is not defined
Traceback (most recent call last):
  File ""C:\Users\Owner\PythonTrading\stock-bot\run_all.py"", line 1862, in <module>
    main()
    ~~~~^^
  File ""C:\Users\Owner\PythonTrading\stock-bot\run_all.py"", line 660, in main
    vol_label = get_volatility(data)
                ^^^^^^^^^^^^^^
NameError: name 'get_volatility' is not defined
",,,,,
2026-07-05 13:35:20,error,,,,,,,,,"name 'get_volatility' is not defined
Traceback (most recent call last):
  File ""C:\Users\Owner\PythonTrading\stock-bot\run_all.py"", line 1862, in <module>
    main()
    ~~~~^^
  File ""C:\Users\Owner\PythonTrading\stock-bot\run_all.py"", line 660, in main
    vol_label = get_volatility(data)
                ^^^^^^^^^^^^^^
NameError: name 'get_volatility' is not defined
",,,,,
2026-07-05 13:38:46,error,,,,,,,,,"name 'get_volatility' is not defined
Traceback (most recent call last):
  File ""C:\Users\Owner\PythonTrading\stock-bot\run_all.py"", line 1862, in <module>
    main()
    ~~~~^^
  File ""C:\Users\Owner\PythonTrading\stock-bot\run_all.py"", line 660, in main
    vol_label = get_volatility(data)
                ^^^^^^^^^^^^^^
NameError: name 'get_volatility' is not defined
",,,,,
2026-07-05 13:41:59,error,,,,,,,,,"name 'get_volatility' is not defined
Traceback (most recent call last):
  File ""C:\Users\Owner\PythonTrading\stock-bot\run_all.py"", line 1862, in <module>
    main()
    ~~~~^^
  File ""C:\Users\Owner\PythonTrading\stock-bot\run_all.py"", line 660, in main
    vol_label = get_volatility(data)
                ^^^^^^^^^^^^^^
NameError: name 'get_volatility' is not defined
",,,,,
2026-07-05 13:45:05,error,,,,,,,,,"name 'get_volatility' is not defined
Traceback (most recent call last):
  File ""C:\Users\Owner\PythonTrading\stock-bot\run_all.py"", line 1862, in <module>
    main()
    ~~~~^^
  File ""C:\Users\Owner\PythonTrading\stock-bot\run_all.py"", line 660, in main
    vol_label = get_volatility(data)
                ^^^^^^^^^^^^^^
NameError: name 'get_volatility' is not defined
",,,,,
2026-07-05 13:48:13,error,,,,,,,,,"name 'get_volatility' is not defined
Traceback (most recent call last):
  File ""C:\Users\Owner\PythonTrading\stock-bot\run_all.py"", line 1862, in <module>
    main()
    ~~~~^^
  File ""C:\Users\Owner\PythonTrading\stock-bot\run_all.py"", line 660, in main
    vol_label = get_volatility(data)
                ^^^^^^^^^^^^^^
NameError: name 'get_volatility' is not defined
",,,,,
2026-07-05 13:51:47,error,,,,,,,,,"name 'get_volatility' is not defined
Traceback (most recent call last):
  File ""C:\Users\Owner\PythonTrading\stock-bot\run_all.py"", line 1862, in <module>
    main()
    ~~~~^^
  File ""C:\Users\Owner\PythonTrading\stock-bot\run_all.py"", line 660, in main
    vol_label = get_volatility(data)
                ^^^^^^^^^^^^^^
NameError: name 'get_volatility' is not defined
",,,,,
2026-07-05 13:54:57,error,,,,,,,,,"name 'get_volatility' is not defined
Traceback (most recent call last):
  File ""C:\Users\Owner\PythonTrading\stock-bot\run_all.py"", line 1862, in <module>
    main()
    ~~~~^^
  File ""C:\Users\Owner\PythonTrading\stock-bot\run_all.py"", line 660, in main
    vol_label = get_volatility(data)
                ^^^^^^^^^^^^^^
NameError: name 'get_volatility' is not defined
",,,,,
2026-07-05 13:58:03,error,,,,,,,,,"name 'get_volatility' is not defined
Traceback (most recent call last):
  File ""C:\Users\Owner\PythonTrading\stock-bot\run_all.py"", line 1862, in <module>
    main()
    ~~~~^^
  File ""C:\Users\Owner\PythonTrading\stock-bot\run_all.py"", line 660, in main
    vol_label = get_volatility(data)
                ^^^^^^^^^^^^^^
NameError: name 'get_volatility' is not defined
",,,,,
2026-07-05 14:01:12,error,,,,,,,,,"name 'get_volatility' is not defined
Traceback (most recent call last):
  File ""C:\Users\Owner\PythonTrading\stock-bot\run_all.py"", line 1862, in <module>
    main()
    ~~~~^^
  File ""C:\Users\Owner\PythonTrading\stock-bot\run_all.py"", line 660, in main
    vol_label = get_volatility(data)
                ^^^^^^^^^^^^^^
NameError: name 'get_volatility' is not defined
",,,,,
2026-07-05 14:04:44,error,,,,,,,,,"name 'get_volatility' is not defined
Traceback (most recent call last):
  File ""C:\Users\Owner\PythonTrading\stock-bot\run_all.py"", line 1862, in <module>
    main()
    ~~~~^^
  File ""C:\Users\Owner\PythonTrading\stock-bot\run_all.py"", line 660, in main
    vol_label = get_volatility(data)
                ^^^^^^^^^^^^^^
NameError: name 'get_volatility' is not defined
",,,,,
2026-07-05 14:08:01,error,,,,,,,,,"name 'get_volatility' is not defined
Traceback (most recent call last):
  File ""C:\Users\Owner\PythonTrading\stock-bot\run_all.py"", line 1862, in <module>
    sys.exit(0)
        ^^^^^^
  File ""C:\Users\Owner\PythonTrading\stock-bot\run_all.py"", line 660, in main
    vol_label = get_volatility(data)
                ^^^^^^^^^^^^^^
NameError: name 'get_volatility' is not defined
",,,,,
2026-07-05 14:11:12,error,,,,,,,,,"name 'get_volatility' is not defined
Traceback (most recent call last):
  File ""C:\Users\Owner\PythonTrading\stock-bot\run_all.py"", line 1862, in <module>
    sys.exit(0)
        ^^^^^^
  File ""C:\Users\Owner\PythonTrading\stock-bot\run_all.py"", line 660, in main
    vol_label = get_volatility(data)
                ^^^^^^^^^^^^^^
NameError: name 'get_volatility' is not defined
",,,,,
2026-07-05 14:14:40,error,,,,,,,,,"name 'get_volatility' is not defined
Traceback (most recent call last):
  File ""C:\Users\Owner\PythonTrading\stock-bot\run_all.py"", line 1862, in <module>
    sys.exit(0)
        ^^^^^^
  File ""C:\Users\Owner\PythonTrading\stock-bot\run_all.py"", line 660, in main
    vol_label = get_volatility(data)
                ^^^^^^^^^^^^^^
NameError: name 'get_volatility' is not defined
",,,,,
2026-07-05 14:17:47,error,,,,,,,,,"name 'get_volatility' is not defined
Traceback (most recent call last):
  File ""C:\Users\Owner\PythonTrading\stock-bot\run_all.py"", line 1862, in <module>
    sys.exit(0)
        ^^^^^^
  File ""C:\Users\Owner\PythonTrading\stock-bot\run_all.py"", line 660, in main
    vol_label = get_volatility(data)
                ^^^^^^^^^^^^^^
NameError: name 'get_volatility' is not defined
",,,,,
2026-07-05 14:20:56,error,,,,,,,,,"name 'get_volatility' is not defined
Traceback (most recent call last):
  File ""C:\Users\Owner\PythonTrading\stock-bot\run_all.py"", line 1862, in <module>
    sys.exit(0)
        ^^^^^^
  File ""C:\Users\Owner\PythonTrading\stock-bot\run_all.py"", line 660, in main
    vol_label = get_volatility(data)
                ^^^^^^^^^^^^^^
NameError: name 'get_volatility' is not defined
",,,,,
2026-07-05 14:24:03,error,,,,,,,,,"name 'get_volatility' is not defined
Traceback (most recent call last):
  File ""C:\Users\Owner\PythonTrading\stock-bot\run_all.py"", line 1862, in <module>
    sys.exit(0)
        ^^^^^^
  File ""C:\Users\Owner\PythonTrading\stock-bot\run_all.py"", line 660, in main
    vol_label = get_volatility(data)
                ^^^^^^^^^^^^^^
NameError: name 'get_volatility' is not defined
",,,,,
2026-07-05 14:27:30,error,,,,,,,,,"name 'get_volatility' is not defined
Traceback (most recent call last):
  File ""C:\Users\Owner\PythonTrading\stock-bot\run_all.py"", line 1862, in <module>
    sys.exit(0)
        ^^^^^^
  File ""C:\Users\Owner\PythonTrading\stock-bot\run_all.py"", line 660, in main
    vol_label = get_volatility(data)
                ^^^^^^^^^^^^^^
NameError: name 'get_volatility' is not defined
",,,,,
2026-07-05 14:30:36,error,,,,,,,,,"name 'get_volatility' is not defined
Traceback (most recent call last):
  File ""C:\Users\Owner\PythonTrading\stock-bot\run_all.py"", line 1862, in <module>
    sys.exit(0)
        ^^^^^^
  File ""C:\Users\Owner\PythonTrading\stock-bot\run_all.py"", line 660, in main
    vol_label = get_volatility(data)
                ^^^^^^^^^^^^^^
NameError: name 'get_volatility' is not defined
",,,,,
2026-07-05 14:33:42,error,,,,,,,,,"name 'get_volatility' is not defined
Traceback (most recent call last):
  File ""C:\Users\Owner\PythonTrading\stock-bot\run_all.py"", line 1862, in <module>
    sys.exit(0)
        ^^^^^^
  File ""C:\Users\Owner\PythonTrading\stock-bot\run_all.py"", line 660, in main
    vol_label = get_volatility(data)
                ^^^^^^^^^^^^^^
NameError: name 'get_volatility' is not defined
",,,,,
2026-07-05 14:36:48,error,,,,,,,,,"name 'get_volatility' is not defined
Traceback (most recent call last):
  File ""C:\Users\Owner\PythonTrading\stock-bot\run_all.py"", line 1862, in <module>
    sys.exit(0)
        ^^^^^^
  File ""C:\Users\Owner\PythonTrading\stock-bot\run_all.py"", line 660, in main
    vol_label = get_volatility(data)
                ^^^^^^^^^^^^^^
NameError: name 'get_volatility' is not defined
",,,,,
2026-07-05 14:40:16,error,,,,,,,,,"name 'get_volatility' is not defined
Traceback (most recent call last):
  File ""C:\Users\Owner\PythonTrading\stock-bot\run_all.py"", line 1862, in <module>
    sys.exit(0)
        ^^^^^^
  File ""C:\Users\Owner\PythonTrading\stock-bot\run_all.py"", line 660, in main
    vol_label = get_volatility(data)
                ^^^^^^^^^^^^^^
NameError: name 'get_volatility' is not defined
",,,,,
2026-07-05 14:43:22,error,,,,,,,,,"name 'get_volatility' is not defined
Traceback (most recent call last):
  File ""C:\Users\Owner\PythonTrading\stock-bot\run_all.py"", line 1862, in <module>
    sys.exit(0)
        ^^^^^^
  File ""C:\Users\Owner\PythonTrading\stock-bot\run_all.py"", line 660, in main
    vol_label = get_volatility(data)
                ^^^^^^^^^^^^^^
NameError: name 'get_volatility' is not defined
",,,,,
2026-07-05 14:46:29,error,,,,,,,,,"name 'get_volatility' is not defined
Traceback (most recent call last):
  File ""C:\Users\Owner\PythonTrading\stock-bot\run_all.py"", line 1862, in <module>
    sys.exit(0)
        ^^^^^^
  File ""C:\Users\Owner\PythonTrading\stock-bot\run_all.py"", line 660, in main
    vol_label = get_volatility(data)
                ^^^^^^^^^^^^^^
NameError: name 'get_volatility' is not defined
",,,,,
2026-07-05 14:49:35,error,,,,,,,,,"name 'get_volatility' is not defined
Traceback (most recent call last):
  File ""C:\Users\Owner\PythonTrading\stock-bot\run_all.py"", line 1862, in <module>
    sys.exit(0)
        ^^^^^^
  File ""C:\Users\Owner\PythonTrading\stock-bot\run_all.py"", line 660, in main
    vol_label = get_volatility(data)
                ^^^^^^^^^^^^^^
NameError: name 'get_volatility' is not defined
",,,,,
2026-07-05 14:53:00,error,,,,,,,,,"name 'get_volatility' is not defined
Traceback (most recent call last):
  File ""C:\Users\Owner\PythonTrading\stock-bot\run_all.py"", line 1862, in <module>
    sys.exit(0)
        ^^^^^^
  File ""C:\Users\Owner\PythonTrading\stock-bot\run_all.py"", line 660, in main
    vol_label = get_volatility(data)
                ^^^^^^^^^^^^^^
NameError: name 'get_volatility' is not defined
",,,,,
2026-07-05 14:56:08,error,,,,,,,,,"name 'get_volatility' is not defined
Traceback (most recent call last):
  File ""C:\Users\Owner\PythonTrading\stock-bot\run_all.py"", line 1862, in <module>
    sys.exit(0)
        ^^^^^^
  File ""C:\Users\Owner\PythonTrading\stock-bot\run_all.py"", line 660, in main
    vol_label = get_volatility(data)
                ^^^^^^^^^^^^^^
NameError: name 'get_volatility' is not defined
",,,,,
2026-07-05 14:59:16,error,,,,,,,,,"name 'get_volatility' is not defined
Traceback (most recent call last):
  File ""C:\Users\Owner\PythonTrading\stock-bot\run_all.py"", line 1862, in <module>
    sys.exit(0)
        ^^^^^^
  File ""C:\Users\Owner\PythonTrading\stock-bot\run_all.py"", line 660, in main
    vol_label = get_volatility(data)
                ^^^^^^^^^^^^^^
NameError: name 'get_volatility' is not defined
",,,,,
2026-07-05 15:02:25,error,,,,,,,,,"name 'get_volatility' is not defined
Traceback (most recent call last):
  File ""C:\Users\Owner\PythonTrading\stock-bot\run_all.py"", line 1862, in <module>
    sys.exit(0)
        ^^^^^^
  File ""C:\Users\Owner\PythonTrading\stock-bot\run_all.py"", line 660, in main
    vol_label = get_volatility(data)
                ^^^^^^^^^^^^^^
NameError: name 'get_volatility' is not defined
",,,,,
2026-07-05 15:05:48,error,,,,,,,,,"name 'get_volatility' is not defined
Traceback (most recent call last):
  File ""C:\Users\Owner\PythonTrading\stock-bot\run_all.py"", line 1862, in <module>
    sys.exit(0)
        ^^^^^^
  File ""C:\Users\Owner\PythonTrading\stock-bot\run_all.py"", line 660, in main
    vol_label = get_volatility(data)
                ^^^^^^^^^^^^^^
NameError: name 'get_volatility' is not defined
",,,,,
2026-07-05 15:09:01,error,,,,,,,,,"name 'get_volatility' is not defined
Traceback (most recent call last):
  File ""C:\Users\Owner\PythonTrading\stock-bot\run_all.py"", line 1862, in <module>
    sys.exit(0)
        ^^^^^^
  File ""C:\Users\Owner\PythonTrading\stock-bot\run_all.py"", line 660, in main
    vol_label = get_volatility(data)
                ^^^^^^^^^^^^^^
NameError: name 'get_volatility' is not defined
",,,,,
2026-07-05 15:12:16,error,,,,,,,,,"name 'get_volatility' is not defined
Traceback (most recent call last):
  File ""C:\Users\Owner\PythonTrading\stock-bot\run_all.py"", line 1862, in <module>
    sys.exit(0)
        ^^^^^^
  File ""C:\Users\Owner\PythonTrading\stock-bot\run_all.py"", line 660, in main
    vol_label = get_volatility(data)
                ^^^^^^^^^^^^^^
NameError: name 'get_volatility' is not defined
",,,,,
2026-07-05 15:15:23,error,,,,,,,,,"name 'get_volatility' is not defined
Traceback (most recent call last):
  File ""C:\Users\Owner\PythonTrading\stock-bot\run_all.py"", line 1862, in <module>
    sys.exit(0)
        ^^^^^^
  File ""C:\Users\Owner\PythonTrading\stock-bot\run_all.py"", line 660, in main
    vol_label = get_volatility(data)
                ^^^^^^^^^^^^^^
NameError: name 'get_volatility' is not defined
",,,,,
2026-07-05 15:18:44,error,,,,,,,,,"name 'get_volatility' is not defined
Traceback (most recent call last):
  File ""C:\Users\Owner\PythonTrading\stock-bot\run_all.py"", line 1862, in <module>
    sys.exit(0)
        ^^^^^^
  File ""C:\Users\Owner\PythonTrading\stock-bot\run_all.py"", line 660, in main
    vol_label = get_volatility(data)
                ^^^^^^^^^^^^^^
NameError: name 'get_volatility' is not defined
",,,,,
2026-07-05 15:21:55,error,,,,,,,,,"name 'get_volatility' is not defined
Traceback (most recent call last):
  File ""C:\Users\Owner\PythonTrading\stock-bot\run_all.py"", line 1862, in <module>
    sys.exit(0)
        ^^^^^^
  File ""C:\Users\Owner\PythonTrading\stock-bot\run_all.py"", line 660, in main
    vol_label = get_volatility(data)
                ^^^^^^^^^^^^^^
NameError: name 'get_volatility' is not defined
",,,,,
2026-07-05 15:25:04,error,,,,,,,,,"name 'get_volatility' is not defined
Traceback (most recent call last):
  File ""C:\Users\Owner\PythonTrading\stock-bot\run_all.py"", line 1862, in <module>
    sys.exit(0)
        ^^^^^^
  File ""C:\Users\Owner\PythonTrading\stock-bot\run_all.py"", line 660, in main
    vol_label = get_volatility(data)
                ^^^^^^^^^^^^^^
NameError: name 'get_volatility' is not defined
",,,,,
2026-07-05 15:28:16,error,,,,,,,,,"name 'get_volatility' is not defined
Traceback (most recent call last):
  File ""C:\Users\Owner\PythonTrading\stock-bot\run_all.py"", line 1862, in <module>
    sys.exit(0)
        ^^^^^^
  File ""C:\Users\Owner\PythonTrading\stock-bot\run_all.py"", line 660, in main
    vol_label = get_volatility(data)
                ^^^^^^^^^^^^^^
NameError: name 'get_volatility' is not defined
",,,,,
2026-07-05 15:31:38,error,,,,,,,,,"name 'get_volatility' is not defined
Traceback (most recent call last):
  File ""C:\Users\Owner\PythonTrading\stock-bot\run_all.py"", line 1862, in <module>
    sys.exit(0)
        ^^^^^^
  File ""C:\Users\Owner\PythonTrading\stock-bot\run_all.py"", line 660, in main
    vol_label = get_volatility(data)
                ^^^^^^^^^^^^^^
NameError: name 'get_volatility' is not defined
",,,,,
2026-07-05 15:34:45,error,,,,,,,,,"name 'get_volatility' is not defined
Traceback (most recent call last):
  File ""C:\Users\Owner\PythonTrading\stock-bot\run_all.py"", line 1862, in <module>
    sys.exit(0)
        ^^^^^^
  File ""C:\Users\Owner\PythonTrading\stock-bot\run_all.py"", line 660, in main
    vol_label = get_volatility(data)
                ^^^^^^^^^^^^^^
NameError: name 'get_volatility' is not defined
",,,,,
2026-07-05 15:37:57,error,,,,,,,,,"name 'get_volatility' is not defined
Traceback (most recent call last):
  File ""C:\Users\Owner\PythonTrading\stock-bot\run_all.py"", line 1862, in <module>
    sys.exit(0)
        ^^^^^^
  File ""C:\Users\Owner\PythonTrading\stock-bot\run_all.py"", line 660, in main
    vol_label = get_volatility(data)
                ^^^^^^^^^^^^^^
NameError: name 'get_volatility' is not defined
",,,,,
2026-07-05 15:41:11,error,,,,,,,,,"name 'get_volatility' is not defined
Traceback (most recent call last):
  File ""C:\Users\Owner\PythonTrading\stock-bot\run_all.py"", line 1862, in <module>
    sys.exit(0)
        ^^^^^^
  File ""C:\Users\Owner\PythonTrading\stock-bot\run_all.py"", line 660, in main
    vol_label = get_volatility(data)
                ^^^^^^^^^^^^^^
NameError: name 'get_volatility' is not defined
",,,,,
2026-07-05 15:44:41,error,,,,,,,,,"name 'get_volatility' is not defined
Traceback (most recent call last):
  File ""C:\Users\Owner\PythonTrading\stock-bot\run_all.py"", line 1862, in <module>
  File ""C:\Users\Owner\PythonTrading\stock-bot\run_all.py"", line 660, in main
    vol_label = get_volatility(data)
                ^^^^^^^^^^^^^^
NameError: name 'get_volatility' is not defined
",,,,,
2026-07-05 15:47:50,error,,,,,,,,,"name 'get_volatility' is not defined
Traceback (most recent call last):
  File ""C:\Users\Owner\PythonTrading\stock-bot\run_all.py"", line 1862, in <module>
  File ""C:\Users\Owner\PythonTrading\stock-bot\run_all.py"", line 660, in main
    vol_label = get_volatility(data)
                ^^^^^^^^^^^^^^
NameError: name 'get_volatility' is not defined
",,,,,
2026-07-05 15:50:59,error,,,,,,,,,"name 'get_volatility' is not defined
Traceback (most recent call last):
  File ""C:\Users\Owner\PythonTrading\stock-bot\run_all.py"", line 1862, in <module>
  File ""C:\Users\Owner\PythonTrading\stock-bot\run_all.py"", line 660, in main
    vol_label = get_volatility(data)
                ^^^^^^^^^^^^^^
NameError: name 'get_volatility' is not defined
",,,,,
2026-07-05 15:54:11,error,,,,,,,,,"name 'get_volatility' is not defined
Traceback (most recent call last):
  File ""C:\Users\Owner\PythonTrading\stock-bot\run_all.py"", line 1862, in <module>
  File ""C:\Users\Owner\PythonTrading\stock-bot\run_all.py"", line 660, in main
    vol_label = get_volatility(data)
                ^^^^^^^^^^^^^^
NameError: name 'get_volatility' is not defined
",,,,,
2026-07-05 15:57:30,error,,,,,,,,,"name 'get_volatility' is not defined
Traceback (most recent call last):
  File ""C:\Users\Owner\PythonTrading\stock-bot\run_all.py"", line 1862, in <module>
  File ""C:\Users\Owner\PythonTrading\stock-bot\run_all.py"", line 660, in main
    vol_label = get_volatility(data)
                ^^^^^^^^^^^^^^
NameError: name 'get_volatility' is not defined
",,,,,
2026-07-05 16:00:42,error,,,,,,,,,"name 'get_volatility' is not defined
Traceback (most recent call last):
  File ""C:\Users\Owner\PythonTrading\stock-bot\run_all.py"", line 1862, in <module>
  File ""C:\Users\Owner\PythonTrading\stock-bot\run_all.py"", line 660, in main
    vol_label = get_volatility(data)
                ^^^^^^^^^^^^^^
NameError: name 'get_volatility' is not defined
",,,,,
2026-07-05 16:04:00,error,,,,,,,,,"name 'get_volatility' is not defined
Traceback (most recent call last):
  File ""C:\Users\Owner\PythonTrading\stock-bot\run_all.py"", line 1862, in <module>
  File ""C:\Users\Owner\PythonTrading\stock-bot\run_all.py"", line 660, in main
    vol_label = get_volatility(data)
                ^^^^^^^^^^^^^^
NameError: name 'get_volatility' is not defined
",,,,,
2026-07-09 18:08:34,startup,,,,,,,,,run_all.py started,,,,,
2026-07-09 18:08:42,cycle,,,RHYME_C: Steady_Bullish_Growth,,,98363.01,44366.48,,crypto=0 equity=0; spy=0 crypto_cap=20.00% nyse_cap=16.42%; entry_gates=equity_session_closed; game_plan stress=False gate=False metal=$0.0; sleeve_pnl=NYSE +0.1%,,,,,
2026-07-09 18:11:52,cycle,,,RHYME_C: Steady_Bullish_Growth,,,98378.82,44366.48,,crypto=0 equity=0; spy=0 crypto_cap=20.00% nyse_cap=16.42%; entry_gates=equity_session_closed; game_plan stress=False gate=False metal=$0.0; sleeve_pnl=NYSE +0.1%,,,,,
2026-07-09 18:15:01,cycle,,,RHYME_C: Steady_Bullish_Growth,,,98378.82,44366.48,,crypto=0 equity=0; spy=0 crypto_cap=20.00% nyse_cap=16.42%; entry_gates=equity_session_closed; game_plan stress=False gate=False metal=$0.0; sleeve_pnl=NYSE +0.1%,,,,,
2026-07-09 18:18:07,cycle,,,RHYME_C: Steady_Bullish_Growth,,,98374.51,44366.48,,crypto=0 equity=0; spy=0 crypto_cap=20.00% nyse_cap=16.42%; entry_gates=equity_session_closed; game_plan stress=False gate=False metal=$0.0; sleeve_pnl=NYSE +0.1%,,,,,
2026-07-09 18:21:13,cycle,,,RHYME_C: Steady_Bullish_Growth,,,98378.8,44366.48,,crypto=0 equity=0; spy=0 crypto_cap=20.00% nyse_cap=16.42%; entry_gates=equity_session_closed; game_plan stress=False gate=False metal=$0.0; sleeve_pnl=NYSE +0.1%,,,,,
2026-07-09 18:24:19,cycle,,,RHYME_C: Steady_Bullish_Growth,,,98377.38,44366.48,,crypto=0 equity=0; spy=0 crypto_cap=20.00% nyse_cap=16.42%; entry_gates=equity_session_closed; game_plan stress=False gate=False metal=$0.0; sleeve_pnl=NYSE +0.1%,,,,,
2026-07-09 18:27:25,cycle,,,RHYME_C: Steady_Bullish_Growth,,,98377.38,44366.48,,crypto=0 equity=0; spy=0 crypto_cap=20.00% nyse_cap=16.42%; entry_gates=equity_session_closed; game_plan stress=False gate=False metal=$0.0; sleeve_pnl=NYSE +0.1%,,,,,
2026-07-09 18:30:31,cycle,,,RHYME_C: Steady_Bullish_Growth,,,98377.38,44366.48,,crypto=0 equity=0; spy=0 crypto_cap=20.00% nyse_cap=16.42%; entry_gates=equity_session_closed; game_plan stress=False gate=False metal=$0.0; sleeve_pnl=NYSE +0.1%,,,,,
2026-07-09 18:33:40,cycle,,,RHYME_C: Steady_Bullish_Growth,,,98401.83,44366.48,,crypto=0 equity=0; spy=0 crypto_cap=20.00% nyse_cap=16.42%; entry_gates=equity_session_closed; game_plan stress=False gate=False metal=$0.0; sleeve_pnl=NYSE +0.2%,,,,,
2026-07-09 18:36:51,cycle,,,RHYME_C: Steady_Bullish_Growth,,,98399.68,44366.48,,crypto=0 equity=0; spy=0 crypto_cap=20.00% nyse_cap=16.42%; entry_gates=equity_session_closed; game_plan stress=False gate=False metal=$0.0; sleeve_pnl=NYSE +0.2%,,,,,
2026-07-09 18:39:58,cycle,,,RHYME_C: Steady_Bullish_Growth,,,98400.68,44366.48,,crypto=0 equity=0; spy=0 crypto_cap=20.00% nyse_cap=16.42%; entry_gates=equity_session_closed; game_plan stress=False gate=False metal=$0.0; sleeve_pnl=NYSE +0.2%,,,,,
2026-07-09 18:43:04,cycle,,,RHYME_C: Steady_Bullish_Growth,,,98400.3,44366.48,,crypto=0 equity=0; spy=0 crypto_cap=20.00% nyse_cap=16.42%; entry_gates=equity_session_closed; game_plan stress=False gate=False metal=$0.0; sleeve_pnl=NYSE +0.2%,,,,,
2026-07-09 18:46:10,cycle,,,RHYME_C: Steady_Bullish_Growth,,,98400.3,44366.48,,crypto=0 equity=0; spy=0 crypto_cap=20.00% nyse_cap=16.42%; entry_gates=equity_session_closed; game_plan stress=False gate=False metal=$0.0; sleeve_pnl=NYSE +0.2%,,,,,
2026-07-09 18:49:18,cycle,,,RHYME_C: Steady_Bullish_Growth,,,98400.39,44366.48,,crypto=0 equity=0; spy=0 crypto_cap=20.00% nyse_cap=16.42%; entry_gates=equity_session_closed; game_plan stress=False gate=False metal=$0.0; sleeve_pnl=NYSE +0.2%,,,,,
2026-07-09 18:51:14,startup,,,,,,,,,run_all.py started,,,,,
2026-07-09 18:51:22,cycle,,,RHYME_C: Steady_Bullish_Growth,,,98400.39,44366.48,,crypto=0 equity=0; spy=0 crypto_cap=20.00% nyse_cap=16.42%; entry_gates=equity_session_closed; game_plan stress=False gate=False metal=$0.0; sleeve_pnl=NYSE +0.2%,,,,,
2026-07-09 18:54:29,cycle,,,RHYME_C: Steady_Bullish_Growth,,,98400.39,44366.48,,crypto=0 equity=0; spy=0 crypto_cap=20.00% nyse_cap=16.42%; entry_gates=equity_session_closed; game_plan stress=False gate=False metal=$0.0; sleeve_pnl=NYSE +0.2%,,,,,
2026-07-09 18:57:38,cycle,,,RHYME_C: Steady_Bullish_Growth,,,98399.31,44366.48,,crypto=0 equity=0; spy=0 crypto_cap=20.00% nyse_cap=16.42%; entry_gates=equity_session_closed; game_plan stress=False gate=False metal=$0.0; sleeve_pnl=NYSE +0.2%,,,,,
2026-07-09 19:00:45,cycle,,,RHYME_C: Steady_Bullish_Growth,,,98386.37,44366.48,,crypto=0 equity=0; spy=0 crypto_cap=20.00% nyse_cap=16.42%; entry_gates=equity_session_closed; game_plan stress=False gate=False metal=$0.0; sleeve_pnl=NYSE +0.2%,,,,,
2026-07-09 19:03:51,cycle,,,RHYME_C: Steady_Bullish_Growth,,,98357.21,44366.48,,crypto=0 equity=0; spy=0 crypto_cap=20.00% nyse_cap=16.42%; entry_gates=equity_session_closed; game_plan stress=False gate=False metal=$0.0; sleeve_pnl=NYSE +0.1%,,,,,
2026-07-09 19:06:57,cycle,,,RHYME_C: Steady_Bullish_Growth,,,98357.21,44366.48,,crypto=0 equity=0; spy=0 crypto_cap=20.00% nyse_cap=16.42%; entry_gates=equity_session_closed; game_plan stress=False gate=False metal=$0.0; sleeve_pnl=NYSE +0.1%,,,,,
2026-07-09 19:10:04,cycle,,,RHYME_C: Steady_Bullish_Growth,,,98373.41,44366.48,,crypto=0 equity=0; spy=0 crypto_cap=20.00% nyse_cap=16.42%; entry_gates=equity_session_closed; game_plan stress=False gate=False metal=$0.0; sleeve_pnl=NYSE +0.1%,,,,,
2026-07-09 19:13:10,cycle,,,RHYME_C: Steady_Bullish_Growth,,,98373.41,44366.48,,crypto=0 equity=0; spy=0 crypto_cap=20.00% nyse_cap=16.42%; entry_gates=equity_session_closed; game_plan stress=False gate=False metal=$0.0; sleeve_pnl=NYSE +0.1%,,,,,
2026-07-09 19:16:17,cycle,,,RHYME_C: Steady_Bullish_Growth,,,98373.41,44366.48,,crypto=0 equity=0; spy=0 crypto_cap=20.00% nyse_cap=16.42%; entry_gates=equity_session_closed; game_plan stress=False gate=False metal=$0.0; sleeve_pnl=NYSE +0.1%,,,,,
2026-07-09 19:19:24,cycle,,,RHYME_C: Steady_Bullish_Growth,,,98373.41,44366.48,,crypto=0 equity=0; spy=0 crypto_cap=20.00% nyse_cap=16.42%; entry_gates=equity_session_closed; game_plan stress=False gate=False metal=$0.0; sleeve_pnl=NYSE +0.1%,,,,,
2026-07-09 19:22:33,cycle,,,RHYME_C: Steady_Bullish_Growth,,,98373.41,44366.48,,crypto=0 equity=0; spy=0 crypto_cap=20.00% nyse_cap=16.42%; entry_gates=equity_session_closed; game_plan stress=False gate=False metal=$0.0; sleeve_pnl=NYSE +0.1%,,,,,
2026-07-09 19:25:40,cycle,,,RHYME_C: Steady_Bullish_Growth,,,98373.41,44366.48,,crypto=0 equity=0; spy=0 crypto_cap=20.00% nyse_cap=16.42%; entry_gates=equity_session_closed; game_plan stress=False gate=False metal=$0.0; sleeve_pnl=NYSE +0.1%,,,,,
2026-07-09 19:28:49,cycle,,,RHYME_C: Steady_Bullish_Growth,,,98355.05,44366.48,,crypto=0 equity=0; spy=0 crypto_cap=20.00% nyse_cap=16.42%; entry_gates=equity_session_closed; game_plan stress=False gate=False metal=$0.0; sleeve_pnl=NYSE +0.1%,,,,,
2026-07-09 19:31:35,startup,,,,,,,,,run_all.py started,,,,,
2026-07-09 19:31:45,cycle,,,RHYME_C: Steady_Bullish_Growth,,,98355.05,44366.48,,crypto=0 equity=0; spy=0 crypto_cap=20.00% nyse_cap=16.42%; entry_gates=equity_session_closed; game_plan stress=False gate=False metal=$0.0; sleeve_pnl=NYSE +0.1%,,,,,
2026-07-09 19:32:01,startup,,,,,,,,,run_all.py started,,,,,
2026-07-09 19:32:10,cycle,,,RHYME_C: Steady_Bullish_Growth,,,98355.05,44366.48,,crypto=0 equity=0; spy=0 crypto_cap=20.00% nyse_cap=16.42%; entry_gates=equity_session_closed; game_plan stress=False gate=False metal=$0.0; sleeve_pnl=NYSE +0.1%,,,,,
2026-07-09 19:34:53,cycle,,,RHYME_C: Steady_Bullish_Growth,,,98355.05,44366.48,,crypto=0 equity=0; spy=0 crypto_cap=20.00% nyse_cap=16.42%; entry_gates=equity_session_closed; game_plan stress=False gate=False metal=$0.0; sleeve_pnl=NYSE +0.1%,,,,,
2026-07-09 19:35:18,cycle,,,RHYME_C: Steady_Bullish_Growth,,,98355.05,44366.48,,crypto=0 equity=0; spy=0 crypto_cap=20.00% nyse_cap=16.42%; entry_gates=equity_session_closed; game_plan stress=False gate=False metal=$0.0; sleeve_pnl=NYSE +0.1%,,,,,
2026-07-09 19:38:00,cycle,,,RHYME_C: Steady_Bullish_Growth,,,98355.05,44366.48,,crypto=0 equity=0; spy=0 crypto_cap=20.00% nyse_cap=16.42%; entry_gates=equity_session_closed; game_plan stress=False gate=False metal=$0.0; sleeve_pnl=NYSE +0.1%,,,,,
2026-07-09 19:38:25,cycle,,,RHYME_C: Steady_Bullish_Growth,,,98355.05,44366.48,,crypto=0 equity=0; spy=0 crypto_cap=20.00% nyse_cap=16.42%; entry_gates=equity_session_closed; game_plan stress=False gate=False metal=$0.0; sleeve_pnl=NYSE +0.1%,,,,,
2026-07-09 19:41:06,cycle,,,RHYME_C: Steady_Bullish_Growth,,,98355.05,44366.48,,crypto=0 equity=0; spy=0 crypto_cap=20.00% nyse_cap=16.42%; entry_gates=equity_session_closed; game_plan stress=False gate=False metal=$0.0; sleeve_pnl=NYSE +0.1%,,,,,
2026-07-09 19:41:32,cycle,,,RHYME_C: Steady_Bullish_Growth,,,98355.05,44366.48,,crypto=0 equity=0; spy=0 crypto_cap=20.00% nyse_cap=16.42%; entry_gates=equity_session_closed; game_plan stress=False gate=False metal=$0.0; sleeve_pnl=NYSE +0.1%,,,,,
2026-07-09 19:44:14,cycle,,,RHYME_C: Steady_Bullish_Growth,,,98355.05,44366.48,,crypto=0 equity=0; spy=0 crypto_cap=20.00% nyse_cap=16.42%; entry_gates=equity_session_closed; game_plan stress=False gate=False metal=$0.0; sleeve_pnl=NYSE +0.1%,,,,,
2026-07-09 19:44:39,cycle,,,RHYME_C: Steady_Bullish_Growth,,,98355.05,44366.48,,crypto=0 equity=0; spy=0 crypto_cap=20.00% nyse_cap=16.42%; entry_gates=equity_session_closed; game_plan stress=False gate=False metal=$0.0; sleeve_pnl=NYSE +0.1%,,,,,
2026-07-09 19:47:20,cycle,,,RHYME_C: Steady_Bullish_Growth,,,98355.05,44366.48,,crypto=0 equity=0; spy=0 crypto_cap=20.00% nyse_cap=16.42%; entry_gates=equity_session_closed; game_plan stress=False gate=False metal=$0.0; sleeve_pnl=NYSE +0.1%,,,,,
2026-07-09 19:47:47,cycle,,,RHYME_C: Steady_Bullish_Growth,,,98355.05,44366.48,,crypto=0 equity=0; spy=0 crypto_cap=20.00% nyse_cap=16.42%; entry_gates=equity_session_closed; game_plan stress=False gate=False metal=$0.0; sleeve_pnl=NYSE +0.1%,,,,,
2026-07-09 19:50:26,cycle,,,RHYME_C: Steady_Bullish_Growth,,,98355.05,44366.48,,crypto=0 equity=0; spy=0 crypto_cap=20.00% nyse_cap=16.42%; entry_gates=equity_session_closed; game_plan stress=False gate=False metal=$0.0; sleeve_pnl=NYSE +0.1%,,,,,
2026-07-09 19:50:53,cycle,,,RHYME_C: Steady_Bullish_Growth,,,98355.05,44366.48,,crypto=0 equity=0; spy=0 crypto_cap=20.00% nyse_cap=16.42%; entry_gates=equity_session_closed; game_plan stress=False gate=False metal=$0.0; sleeve_pnl=NYSE +0.1%,,,,,
2026-07-09 19:53:32,cycle,,,RHYME_C: Steady_Bullish_Growth,,,98355.05,44366.48,,crypto=0 equity=0; spy=0 crypto_cap=20.00% nyse_cap=16.42%; entry_gates=equity_session_closed; game_plan stress=False gate=False metal=$0.0; sleeve_pnl=NYSE +0.1%,,,,,
2026-07-09 19:54:02,cycle,,,RHYME_C: Steady_Bullish_Growth,,,98355.05,44366.48,,crypto=0 equity=0; spy=0 crypto_cap=20.00% nyse_cap=16.42%; entry_gates=equity_session_closed; game_plan stress=False gate=False metal=$0.0; sleeve_pnl=NYSE +0.1%,,,,,
2026-07-09 19:56:39,cycle,,,RHYME_C: Steady_Bullish_Growth,,,98355.05,44366.48,,crypto=0 equity=0; spy=0 crypto_cap=20.00% nyse_cap=16.42%; entry_gates=equity_session_closed; game_plan stress=False gate=False metal=$0.0; sleeve_pnl=NYSE +0.1%,,,,,
2026-07-09 19:57:09,cycle,,,RHYME_C: Steady_Bullish_Growth,,,98355.05,44366.48,,crypto=0 equity=0; spy=0 crypto_cap=20.00% nyse_cap=16.42%; entry_gates=equity_session_closed; game_plan stress=False gate=False metal=$0.0; sleeve_pnl=NYSE +0.1%,,,,,
2026-07-09 19:59:47,cycle,,,RHYME_C: Steady_Bullish_Growth,,,98355.05,44366.48,,crypto=0 equity=0; spy=0 crypto_cap=20.00% nyse_cap=16.42%; entry_gates=equity_session_closed; game_plan stress=False gate=False metal=$0.0; sleeve_pnl=NYSE +0.1%,,,,,
2026-07-09 20:00:17,cycle,,,RHYME_C: Steady_Bullish_Growth,,,98355.05,44366.48,,crypto=0 equity=0; spy=0 crypto_cap=20.00% nyse_cap=16.42%; entry_gates=equity_session_closed; game_plan stress=False gate=False metal=$0.0; sleeve_pnl=NYSE +0.1%,,,,,
2026-07-09 20:02:56,cycle,,,RHYME_C: Steady_Bullish_Growth,,,98355.05,44366.48,,crypto=0 equity=0; spy=0 crypto_cap=20.00% nyse_cap=16.42%; entry_gates=equity_session_closed; game_plan stress=False gate=False metal=$0.0; sleeve_pnl=NYSE +0.1%,,,,,
2026-07-09 20:03:30,cycle,,,RHYME_C: Steady_Bullish_Growth,,,98355.05,44366.48,,crypto=0 equity=0; spy=0 crypto_cap=20.00% nyse_cap=16.42%; entry_gates=equity_session_closed; game_plan stress=False gate=False metal=$0.0; sleeve_pnl=NYSE +0.1%,,,,,
2026-07-09 20:06:03,cycle,,,RHYME_C: Steady_Bullish_Growth,,,98355.05,44366.48,,crypto=0 equity=0; spy=0 crypto_cap=20.00% nyse_cap=16.42%; entry_gates=equity_session_closed; game_plan stress=False gate=False metal=$0.0; sleeve_pnl=NYSE +0.1%,,,,,
2026-07-09 20:06:38,cycle,,,RHYME_C: Steady_Bullish_Growth,,,98355.05,44366.48,,crypto=0 equity=0; spy=0 crypto_cap=20.00% nyse_cap=16.42%; entry_gates=equity_session_closed; game_plan stress=False gate=False metal=$0.0; sleeve_pnl=NYSE +0.1%,,,,,
2026-07-09 20:09:11,cycle,,,RHYME_C: Steady_Bullish_Growth,,,98355.05,44366.48,,crypto=0 equity=0; spy=0 crypto_cap=20.00% nyse_cap=16.42%; entry_gates=equity_session_closed; game_plan stress=False gate=False metal=$0.0; sleeve_pnl=NYSE +0.1%,,,,,
2026-07-09 20:09:45,cycle,,,RHYME_C: Steady_Bullish_Growth,,,98355.05,44366.48,,crypto=0 equity=0; spy=0 crypto_cap=20.00% nyse_cap=16.42%; entry_gates=equity_session_closed; game_plan stress=False gate=False metal=$0.0; sleeve_pnl=NYSE +0.1%,,,,,
2026-07-09 20:12:19,cycle,,,RHYME_C: Steady_Bullish_Growth,,,98355.05,44366.48,,crypto=0 equity=0; spy=0 crypto_cap=20.00% nyse_cap=16.42%; entry_gates=equity_session_closed; game_plan stress=False gate=False metal=$0.0; sleeve_pnl=NYSE +0.1%,,,,,
2026-07-09 20:12:53,cycle,,,RHYME_C: Steady_Bullish_Growth,,,98355.05,44366.48,,crypto=0 equity=0; spy=0 crypto_cap=20.00% nyse_cap=16.42%; entry_gates=equity_session_closed; game_plan stress=False gate=False metal=$0.0; sleeve_pnl=NYSE +0.1%,,,,,
2026-07-09 20:15:29,cycle,,,RHYME_C: Steady_Bullish_Growth,,,98355.05,44366.48,,crypto=0 equity=0; spy=0 crypto_cap=20.00% nyse_cap=16.42%; entry_gates=equity_session_closed; game_plan stress=False gate=False metal=$0.0; sleeve_pnl=NYSE +0.1%,,,,,
2026-07-09 20:16:02,cycle,,,RHYME_C: Steady_Bullish_Growth,,,98355.05,44366.48,,crypto=0 equity=0; spy=0 crypto_cap=20.00% nyse_cap=16.42%; entry_gates=equity_session_closed; game_plan stress=False gate=False metal=$0.0; sleeve_pnl=NYSE +0.1%,,,,,
2026-07-09 20:18:37,cycle,,,RHYME_C: Steady_Bullish_Growth,,,98355.05,44366.48,,crypto=0 equity=0; spy=0 crypto_cap=20.00% nyse_cap=16.42%; entry_gates=equity_session_closed; game_plan stress=False gate=False metal=$0.0; sleeve_pnl=NYSE +0.1%,,,,,
2026-07-09 20:19:10,cycle,,,RHYME_C: Steady_Bullish_Growth,,,98355.05,44366.48,,crypto=0 equity=0; spy=0 crypto_cap=20.00% nyse_cap=16.42%; entry_gates=equity_session_closed; game_plan stress=False gate=False metal=$0.0; sleeve_pnl=NYSE +0.1%,,,,,
2026-07-09 20:21:48,cycle,,,RHYME_C: Steady_Bullish_Growth,,,98355.05,44366.48,,crypto=0 equity=0; spy=0 crypto_cap=20.00% nyse_cap=16.42%; entry_gates=equity_session_closed; game_plan stress=False gate=False metal=$0.0; sleeve_pnl=NYSE +0.1%,,,,,
2026-07-09 20:22:19,cycle,,,RHYME_C: Steady_Bullish_Growth,,,98355.05,44366.48,,crypto=0 equity=0; spy=0 crypto_cap=20.00% nyse_cap=16.42%; entry_gates=equity_session_closed; game_plan stress=False gate=False metal=$0.0; sleeve_pnl=NYSE +0.1%,,,,,
2026-07-09 20:25:04,cycle,,,RHYME_C: Steady_Bullish_Growth,,,98355.05,44366.48,,crypto=0 equity=0; spy=0 crypto_cap=20.00% nyse_cap=16.42%; entry_gates=equity_session_closed; game_plan stress=False gate=False metal=$0.0; sleeve_pnl=NYSE +0.1%,,,,,
2026-07-09 20:25:30,cycle,,,RHYME_C: Steady_Bullish_Growth,,,98355.05,44366.48,,crypto=0 equity=0; spy=0 crypto_cap=20.00% nyse_cap=16.42%; entry_gates=equity_session_closed; game_plan stress=False gate=False metal=$0.0; sleeve_pnl=NYSE +0.1%,,,,,
2026-07-09 20:28:27,cycle,,,RHYME_C: Steady_Bullish_Growth,,,98355.05,44366.48,,crypto=0 equity=0; spy=0 crypto_cap=20.00% nyse_cap=16.42%; entry_gates=equity_session_closed; game_plan stress=False gate=False metal=$0.0; sleeve_pnl=NYSE +0.1%,,,,,
2026-07-09 20:28:44,cycle,,,RHYME_C: Steady_Bullish_Growth,,,98355.05,44366.48,,crypto=0 equity=0; spy=0 crypto_cap=20.00% nyse_cap=16.42%; entry_gates=equity_session_closed; game_plan stress=False gate=False metal=$0.0; sleeve_pnl=NYSE +0.1%,,,,,
2026-07-09 20:31:39,cycle,,,RHYME_C: Steady_Bullish_Growth,,,98355.05,44366.48,,crypto=0 equity=0; spy=0 crypto_cap=20.00% nyse_cap=16.42%; entry_gates=equity_session_closed; game_plan stress=False gate=False metal=$0.0; sleeve_pnl=NYSE +0.1%,,,,,
2026-07-09 20:32:05,cycle,,,RHYME_C: Steady_Bullish_Growth,,,98355.05,44366.48,,crypto=0 equity=0; spy=0 crypto_cap=20.00% nyse_cap=16.42%; entry_gates=equity_session_closed; game_plan stress=False gate=False metal=$0.0; sleeve_pnl=NYSE +0.1%,,,,,
2026-07-09 20:35:02,cycle,,,RHYME_D: Range_Bound_Neutral,,,98355.05,44366.48,,crypto=0 equity=0; spy=0 crypto_cap=20.00% nyse_cap=16.42%; entry_gates=equity_session_closed; game_plan stress=False gate=False metal=$0.0; sleeve_pnl=NYSE +0.1%,,,,,
2026-07-09 20:35:31,cycle,,,RHYME_D: Range_Bound_Neutral,,,98355.05,44366.48,,crypto=0 equity=0; spy=0 crypto_cap=20.00% nyse_cap=16.42%; entry_gates=equity_session_closed; game_plan stress=False gate=False metal=$0.0; sleeve_pnl=NYSE +0.1%,,,,,
2026-07-09 20:38:41,cycle,,,RHYME_D: Range_Bound_Neutral,,,98350.73,44366.48,,crypto=0 equity=0; spy=0 crypto_cap=20.00% nyse_cap=16.42%; entry_gates=equity_session_closed; game_plan stress=False gate=False metal=$0.0; sleeve_pnl=NYSE +0.1%,,,,,
2026-07-09 20:39:04,cycle,,,RHYME_D: Range_Bound_Neutral,,,98350.73,44366.48,,crypto=0 equity=0; spy=0 crypto_cap=20.00% nyse_cap=16.42%; entry_gates=equity_session_closed; game_plan stress=False gate=False metal=$0.0; sleeve_pnl=NYSE +0.1%,,,,,
2026-07-09 20:42:18,cycle,,,RHYME_D: Range_Bound_Neutral,,,98349.3,44366.48,,crypto=0 equity=0; spy=0 crypto_cap=20.00% nyse_cap=16.42%; entry_gates=equity_session_closed; game_plan stress=False gate=False metal=$0.0; sleeve_pnl=NYSE +0.1%,,,,,
2026-07-09 20:42:46,cycle,,,RHYME_D: Range_Bound_Neutral,,,98349.3,44366.48,,crypto=0 equity=0; spy=0 crypto_cap=20.00% nyse_cap=16.42%; entry_gates=equity_session_closed; game_plan stress=False gate=False metal=$0.0; sleeve_pnl=NYSE +0.1%,,,,,
2026-07-09 20:45:47,cycle,,,RHYME_D: Range_Bound_Neutral,,,98344.99,44366.48,,crypto=0 equity=0; spy=0 crypto_cap=20.00% nyse_cap=16.42%; entry_gates=equity_session_closed; game_plan stress=False gate=False metal=$0.0; sleeve_pnl=NYSE +0.1%,,,,,
2026-07-09 20:46:20,cycle,,,RHYME_D: Range_Bound_Neutral,,,98344.99,44366.48,,crypto=0 equity=0; spy=0 crypto_cap=20.00% nyse_cap=16.42%; entry_gates=equity_session_closed; game_plan stress=False gate=False metal=$0.0; sleeve_pnl=NYSE +0.1%,,,,,
2026-07-09 20:49:21,cycle,,,RHYME_D: Range_Bound_Neutral,,,98347.86,44366.48,,crypto=0 equity=0; spy=0 crypto_cap=20.00% nyse_cap=16.42%; entry_gates=equity_session_closed; game_plan stress=False gate=False metal=$0.0; sleeve_pnl=NYSE +0.1%,,,,,
2026-07-09 20:49:56,cycle,,,RHYME_D: Range_Bound_Neutral,,,98340.67,44366.48,,crypto=0 equity=0; spy=0 crypto_cap=20.00% nyse_cap=16.42%; entry_gates=equity_session_closed; game_plan stress=False gate=False metal=$0.0; sleeve_pnl=NYSE +0.1%,,,,,
2026-07-09 20:52:54,cycle,,,RHYME_D: Range_Bound_Neutral,,,98340.67,44366.48,,crypto=0 equity=0; spy=0 crypto_cap=20.00% nyse_cap=16.42%; entry_gates=equity_session_closed; game_plan stress=False gate=False metal=$0.0; sleeve_pnl=NYSE +0.1%,,,,,
2026-07-09 20:53:21,cycle,,,RHYME_D: Range_Bound_Neutral,,,98340.67,44366.48,,crypto=0 equity=0; spy=0 crypto_cap=20.00% nyse_cap=16.42%; entry_gates=equity_session_closed; game_plan stress=False gate=False metal=$0.0; sleeve_pnl=NYSE +0.1%,,,,,
2026-07-09 20:56:18,cycle,,,RHYME_D: Range_Bound_Neutral,,,98340.67,44366.48,,crypto=0 equity=0; spy=0 crypto_cap=20.00% nyse_cap=16.42%; entry_gates=equity_session_closed; game_plan stress=False gate=False metal=$0.0; sleeve_pnl=NYSE +0.1%,,,,,
2026-07-09 20:56:50,cycle,,,RHYME_D: Range_Bound_Neutral,,,98340.67,44366.48,,crypto=0 equity=0; spy=0 crypto_cap=20.00% nyse_cap=16.42%; entry_gates=equity_session_closed; game_plan stress=False gate=False metal=$0.0; sleeve_pnl=NYSE +0.1%,,,,,
2026-07-09 21:00:07,cycle,,,RHYME_D: Range_Bound_Neutral,,,98340.67,44366.48,,crypto=0 equity=0; spy=0 crypto_cap=20.00% nyse_cap=16.42%; entry_gates=equity_session_closed; game_plan stress=False gate=False metal=$0.0; sleeve_pnl=NYSE +0.1%,,,,,
2026-07-09 21:00:31,cycle,,,RHYME_D: Range_Bound_Neutral,,,98340.67,44366.48,,crypto=0 equity=0; spy=0 crypto_cap=20.00% nyse_cap=16.42%; entry_gates=equity_session_closed; game_plan stress=False gate=False metal=$0.0; sleeve_pnl=NYSE +0.1%,,,,,
2026-07-09 21:03:57,cycle,,,RHYME_D: Range_Bound_Neutral,,,98340.67,44366.48,,crypto=0 equity=0; spy=0 crypto_cap=20.00% nyse_cap=16.42%; entry_gates=equity_session_closed; game_plan stress=False gate=False metal=$0.0; sleeve_pnl=NYSE +0.1%,,,,,
2026-07-09 21:04:42,cycle,,,RHYME_D: Range_Bound_Neutral,,,98340.67,44366.48,,crypto=0 equity=0; spy=0 crypto_cap=20.00% nyse_cap=16.42%; entry_gates=equity_session_closed; game_plan stress=False gate=False metal=$0.0; sleeve_pnl=NYSE +0.1%,,,,,
2026-07-09 21:07:28,cycle,,,RHYME_D: Range_Bound_Neutral,,,98340.67,44366.48,,crypto=0 equity=0; spy=0 crypto_cap=20.00% nyse_cap=16.42%; entry_gates=equity_session_closed; game_plan stress=False gate=False metal=$0.0; sleeve_pnl=NYSE +0.1%,,,,,
2026-07-09 21:08:12,cycle,,,RHYME_D: Range_Bound_Neutral,,,98340.67,44366.48,,crypto=0 equity=0; spy=0 crypto_cap=20.00% nyse_cap=16.42%; entry_gates=equity_session_closed; game_plan stress=False gate=False metal=$0.0; sleeve_pnl=NYSE +0.1%,,,,,
2026-07-09 21:10:52,cycle,,,RHYME_D: Range_Bound_Neutral,,,98350.73,44366.48,,crypto=0 equity=0; spy=0 crypto_cap=20.00% nyse_cap=16.42%; entry_gates=equity_session_closed; game_plan stress=False gate=False metal=$0.0; sleeve_pnl=NYSE +0.1%,,,,,
2026-07-09 21:11:38,cycle,,,RHYME_D: Range_Bound_Neutral,,,98350.73,44366.48,,crypto=0 equity=0; spy=0 crypto_cap=20.00% nyse_cap=16.42%; entry_gates=equity_session_closed; game_plan stress=False gate=False metal=$0.0; sleeve_pnl=NYSE +0.1%,,,,,
2026-07-09 21:14:15,cycle,,,RHYME_D: Range_Bound_Neutral,,,98342.11,44366.48,,crypto=0 equity=0; spy=0 crypto_cap=20.00% nyse_cap=16.42%; entry_gates=equity_session_closed; game_plan stress=False gate=False metal=$0.0; sleeve_pnl=NYSE +0.1%,,,,,
2026-07-09 21:15:04,cycle,,,RHYME_D: Range_Bound_Neutral,,,98342.11,44366.48,,crypto=0 equity=0; spy=0 crypto_cap=20.00% nyse_cap=16.42%; entry_gates=equity_session_closed; game_plan stress=False gate=False metal=$0.0; sleeve_pnl=NYSE +0.1%,,,,,
2026-07-09 21:20:20,startup,,,,,,,,,run_all.py started,,,,,
2026-07-09 21:20:22,startup,,,,,,,,,run_all.py started,,,,,
2026-07-09 21:20:44,cycle,,,RHYME_C: Steady_Bullish_Growth,,,98342.11,44366.48,,crypto=0 equity=0; spy=0 crypto_cap=20.00% nyse_cap=16.42%; entry_gates=equity_session_closed; game_plan stress=False gate=False metal=$0.0; sleeve_pnl=NYSE +0.1%,,,,,
2026-07-09 21:20:47,cycle,,,RHYME_C: Steady_Bullish_Growth,,,98342.11,44366.48,,crypto=0 equity=0; spy=0 crypto_cap=20.00% nyse_cap=16.42%; entry_gates=equity_session_closed; game_plan stress=False gate=False metal=$0.0; sleeve_pnl=NYSE +0.1%,,,,,
2026-07-09 21:24:15,cycle,,,RHYME_C: Steady_Bullish_Growth,,,98344.99,44366.48,,crypto=0 equity=0; spy=0 crypto_cap=20.00% nyse_cap=16.42%; entry_gates=equity_session_closed; game_plan stress=False gate=False metal=$0.0; sleeve_pnl=NYSE +0.1%,,,,,
2026-07-09 21:24:19,cycle,,,RHYME_C: Steady_Bullish_Growth,,,98344.99,44366.48,,crypto=0 equity=0; spy=0 crypto_cap=20.00% nyse_cap=16.42%; entry_gates=equity_session_closed; game_plan stress=False gate=False metal=$0.0; sleeve_pnl=NYSE +0.1%,,,,,
2026-07-09 21:27:53,cycle,,,RHYME_C: Steady_Bullish_Growth,,,98344.99,44366.48,,crypto=0 equity=0; spy=0 crypto_cap=20.00% nyse_cap=16.42%; entry_gates=equity_session_closed; game_plan stress=False gate=False metal=$0.0; sleeve_pnl=NYSE +0.1%,,,,,
2026-07-09 21:28:01,cycle,,,RHYME_C: Steady_Bullish_Growth,,,98344.99,44366.48,,crypto=0 equity=0; spy=0 crypto_cap=20.00% nyse_cap=16.42%; entry_gates=equity_session_closed; game_plan stress=False gate=False metal=$0.0; sleeve_pnl=NYSE +0.1%,,,,,
2026-07-09 21:31:24,cycle,,,RHYME_C: Steady_Bullish_Growth,,,98344.99,44366.48,,crypto=0 equity=0; spy=0 crypto_cap=20.00% nyse_cap=16.42%; entry_gates=equity_session_closed; game_plan stress=False gate=False metal=$0.0; sleeve_pnl=NYSE +0.1%,,,,,
2026-07-09 21:31:36,cycle,,,RHYME_C: Steady_Bullish_Growth,,,98344.99,44366.48,,crypto=0 equity=0; spy=0 crypto_cap=20.00% nyse_cap=16.42%; entry_gates=equity_session_closed; game_plan stress=False gate=False metal=$0.0; sleeve_pnl=NYSE +0.1%,,,,,
2026-07-09 21:34:50,cycle,,,RHYME_C: Steady_Bullish_Growth,,,98344.99,44366.48,,crypto=0 equity=0; spy=0 crypto_cap=20.00% nyse_cap=16.42%; entry_gates=equity_session_closed; game_plan stress=False gate=False metal=$0.0; sleeve_pnl=NYSE +0.1%,,,,,
2026-07-09 21:35:05,cycle,,,RHYME_C: Steady_Bullish_Growth,,,98344.99,44366.48,,crypto=0 equity=0; spy=0 crypto_cap=20.00% nyse_cap=16.42%; entry_gates=equity_session_closed; game_plan stress=False gate=False metal=$0.0; sleeve_pnl=NYSE +0.1%,,,,,
2026-07-09 21:38:13,cycle,,,RHYME_C: Steady_Bullish_Growth,,,98344.99,44366.48,,crypto=0 equity=0; spy=0 crypto_cap=20.00% nyse_cap=16.42%; entry_gates=equity_session_closed; game_plan stress=False gate=False metal=$0.0; sleeve_pnl=NYSE +0.1%,,,,,
2026-07-09 21:38:31,cycle,,,RHYME_C: Steady_Bullish_Growth,,,98344.99,44366.48,,crypto=0 equity=0; spy=0 crypto_cap=20.00% nyse_cap=16.42%; entry_gates=equity_session_closed; game_plan stress=False gate=False metal=$0.0; sleeve_pnl=NYSE +0.1%,,,,,
2026-07-09 21:41:42,cycle,,,RHYME_C: Steady_Bullish_Growth,,,98344.99,44366.48,,crypto=0 equity=0; spy=0 crypto_cap=20.00% nyse_cap=16.42%; entry_gates=equity_session_closed; game_plan stress=False gate=False metal=$0.0; sleeve_pnl=NYSE +0.1%,,,,,
2026-07-09 21:42:05,cycle,,,RHYME_C: Steady_Bullish_Growth,,,98344.99,44366.48,,crypto=0 equity=0; spy=0 crypto_cap=20.00% nyse_cap=16.42%; entry_gates=equity_session_closed; game_plan stress=False gate=False metal=$0.0; sleeve_pnl=NYSE +0.1%,,,,,
2026-07-09 21:45:10,cycle,,,RHYME_C: Steady_Bullish_Growth,,,98344.99,44366.48,,crypto=0 equity=0; spy=0 crypto_cap=20.00% nyse_cap=16.42%; entry_gates=equity_session_closed; game_plan stress=False gate=False metal=$0.0; sleeve_pnl=NYSE +0.1%,,,,,
2026-07-09 21:45:38,cycle,,,RHYME_C: Steady_Bullish_Growth,,,98344.99,44366.48,,crypto=0 equity=0; spy=0 crypto_cap=20.00% nyse_cap=16.42%; entry_gates=equity_session_closed; game_plan stress=False gate=False metal=$0.0; sleeve_pnl=NYSE +0.1%,,,,,
2026-07-09 21:48:40,cycle,,,RHYME_C: Steady_Bullish_Growth,,,98344.99,44366.48,,crypto=0 equity=0; spy=0 crypto_cap=20.00% nyse_cap=16.42%; entry_gates=equity_session_closed; game_plan stress=False gate=False metal=$0.0; sleeve_pnl=NYSE +0.1%,,,,,
2026-07-09 21:49:05,cycle,,,RHYME_C: Steady_Bullish_Growth,,,98344.99,44366.48,,crypto=0 equity=0; spy=0 crypto_cap=20.00% nyse_cap=16.42%; entry_gates=equity_session_closed; game_plan stress=False gate=False metal=$0.0; sleeve_pnl=NYSE +0.1%,,,,,
2026-07-09 21:52:07,cycle,,,RHYME_C: Steady_Bullish_Growth,,,98344.99,44366.48,,crypto=0 equity=0; spy=0 crypto_cap=20.00% nyse_cap=16.42%; entry_gates=equity_session_closed; game_plan stress=False gate=False metal=$0.0; sleeve_pnl=NYSE +0.1%,,,,,
2026-07-09 21:52:36,cycle,,,RHYME_C: Steady_Bullish_Growth,,,98344.99,44366.48,,crypto=0 equity=0; spy=0 crypto_cap=20.00% nyse_cap=16.42%; entry_gates=equity_session_closed; game_plan stress=False gate=False metal=$0.0; sleeve_pnl=NYSE +0.1%,,,,,
2026-07-09 21:55:32,cycle,,,RHYME_C: Steady_Bullish_Growth,,,98344.99,44366.48,,crypto=0 equity=0; spy=0 crypto_cap=20.00% nyse_cap=16.42%; entry_gates=equity_session_closed; game_plan stress=False gate=False metal=$0.0; sleeve_pnl=NYSE +0.1%,,,,,
2026-07-09 21:56:09,cycle,,,RHYME_C: Steady_Bullish_Growth,,,98344.99,44366.48,,crypto=0 equity=0; spy=0 crypto_cap=20.00% nyse_cap=16.42%; entry_gates=equity_session_closed; game_plan stress=False gate=False metal=$0.0; sleeve_pnl=NYSE +0.1%,,,,,
2026-07-09 21:58:58,cycle,,,RHYME_C: Steady_Bullish_Growth,,,98350.73,44366.48,,crypto=0 equity=0; spy=0 crypto_cap=20.00% nyse_cap=16.42%; entry_gates=equity_session_closed; game_plan stress=False gate=False metal=$0.0; sleeve_pnl=NYSE +0.1%,,,,,
2026-07-09 21:59:34,cycle,,,RHYME_C: Steady_Bullish_Growth,,,98350.73,44366.48,,crypto=0 equity=0; spy=0 crypto_cap=20.00% nyse_cap=16.42%; entry_gates=equity_session_closed; game_plan stress=False gate=False metal=$0.0; sleeve_pnl=NYSE +0.1%,,,,,
2026-07-09 22:02:28,cycle,,,RHYME_C: Steady_Bullish_Growth,,,98350.73,44366.48,,crypto=0 equity=0; spy=0 crypto_cap=20.00% nyse_cap=16.42%; entry_gates=equity_session_closed; game_plan stress=False gate=False metal=$0.0; sleeve_pnl=NYSE +0.1%,,,,,
2026-07-09 22:03:02,cycle,,,RHYME_C: Steady_Bullish_Growth,,,98350.73,44366.48,,crypto=0 equity=0; spy=0 crypto_cap=20.00% nyse_cap=16.42%; entry_gates=equity_session_closed; game_plan stress=False gate=False metal=$0.0; sleeve_pnl=NYSE +0.1%,,,,,
2026-07-09 22:08:58,startup,,,,,,,,,run_all.py started,,,,,
2026-07-09 22:09:10,startup,,,,,,,,,run_all.py started,,,,,
2026-07-09 22:09:11,cycle,,,RHYME_C: Steady_Bullish_Growth,,,98350.73,44366.48,,crypto=0 equity=0; spy=0 crypto_cap=20.00% nyse_cap=16.42%; entry_gates=equity_session_closed; game_plan stress=False gate=False metal=$0.0; sleeve_pnl=NYSE +0.1%,,,,,
2026-07-09 22:09:21,cycle,,,RHYME_C: Steady_Bullish_Growth,,,98350.73,44366.48,,crypto=0 equity=0; spy=0 crypto_cap=20.00% nyse_cap=16.42%; entry_gates=equity_session_closed; game_plan stress=False gate=False metal=$0.0; sleeve_pnl=NYSE +0.1%,,,,,
2026-07-09 22:12:29,cycle,,,RHYME_C: Steady_Bullish_Growth,,,98350.73,44366.48,,crypto=0 equity=0; spy=0 crypto_cap=20.00% nyse_cap=16.42%; entry_gates=equity_session_closed; game_plan stress=False gate=False metal=$0.0; sleeve_pnl=NYSE +0.1%,,,,,
2026-07-09 22:12:37,cycle,,,RHYME_C: Steady_Bullish_Growth,,,98350.73,44366.48,,crypto=0 equity=0; spy=0 crypto_cap=20.00% nyse_cap=16.42%; entry_gates=equity_session_closed; game_plan stress=False gate=False metal=$0.0; sleeve_pnl=NYSE +0.1%,,,,,
2026-07-09 22:15:40,cycle,,,RHYME_C: Steady_Bullish_Growth,,,98350.73,44366.48,,crypto=0 equity=0; spy=0 crypto_cap=20.00% nyse_cap=16.42%; entry_gates=equity_session_closed; game_plan stress=False gate=False metal=$0.0; sleeve_pnl=NYSE +0.1%,,,,,
2026-07-09 22:15:50,cycle,,,RHYME_C: Steady_Bullish_Growth,,,98350.73,44366.48,,crypto=0 equity=0; spy=0 crypto_cap=20.00% nyse_cap=16.42%; entry_gates=equity_session_closed; game_plan stress=False gate=False metal=$0.0; sleeve_pnl=NYSE +0.1%,,,,,
2026-07-09 22:18:53,cycle,,,RHYME_C: Steady_Bullish_Growth,,,98350.73,44366.48,,crypto=0 equity=0; spy=0 crypto_cap=20.00% nyse_cap=16.42%; entry_gates=equity_session_closed; game_plan stress=False gate=False metal=$0.0; sleeve_pnl=NYSE +0.1%,,,,,
2026-07-09 22:19:00,cycle,,,RHYME_C: Steady_Bullish_Growth,,,98350.73,44366.48,,crypto=0 equity=0; spy=0 crypto_cap=20.00% nyse_cap=16.42%; entry_gates=equity_session_closed; game_plan stress=False gate=False metal=$0.0; sleeve_pnl=NYSE +0.1%,,,,,
2026-07-09 22:22:04,cycle,,,RHYME_C: Steady_Bullish_Growth,,,98350.73,44366.48,,crypto=0 equity=0; spy=0 crypto_cap=20.00% nyse_cap=16.42%; entry_gates=equity_session_closed; game_plan stress=False gate=False metal=$0.0; sleeve_pnl=NYSE +0.1%,,,,,
2026-07-09 22:22:14,cycle,,,RHYME_C: Steady_Bullish_Growth,,,98350.73,44366.48,,crypto=0 equity=0; spy=0 crypto_cap=20.00% nyse_cap=16.42%; entry_gates=equity_session_closed; game_plan stress=False gate=False metal=$0.0; sleeve_pnl=NYSE +0.1%,,,,,
2026-07-09 22:25:15,cycle,,,RHYME_C: Steady_Bullish_Growth,,,98350.73,44366.48,,crypto=0 equity=0; spy=0 crypto_cap=20.00% nyse_cap=16.42%; entry_gates=equity_session_closed; game_plan stress=False gate=False metal=$0.0; sleeve_pnl=NYSE +0.1%,,,,,
2026-07-09 22:25:25,cycle,,,RHYME_C: Steady_Bullish_Growth,,,98350.73,44366.48,,crypto=0 equity=0; spy=0 crypto_cap=20.00% nyse_cap=16.42%; entry_gates=equity_session_closed; game_plan stress=False gate=False metal=$0.0; sleeve_pnl=NYSE +0.1%,,,,,
2026-07-09 22:28:26,cycle,,,RHYME_C: Steady_Bullish_Growth,,,98350.73,44366.48,,crypto=0 equity=0; spy=0 crypto_cap=20.00% nyse_cap=16.42%; entry_gates=equity_session_closed; game_plan stress=False gate=False metal=$0.0; sleeve_pnl=NYSE +0.1%,,,,,
2026-07-09 22:28:38,cycle,,,RHYME_C: Steady_Bullish_Growth,,,98350.73,44366.48,,crypto=0 equity=0; spy=0 crypto_cap=20.00% nyse_cap=16.42%; entry_gates=equity_session_closed; game_plan stress=False gate=False metal=$0.0; sleeve_pnl=NYSE +0.1%,,,,,
2026-07-09 22:31:36,cycle,,,RHYME_C: Steady_Bullish_Growth,,,98350.73,44366.48,,crypto=0 equity=0; spy=0 crypto_cap=20.00% nyse_cap=16.42%; entry_gates=equity_session_closed; game_plan stress=False gate=False metal=$0.0; sleeve_pnl=NYSE +0.1%,,,,,
2026-07-09 22:31:48,cycle,,,RHYME_C: Steady_Bullish_Growth,,,98350.73,44366.48,,crypto=0 equity=0; spy=0 crypto_cap=20.00% nyse_cap=16.42%; entry_gates=equity_session_closed; game_plan stress=False gate=False metal=$0.0; sleeve_pnl=NYSE +0.1%,,,,,
2026-07-09 22:34:48,cycle,,,RHYME_C: Steady_Bullish_Growth,,,98350.73,44366.48,,crypto=0 equity=0; spy=0 crypto_cap=20.00% nyse_cap=16.42%; entry_gates=equity_session_closed; game_plan stress=False gate=False metal=$0.0; sleeve_pnl=NYSE +0.1%,,,,,
2026-07-09 22:35:03,cycle,,,RHYME_C: Steady_Bullish_Growth,,,98350.73,44366.48,,crypto=0 equity=0; spy=0 crypto_cap=20.00% nyse_cap=16.42%; entry_gates=equity_session_closed; game_plan stress=False gate=False metal=$0.0; sleeve_pnl=NYSE +0.1%,,,,,
2026-07-09 22:37:58,cycle,,,RHYME_C: Steady_Bullish_Growth,,,98350.73,44366.48,,crypto=0 equity=0; spy=0 crypto_cap=20.00% nyse_cap=16.42%; entry_gates=equity_session_closed; game_plan stress=False gate=False metal=$0.0; sleeve_pnl=NYSE +0.1%,,,,,
2026-07-09 22:38:13,cycle,,,RHYME_C: Steady_Bullish_Growth,,,98350.73,44366.48,,crypto=0 equity=0; spy=0 crypto_cap=20.00% nyse_cap=16.42%; entry_gates=equity_session_closed; game_plan stress=False gate=False metal=$0.0; sleeve_pnl=NYSE +0.1%,,,,,
2026-07-09 22:41:09,cycle,,,RHYME_C: Steady_Bullish_Growth,,,98350.73,44366.48,,crypto=0 equity=0; spy=0 crypto_cap=20.00% nyse_cap=16.42%; entry_gates=equity_session_closed; game_plan stress=False gate=False metal=$0.0; sleeve_pnl=NYSE +0.1%,,,,,
2026-07-09 22:41:23,cycle,,,RHYME_C: Steady_Bullish_Growth,,,98350.73,44366.48,,crypto=0 equity=0; spy=0 crypto_cap=20.00% nyse_cap=16.42%; entry_gates=equity_session_closed; game_plan stress=False gate=False metal=$0.0; sleeve_pnl=NYSE +0.1%,,,,,
2026-07-09 22:44:15,cycle,,,RHYME_C: Steady_Bullish_Growth,,,98350.73,44366.48,,crypto=0 equity=0; spy=0 crypto_cap=20.00% nyse_cap=16.42%; entry_gates=equity_session_closed; game_plan stress=False gate=False metal=$0.0; sleeve_pnl=NYSE +0.1%,,,,,
2026-07-09 22:44:30,cycle,,,RHYME_C: Steady_Bullish_Growth,,,98350.73,44366.48,,crypto=0 equity=0; spy=0 crypto_cap=20.00% nyse_cap=16.42%; entry_gates=equity_session_closed; game_plan stress=False gate=False metal=$0.0; sleeve_pnl=NYSE +0.1%,,,,,
2026-07-09 22:47:22,cycle,,,RHYME_C: Steady_Bullish_Growth,,,98350.73,44366.48,,crypto=0 equity=0; spy=0 crypto_cap=20.00% nyse_cap=16.42%; entry_gates=equity_session_closed; game_plan stress=False gate=False metal=$0.0; sleeve_pnl=NYSE +0.1%,,,,,
2026-07-09 22:47:39,cycle,,,RHYME_C: Steady_Bullish_Growth,,,98350.73,44366.48,,crypto=0 equity=0; spy=0 crypto_cap=20.00% nyse_cap=16.42%; entry_gates=equity_session_closed; game_plan stress=False gate=False metal=$0.0; sleeve_pnl=NYSE +0.1%,,,,,
2026-07-09 22:50:29,cycle,,,RHYME_C: Steady_Bullish_Growth,,,98350.73,44366.48,,crypto=0 equity=0; spy=0 crypto_cap=20.00% nyse_cap=16.42%; entry_gates=equity_session_closed; game_plan stress=False gate=False metal=$0.0; sleeve_pnl=NYSE +0.1%,,,,,
2026-07-09 22:50:46,cycle,,,RHYME_C: Steady_Bullish_Growth,,,98350.73,44366.48,,crypto=0 equity=0; spy=0 crypto_cap=20.00% nyse_cap=16.42%; entry_gates=equity_session_closed; game_plan stress=False gate=False metal=$0.0; sleeve_pnl=NYSE +0.1%,,,,,
2026-07-09 22:53:37,cycle,,,RHYME_C: Steady_Bullish_Growth,,,98350.73,44366.48,,crypto=0 equity=0; spy=0 crypto_cap=20.00% nyse_cap=16.42%; entry_gates=equity_session_closed; game_plan stress=False gate=False metal=$0.0; sleeve_pnl=NYSE +0.1%,,,,,
2026-07-09 22:53:56,cycle,,,RHYME_C: Steady_Bullish_Growth,,,98350.73,44366.48,,crypto=0 equity=0; spy=0 crypto_cap=20.00% nyse_cap=16.42%; entry_gates=equity_session_closed; game_plan stress=False gate=False metal=$0.0; sleeve_pnl=NYSE +0.1%,,,,,
2026-07-09 22:56:48,cycle,,,RHYME_C: Steady_Bullish_Growth,,,98350.73,44366.48,,crypto=0 equity=0; spy=0 crypto_cap=20.00% nyse_cap=16.42%; entry_gates=equity_session_closed; game_plan stress=False gate=False metal=$0.0; sleeve_pnl=NYSE +0.1%,,,,,
2026-07-09 22:57:05,cycle,,,RHYME_C: Steady_Bullish_Growth,,,98350.73,44366.48,,crypto=0 equity=0; spy=0 crypto_cap=20.00% nyse_cap=16.42%; entry_gates=equity_session_closed; game_plan stress=False gate=False metal=$0.0; sleeve_pnl=NYSE +0.1%,,,,,
2026-07-09 23:00:04,cycle,,,RHYME_C: Steady_Bullish_Growth,,,98350.73,44366.48,,crypto=0 equity=0; spy=0 crypto_cap=20.00% nyse_cap=16.42%; entry_gates=equity_session_closed; game_plan stress=False gate=False metal=$0.0; sleeve_pnl=NYSE +0.1%,,,,,
2026-07-09 23:00:22,cycle,,,RHYME_C: Steady_Bullish_Growth,,,98350.73,44366.48,,crypto=0 equity=0; spy=0 crypto_cap=20.00% nyse_cap=16.42%; entry_gates=equity_session_closed; game_plan stress=False gate=False metal=$0.0; sleeve_pnl=NYSE +0.1%,,,,,
2026-07-10 11:30:00,startup,,,,,,,,,run_all.py started,,,,,
2026-07-10 11:30:30,cycle,,,RHYME_C: Steady_Bullish_Growth,,,98420.46,44338.85,,crypto=0 equity=0; spy=0 crypto_cap=20.00% nyse_cap=22.00%; entry_gates=yield_gated; game_plan stress=True gate=True metal=$7882.98; sleeve_pnl=NYSE +0.4%,,,,,
2026-07-10 11:31:51,cycle,,,RHYME_C: Steady_Bullish_Growth,,,98427.64,44338.85,,crypto=0 equity=0; spy=0 crypto_cap=20.00% nyse_cap=22.00%; entry_gates=yield_gated; game_plan stress=True gate=True metal=$3940.24; sleeve_pnl=NYSE +0.4%,,,,,
2026-07-10 11:33:01,cycle,,,RHYME_C: Steady_Bullish_Growth,,,98432.57,48281.17,,crypto=0 equity=0; spy=0 crypto_cap=20.00% nyse_cap=22.00%; entry_gates=yield_gated; game_plan stress=True gate=True metal=$3940.24; sleeve_pnl=NYSE +0.4%,,,,,
2026-07-10 11:34:03,cycle,,,RHYME_C: Steady_Bullish_Growth,,,98435.29,48281.17,,crypto=0 equity=0; spy=0 crypto_cap=20.00% nyse_cap=22.00%; entry_gates=yield_gated; game_plan stress=True gate=True metal=$3939.72; sleeve_pnl=NYSE +0.4%,,,,,
2026-07-10 11:35:08,cycle,,,RHYME_C: Steady_Bullish_Growth,,,98434.56,48281.17,,crypto=0 equity=0; spy=0 crypto_cap=20.00% nyse_cap=22.00%; entry_gates=yield_gated; game_plan stress=True gate=True metal=$3938.99; sleeve_pnl=NYSE +0.4%,,,,,
2026-07-10 11:36:06,cycle,,,RHYME_C: Steady_Bullish_Growth,,,98436.27,48281.17,,crypto=0 equity=0; spy=0 crypto_cap=20.00% nyse_cap=22.00%; entry_gates=yield_gated; game_plan stress=True gate=True metal=$3939.61; sleeve_pnl=NYSE +0.4%,,,,,
2026-07-10 11:37:04,cycle,,,RHYME_C: Steady_Bullish_Growth,,,98427.64,48281.17,,crypto=0 equity=0; spy=0 crypto_cap=20.00% nyse_cap=22.00%; entry_gates=yield_gated; game_plan stress=True gate=True metal=$3939.09; sleeve_pnl=NYSE +0.4%,,,,,
2026-07-10 11:38:05,cycle,,,RHYME_C: Steady_Bullish_Growth,,,98409.4,48281.17,,crypto=0 equity=0; spy=0 crypto_cap=20.00% nyse_cap=22.00%; entry_gates=yield_gated; game_plan stress=True gate=True metal=$3938.68; sleeve_pnl=NYSE +0.4%,,,,,
2026-07-10 11:39:07,cycle,,,RHYME_C: Steady_Bullish_Growth,,,98415.84,48281.17,,crypto=0 equity=0; spy=0 crypto_cap=20.00% nyse_cap=22.00%; entry_gates=yield_gated; game_plan stress=True gate=True metal=$3939.72; sleeve_pnl=NYSE +0.4%,,,,,
2026-07-10 11:42:43,startup,,,,,,,,,run_all.py started,,,,,
2026-07-10 11:43:09,cycle,,,RHYME_C: Steady_Bullish_Growth,,,98433.2,48281.17,,crypto=0 equity=0; spy=0 crypto_cap=20.00% nyse_cap=22.00%; entry_gates=yield_gated; game_plan stress=True gate=True metal=$3937.63; sleeve_pnl=NYSE +0.4%,,,,,
2026-07-10 11:44:13,cycle,,,RHYME_C: Steady_Bullish_Growth,,,98437.63,48281.17,,crypto=0 equity=0; spy=0 crypto_cap=20.00% nyse_cap=22.00%; entry_gates=yield_gated; game_plan stress=True gate=True metal=$3937.74; sleeve_pnl=NYSE +0.5%,,,,,
2026-07-10 11:45:16,cycle,,,RHYME_C: Steady_Bullish_Growth,,,98437.49,48281.17,,crypto=0 equity=0; spy=0 crypto_cap=20.00% nyse_cap=22.00%; entry_gates=yield_gated; game_plan stress=True gate=True metal=$3935.44; sleeve_pnl=NYSE +0.5%,,,,,
2026-07-10 11:46:18,cycle,,,RHYME_C: Steady_Bullish_Growth,,,98447.83,48281.17,,crypto=0 equity=0; spy=0 crypto_cap=20.00% nyse_cap=22.00%; entry_gates=yield_gated; game_plan stress=True gate=True metal=$3934.97; sleeve_pnl=NYSE +0.5%,,,,,
2026-07-10 11:47:28,cycle,,,RHYME_C: Steady_Bullish_Growth,,,98446.69,48281.17,,crypto=0 equity=0; spy=0 crypto_cap=20.00% nyse_cap=22.00%; entry_gates=yield_gated; game_plan stress=True gate=True metal=$3934.92; sleeve_pnl=NYSE +0.5%,,,,,
2026-07-10 11:48:34,exit_error,GLD,,,,,,,,"{""available"":""10.439660347"",""code"":40310000,""existing_qty"":""10.439660347"",""held_for_orders"":""0"",""message"":""insufficient qty available for order (requested: 10.43992464, available: 10.439660347)"",""symbol"":""GLD""}",,,,,
2026-07-10 11:48:34,cycle,,,RHYME_C: Steady_Bullish_Growth,,,98447.25,48281.17,,crypto=0 equity=0; spy=0 crypto_cap=20.00% nyse_cap=22.00%; entry_gates=yield_gated; game_plan stress=True gate=True metal=$3934.39; sleeve_pnl=NYSE +0.5%,,,,,
2026-07-10 11:50:50,startup,,,,,,,,,run_all.py started,,,,,
2026-07-10 11:51:20,cycle,,,RHYME_C: Steady_Bullish_Growth,,,98453.72,48281.17,,crypto=0 equity=0; spy=0 crypto_cap=20.00% nyse_cap=22.00%; entry_gates=yield_gated; game_plan stress=True gate=True metal=$3934.92; sleeve_pnl=NYSE +0.5%,,,,,
2026-07-10 11:52:27,cycle,,,RHYME_C: Steady_Bullish_Growth,,,98454.26,48281.17,,crypto=0 equity=0; spy=0 crypto_cap=20.00% nyse_cap=22.00%; entry_gates=yield_gated; game_plan stress=True gate=True metal=$3934.92; sleeve_pnl=NYSE +0.5%,,,,,
2026-07-10 11:53:39,cycle,,,RHYME_C: Steady_Bullish_Growth,,,98445.69,48281.17,,crypto=0 equity=0; spy=0 crypto_cap=20.00% nyse_cap=22.00%; entry_gates=yield_gated; game_plan stress=True gate=True metal=$0.11; sleeve_pnl=NYSE +0.5%,,,,,
2026-07-10 11:54:48,cycle,,,RHYME_C: Steady_Bullish_Growth,,,98444.71,52213.99,,crypto=0 equity=0; spy=0 crypto_cap=20.00% nyse_cap=22.00%; entry_gates=yield_gated; game_plan stress=True gate=True metal=$0.0; sleeve_pnl=NYSE +0.5%,,,,,
2026-07-10 11:56:46,startup,,,,,,,,,run_all.py started,,,,,
2026-07-10 11:57:42,startup,,,,,,,,,run_all.py started,,,,,
2026-07-10 11:58:09,cycle,,,RHYME_C: Steady_Bullish_Growth,,,98452.28,52214.1,,crypto=0 equity=0; spy=0 crypto_cap=20.00% nyse_cap=22.00%; entry_gates=yield_gated; game_plan stress=True gate=True metal=$0.0; sleeve_pnl=NYSE +0.5%,,,,,
2026-07-10 11:59:06,cycle,,,RHYME_C: Steady_Bullish_Growth,,,98458.75,52214.1,,crypto=0 equity=0; spy=0 crypto_cap=20.00% nyse_cap=22.00%; entry_gates=yield_gated; game_plan stress=True gate=True metal=$0.0; sleeve_pnl=NYSE +0.5%,,,,,
2026-07-10 12:00:09,cycle,,,RHYME_C: Steady_Bullish_Growth,,,98458.73,52214.1,,crypto=0 equity=0; spy=0 crypto_cap=20.00% nyse_cap=22.00%; entry_gates=yield_gated; game_plan stress=True gate=True metal=$0.0; sleeve_pnl=NYSE +0.5%,,,,,
2026-07-10 12:01:10,cycle,,,RHYME_C: Steady_Bullish_Growth,,,98453.34,52214.1,,crypto=0 equity=0; spy=0 crypto_cap=20.00% nyse_cap=22.00%; entry_gates=yield_gated; game_plan stress=True gate=True metal=$0.0; sleeve_pnl=NYSE +0.5%,,,,,
2026-07-10 12:02:28,startup,,,,,,,,,run_all.py started,,,,,
2026-07-10 12:03:49,startup,,,,,,,,,run_all.py started,,,,,
2026-07-10 12:04:13,cycle,,,RHYME_C: Steady_Bullish_Growth,,,98440.39,52214.1,,crypto=0 equity=0; spy=0 crypto_cap=20.00% nyse_cap=22.00%; entry_gates=yield_gated; game_plan stress=True gate=True metal=$0.0; sleeve_pnl=NYSE +0.5%,,,,,
2026-07-10 12:05:16,cycle,,,RHYME_C: Steady_Bullish_Growth,,,98443.63,52214.1,,crypto=0 equity=0; spy=0 crypto_cap=20.00% nyse_cap=22.00%; entry_gates=yield_gated; game_plan stress=True gate=True metal=$0.0; sleeve_pnl=NYSE +0.5%,,,,,
2026-07-10 12:06:14,cycle,,,RHYME_C: Steady_Bullish_Growth,,,98439.31,52214.1,,crypto=0 equity=0; spy=0 crypto_cap=20.00% nyse_cap=22.00%; entry_gates=yield_gated; game_plan stress=True gate=True metal=$0.0; sleeve_pnl=NYSE +0.5%,,,,,
2026-07-10 12:07:08,cycle,,,RHYME_C: Steady_Bullish_Growth,,,98443.63,52214.1,,crypto=0 equity=0; spy=0 crypto_cap=20.00% nyse_cap=22.00%; entry_gates=yield_gated; game_plan stress=True gate=True metal=$0.0; sleeve_pnl=NYSE +0.5%,,,,,
2026-07-10 12:08:10,cycle,,,RHYME_C: Steady_Bullish_Growth,,,98437.15,52214.1,,crypto=0 equity=0; spy=0 crypto_cap=20.00% nyse_cap=22.00%; entry_gates=yield_gated; game_plan stress=True gate=True metal=$0.0; sleeve_pnl=NYSE +0.5%,,,,,
2026-07-10 12:09:13,cycle,,,RHYME_C: Steady_Bullish_Growth,,,98440.39,52214.1,,crypto=0 equity=0; spy=0 crypto_cap=20.00% nyse_cap=22.00%; entry_gates=yield_gated; game_plan stress=True gate=True metal=$0.0; sleeve_pnl=NYSE +0.5%,,,,,
2026-07-10 12:10:10,cycle,,,RHYME_C: Steady_Bullish_Growth,,,98434.99,52214.1,,crypto=0 equity=0; spy=0 crypto_cap=20.00% nyse_cap=22.00%; entry_gates=yield_gated; game_plan stress=True gate=True metal=$0.0; sleeve_pnl=NYSE +0.5%,,,,,
2026-07-10 12:19:53,startup,,,,,,,,,run_all.py started,,,,,
2026-07-10 12:20:40,cycle,,,RHYME_C: Steady_Bullish_Growth,,,98445.79,52214.1,,crypto=0 equity=0; spy=0 crypto_cap=20.00% nyse_cap=22.00%; entry_gates=signals_ok; game_plan stress=True gate_raw=True gate=False metal=$0.0; sleeve_pnl=NYSE +0.5%,,,,,
2026-07-10 12:21:51,cycle,,,RHYME_C: Steady_Bullish_Growth,,,98447.88,48276.28,,crypto=0 equity=0; spy=0 crypto_cap=20.00% nyse_cap=22.00%; entry_gates=signals_ok; game_plan stress=True gate_raw=True gate=False metal=$0.0; sleeve_pnl=SPY -0.0% UW | NYSE +0.5%,,,,,
2026-07-10 12:23:05,cycle,,,RHYME_C: Steady_Bullish_Growth,,,98455.25,44338.37,,crypto=0 equity=0; spy=0 crypto_cap=20.00% nyse_cap=22.00%; entry_gates=signals_ok; game_plan stress=True gate_raw=True gate=False metal=$0.0; sleeve_pnl=SPY +0.0% | NYSE +0.5%,,,,,
2026-07-10 12:24:17,cycle,,,RHYME_C: Steady_Bullish_Growth,,,98450.74,40400.17,,crypto=0 equity=0; spy=0 crypto_cap=20.00% nyse_cap=22.00%; entry_gates=signals_ok; game_plan stress=True gate_raw=True gate=False metal=$0.0; sleeve_pnl=SPY +0.0% | NYSE +0.5%,,,,,
2026-07-10 12:25:22,cycle,,,RHYME_C: Steady_Bullish_Growth,,,98453.94,36462.15,,crypto=0 equity=0; spy=0 crypto_cap=20.00% nyse_cap=22.00%; entry_gates=signals_ok; game_plan stress=True gate_raw=True gate=False metal=$0.0; sleeve_pnl=SPY +0.0% | NYSE +0.5%,,,,,
2026-07-10 12:26:27,cycle,,,RHYME_C: Steady_Bullish_Growth,,,98459.39,32524.0,,crypto=0 equity=0; spy=0 crypto_cap=20.00% nyse_cap=22.00%; entry_gates=signals_ok; game_plan stress=True gate_raw=True gate=False metal=$0.0; sleeve_pnl=SPY +0.0% | NYSE +0.5%,,,,,
2026-07-10 13:16:17,startup,,,,,,,,,run_all.py started,,,,,
2026-07-10 13:16:53,cycle,,,RHYME_C: Steady_Bullish_Growth,,,98470.44,39442.9,,crypto=0 equity=0; spy=0 crypto_cap=20.00% nyse_cap=22.00%; entry_gates=signals_ok; game_plan stress=True gate_raw=True gate=False metal=$7877.43; sleeve_pnl=SPY -0.0% UW | NYSE +0.5%,,,,,
2026-07-10 13:18:03,cycle,,,RHYME_C: Steady_Bullish_Growth,,,98473.84,35504.09,,crypto=0 equity=0; spy=0 crypto_cap=20.00% nyse_cap=22.00%; entry_gates=signals_ok; game_plan stress=True gate_raw=True gate=False metal=$7877.64; sleeve_pnl=SPY -0.0% UW | NYSE +0.5%,,,,,
2026-07-10 13:19:14,cycle,,,RHYME_C: Steady_Bullish_Growth,,,98467.08,31565.15,,crypto=0 equity=0; spy=0 crypto_cap=20.00% nyse_cap=22.00%; entry_gates=signals_ok; game_plan stress=True gate_raw=True gate=False metal=$7875.71; sleeve_pnl=SPY -0.0% UW | NYSE +0.5%,,,,,
2026-07-10 13:20:24,cycle,,,RHYME_C: Steady_Bullish_Growth,,,98470.29,27626.48,,crypto=0 equity=0; spy=0 crypto_cap=20.00% nyse_cap=22.00%; entry_gates=signals_ok; game_plan stress=True gate_raw=True gate=False metal=$7876.28; sleeve_pnl=SPY +0.0% | NYSE +0.5%,,,,,
2026-07-10 13:21:42,cycle,,,RHYME_C: Steady_Bullish_Growth,,,98468.34,23687.68,,crypto=0 equity=0; spy=0 crypto_cap=20.00% nyse_cap=22.00%; entry_gates=signals_ok; game_plan stress=True gate_raw=True gate=False metal=$7878.37; sleeve_pnl=SPY -0.0% UW | NYSE +0.5%,,,,,
2026-07-10 13:22:49,cycle,,,RHYME_C: Steady_Bullish_Growth,,,98464.92,19748.96,,crypto=0 equity=0; spy=0 crypto_cap=20.00% nyse_cap=22.00%; entry_gates=signals_ok; game_plan stress=True gate_raw=True gate=False metal=$7875.54; sleeve_pnl=SPY -0.0% UW | NYSE +0.5%,,,,,
2026-07-10 13:23:54,cycle,,,RHYME_C: Steady_Bullish_Growth,,,98478.49,15810.37,,crypto=0 equity=0; spy=0 crypto_cap=20.00% nyse_cap=20.00%; entry_gates=signals_ok; game_plan stress=True gate_raw=True gate=False metal=$7875.86; sleeve_pnl=SPY +0.0% | NYSE +0.5%,,,,,
2026-07-10 13:25:02,cycle,,,RHYME_C: Steady_Bullish_Growth,,,98484.19,11871.24,,crypto=0 equity=0; spy=0 crypto_cap=20.00% nyse_cap=20.00%; entry_gates=signals_ok; game_plan stress=True gate_raw=True gate=False metal=$7876.59; sleeve_pnl=SPY +0.0% | NYSE +0.6%,,,,,
2026-07-10 14:01:12,startup,,,,,,,,,run_all.py started,,,,,
2026-07-10 14:02:21,cycle,,,RHYME_C: Steady_Bullish_Growth,,,98498.24,31568.59,,crypto=0 equity=0; spy=0 crypto_cap=20.00% nyse_cap=22.00%; entry_gates=signals_ok; game_plan stress=True gate_raw=True gate=False metal=$0.32; sleeve_pnl=SPY +0.0% | NYSE +0.6%,,,,,
2026-07-10 14:03:39,startup,,,,,,,,,run_all.py started,,,,,
2026-07-10 14:04:40,cycle,,,RHYME_C: Steady_Bullish_Growth,,,98523.06,27628.67,,crypto=0 equity=0; spy=0 crypto_cap=20.00% nyse_cap=22.00%; entry_gates=signals_ok; game_plan stress=True gate_raw=True gate=False metal=$0.32; sleeve_pnl=SPY +0.1% | NYSE +0.6%,,,,,
2026-07-10 14:06:02,startup,,,,,,,,,run_all.py started,,,,,
2026-07-10 14:06:51,cycle,,,RHYME_C: Steady_Bullish_Growth,,,98533.14,23687.76,,crypto=0 equity=0; spy=0 crypto_cap=20.00% nyse_cap=22.00%; entry_gates=signals_ok; game_plan stress=True gate_raw=True gate=False metal=$0.32; sleeve_pnl=SPY +0.1% | NYSE +0.6%,,,,,
2026-07-10 14:08:21,cycle,,,RHYME_C: Steady_Bullish_Growth,,,98523.9,19746.44,,crypto=0 equity=0; spy=0 crypto_cap=20.00% nyse_cap=22.00%; entry_gates=signals_ok; game_plan stress=True gate_raw=True gate=False metal=$0.32; sleeve_pnl=SPY +0.0% | NYSE +0.6%,,,,,
2026-07-10 14:09:42,cycle,,,RHYME_C: Steady_Bullish_Growth,,,98517.84,29601.31,,crypto=0 equity=0; spy=0 crypto_cap=20.00% nyse_cap=22.00%; entry_gates=signals_ok; game_plan stress=True gate_raw=True gate=False metal=$0.32; sleeve_pnl=SPY +0.0% | NYSE +0.6%,,,,,
2026-07-10 14:11:43,cycle,,,RHYME_C: Steady_Bullish_Growth,,,98528.65,25660.61,,crypto=0 equity=0; spy=0 crypto_cap=20.00% nyse_cap=22.00%; entry_gates=signals_ok; game_plan stress=True gate_raw=True gate=False metal=$0.32; sleeve_pnl=SPY +0.0% | NYSE +0.6%,,,,,
2026-07-10 14:13:39,cycle,,,RHYME_C: Steady_Bullish_Growth,,,98535.01,32558.36,,crypto=0 equity=0; spy=0 crypto_cap=20.00% nyse_cap=22.00%; entry_gates=signals_ok; game_plan stress=True gate_raw=True gate=False metal=$0.0; sleeve_pnl=SPY +0.0% | NYSE +0.7%,,,,,
2026-07-23 13:23:02,startup,,,,,,,,,,,,,,run_all.py started
2026-07-23 13:26:45,startup,,,,,,,,,,,,,,run_all.py started
2026-07-23 13:28:19,startup,,,,,,,,,,,,,,run_all.py started
2026-07-23 13:30:51,cycle,,,,RHYME_D: Range_Bound_Neutral,,,95781.8,14683.63,,,,,,crypto=0 equity=0; spy=0 crypto_cap=20.00% nyse_cap=20.00%; entry_gates=nyse_no_room; game_plan stress=True gate_raw=True gate=False metal=$0.0; sleeve_pnl=NYSE -0.8% UW
2026-07-23 13:32:17,cycle,,,,RHYME_D: Range_Bound_Neutral,,,95793.47,7863.56,,,,,,crypto=0 equity=0; spy=0 crypto_cap=20.00% nyse_cap=20.00%; entry_gates=nyse_no_room; game_plan stress=True gate_raw=True gate=False metal=$0.0; sleeve_pnl=NYSE -0.7% UW
2026-07-23 13:34:12,cycle,,,,RHYME_D: Range_Bound_Neutral,,,95828.87,1589.67,,,,,,crypto=0 equity=0; spy=0 crypto_cap=20.00% nyse_cap=20.00%; entry_gates=equity_session_closed; game_plan stress=True gate_raw=True gate=False metal=$0.0; sleeve_pnl=NYSE -0.7% UW
2026-07-23 13:34:42,cycle,,,,RHYME_D: Range_Bound_Neutral,,,95843.92,1589.67,,,,,,crypto=0 equity=0; spy=0 crypto_cap=20.00% nyse_cap=20.00%; entry_gates=equity_session_closed; game_plan stress=True gate_raw=True gate=False metal=$0.0; sleeve_pnl=NYSE -0.6% UW
2026-07-23 13:38:42,cycle,,,,RHYME_D: Range_Bound_Neutral,,,95853.12,1589.67,,,,,,crypto=0 equity=0; spy=0 crypto_cap=20.00% nyse_cap=20.00%; entry_gates=nyse_no_room; game_plan stress=True gate_raw=True gate=False metal=$0.0; sleeve_pnl=NYSE -0.6% UW
2026-08-13 15:02:34,startup,,,,,,,,,,,,,,run_all.py started,
2026-08-13 15:02:43,cycle,,,,RHYME_A: Euphoric_Volatility,,,97850.72,26006.17,,,,,,crypto=0 equity=0; spy=0 crypto_cap=20.00% nyse_cap=22.00%; entry_gates=equity_session_closed; game_plan stress=False gate_raw=False gate=False metal=$0.0; macro_guard=PPI x0.70; sleeve_pnl=CORE +0.7% | NYSE +4.3%,
2026-08-13 15:06:11,cycle,,,,RHYME_A: Euphoric_Volatility,,,97921.29,26006.17,,,,,,crypto=0 equity=0; spy=0 crypto_cap=20.00% nyse_cap=22.00%; entry_gates=equity_session_closed; game_plan stress=False gate_raw=False gate=False metal=$0.0; macro_guard=PPI x0.70; sleeve_pnl=CORE +0.9% | NYSE +4.3%,
2026-08-13 15:09:59,cycle,,,,RHYME_A: Euphoric_Volatility,,,97889.95,26006.17,,,,,,crypto=0 equity=0; spy=0 crypto_cap=20.00% nyse_cap=22.00%; entry_gates=equity_session_closed; game_plan stress=False gate_raw=False gate=False metal=$0.0; macro_guard=PPI x0.70; sleeve_pnl=CORE +0.8% | NYSE +4.2%,
2026-08-13 15:13:27,cycle,,,,RHYME_A: Euphoric_Volatility,,,97901.83,26006.17,,,,,,crypto=0 equity=0; spy=0 crypto_cap=20.00% nyse_cap=22.00%; entry_gates=equity_session_closed; game_plan stress=False gate_raw=False gate=False metal=$0.0; macro_guard=PPI x0.70; sleeve_pnl=CORE +0.8% | NYSE +4.4%,
2026-08-13 15:17:00,cycle,,,,RHYME_A: Euphoric_Volatility,,,97898.53,26006.17,,,,,,crypto=0 equity=0; spy=0 crypto_cap=20.00% nyse_cap=22.00%; entry_gates=equity_session_closed; game_plan stress=False gate_raw=False gate=False metal=$0.0; macro_guard=PPI x0.70; sleeve_pnl=CORE +0.8% | NYSE +4.3%,
2026-08-13 15:20:46,cycle,,,,RHYME_A: Euphoric_Volatility,,,97902.23,26006.17,,,,,,crypto=0 equity=0; spy=0 crypto_cap=20.00% nyse_cap=22.00%; entry_gates=equity_session_closed; game_plan stress=False gate_raw=False gate=False metal=$0.0; macro_guard=PPI x0.70; sleeve_pnl=CORE +0.8% | NYSE +4.4%,
2026-08-13 15:25:16,cycle,,,,RHYME_A: Euphoric_Volatility,,,97860.35,26006.17,,,,,,crypto=0 equity=0; spy=0 crypto_cap=20.00% nyse_cap=22.00%; entry_gates=equity_session_closed; game_plan stress=False gate_raw=False gate=False metal=$0.0; macro_guard=PPI x0.70; sleeve_pnl=CORE +0.7% | NYSE +4.3%,
2026-08-13 15:28:35,cycle,,,,RHYME_A: Euphoric_Volatility,,,97857.84,26006.17,,,,,,crypto=0 equity=0; spy=0 crypto_cap=20.00% nyse_cap=22.00%; entry_gates=equity_session_closed; game_plan stress=False gate_raw=False gate=False metal=$0.0; macro_guard=PPI x0.70; sleeve_pnl=CORE +0.7% | NYSE +4.3%,
2026-08-13 15:32:21,cycle,,,,RHYME_A: Euphoric_Volatility,,,97865.53,26006.17,,,,,,crypto=0 equity=0; spy=0 crypto_cap=20.00% nyse_cap=22.00%; entry_gates=equity_session_closed; game_plan stress=False gate_raw=False gate=False metal=$0.0; macro_guard=PPI x0.70; sleeve_pnl=CORE +0.7% | NYSE +4.4%,
2026-08-13 15:35:51,cycle,,,,RHYME_A: Euphoric_Volatility,,,97864.02,26006.17,,,,,,crypto=0 equity=0; spy=0 crypto_cap=20.00% nyse_cap=22.00%; entry_gates=equity_session_closed; game_plan stress=False gate_raw=False gate=False metal=$0.0; macro_guard=PPI x0.70; sleeve_pnl=CORE +0.7% | NYSE +4.4%,
2026-08-13 15:39:33,cycle,,,,RHYME_A: Euphoric_Volatility,,,97862.3,26006.17,,,,,,crypto=0 equity=0; spy=0 crypto_cap=20.00% nyse_cap=22.00%; entry_gates=equity_session_closed; game_plan stress=False gate_raw=False gate=False metal=$0.0; macro_guard=PPI x0.70; sleeve_pnl=CORE +0.7% | NYSE +4.3%,
2026-08-13 15:43:08,cycle,,,,RHYME_A: Euphoric_Volatility,,,97864.13,26006.17,,,,,,crypto=0 equity=0; spy=0 crypto_cap=20.00% nyse_cap=22.00%; entry_gates=equity_session_closed; game_plan stress=False gate_raw=False gate=False metal=$0.0; macro_guard=PPI x0.70; sleeve_pnl=CORE +0.7% | NYSE +4.4%,
2026-08-13 15:46:35,cycle,,,,RHYME_A: Euphoric_Volatility,,,97859.88,26006.17,,,,,,crypto=0 equity=0; spy=0 crypto_cap=20.00% nyse_cap=22.00%; entry_gates=equity_session_closed; game_plan stress=False gate_raw=False gate=False metal=$0.0; macro_guard=PPI x0.70; sleeve_pnl=CORE +0.7% | NYSE +4.3%,
2026-08-13 15:49:57,cycle,,,,RHYME_A: Euphoric_Volatility,,,97887.29,26006.17,,,,,,crypto=0 equity=0; spy=0 crypto_cap=20.00% nyse_cap=22.00%; entry_gates=equity_session_closed; game_plan stress=False gate_raw=False gate=False metal=$0.0; macro_guard=PPI x0.70; sleeve_pnl=CORE +0.8% | NYSE +4.3%,
2026-08-13 15:53:20,cycle,,,,RHYME_A: Euphoric_Volatility,,,97884.04,26006.17,,,,,,crypto=0 equity=0; spy=0 crypto_cap=20.00% nyse_cap=22.00%; entry_gates=equity_session_closed; game_plan stress=False gate_raw=False gate=False metal=$0.0; macro_guard=PPI x0.70; sleeve_pnl=CORE +0.8% | NYSE +4.3%,
2026-08-13 15:56:44,cycle,,,,RHYME_A: Euphoric_Volatility,,,97886.05,26006.17,,,,,,crypto=0 equity=0; spy=0 crypto_cap=20.00% nyse_cap=22.00%; entry_gates=equity_session_closed; game_plan stress=False gate_raw=False gate=False metal=$0.0; macro_guard=PPI x0.70; sleeve_pnl=CORE +0.8% | NYSE +4.3%,
2026-08-13 16:00:27,cycle,,,,RHYME_A: Euphoric_Volatility,,,97881.96,26006.17,,,,,,crypto=0 equity=0; spy=0 crypto_cap=20.00% nyse_cap=22.00%; entry_gates=equity_session_closed; game_plan stress=False gate_raw=False gate=False metal=$0.0; macro_guard=PPI x0.70; sleeve_pnl=CORE +0.8% | NYSE +4.4%,
2026-08-13 16:04:16,cycle,,,,RHYME_A: Euphoric_Volatility,,,97888.11,26006.17,,,,,,crypto=0 equity=0; spy=0 crypto_cap=20.00% nyse_cap=22.00%; entry_gates=equity_session_closed; game_plan stress=False gate_raw=False gate=False metal=$0.0; macro_guard=PPI x0.70; sleeve_pnl=CORE +0.8% | NYSE +4.4%,
2026-08-13 16:07:52,cycle,,,,RHYME_D: Range_Bound_Neutral,,,97923.74,26006.17,,,,,,crypto=0 equity=0; spy=0 crypto_cap=20.00% nyse_cap=22.00%; entry_gates=equity_session_closed; game_plan stress=False gate_raw=False gate=False metal=$0.0; macro_guard=PPI x0.70; sleeve_pnl=CORE +0.9% | NYSE +4.3%,
2026-08-13 16:11:14,cycle,,,,RHYME_D: Range_Bound_Neutral,,,97921.89,26006.17,,,,,,crypto=0 equity=0; spy=0 crypto_cap=20.00% nyse_cap=22.00%; entry_gates=equity_session_closed; game_plan stress=False gate_raw=False gate=False metal=$0.0; macro_guard=PPI x0.70; sleeve_pnl=CORE +0.9% | NYSE +4.3%,
2026-08-13 16:14:48,cycle,,,,RHYME_D: Range_Bound_Neutral,,,97922.89,26006.17,,,,,,crypto=0 equity=0; spy=0 crypto_cap=20.00% nyse_cap=22.00%; entry_gates=equity_session_closed; game_plan stress=False gate_raw=False gate=False metal=$0.0; macro_guard=PPI x0.70; sleeve_pnl=CORE +0.9% | NYSE +4.3%,
2026-08-13 16:18:33,cycle,,,,RHYME_D: Range_Bound_Neutral,,,97922.65,26006.17,,,,,,crypto=0 equity=0; spy=0 crypto_cap=20.00% nyse_cap=22.00%; entry_gates=equity_session_closed; game_plan stress=False gate_raw=False gate=False metal=$0.0; macro_guard=PPI x0.70; sleeve_pnl=CORE +0.9% | NYSE +4.3%,
2026-08-13 16:22:26,cycle,,,,RHYME_D: Range_Bound_Neutral,,,97886.23,26006.17,,,,,,crypto=0 equity=0; spy=0 crypto_cap=20.00% nyse_cap=22.00%; entry_gates=equity_session_closed; game_plan stress=False gate_raw=False gate=False metal=$0.0; macro_guard=PPI x0.70; sleeve_pnl=CORE +0.8% | NYSE +4.3%,
2026-08-13 16:26:00,cycle,,,,RHYME_D: Range_Bound_Neutral,,,97885.66,26006.17,,,,,,crypto=0 equity=0; spy=0 crypto_cap=20.00% nyse_cap=22.00%; entry_gates=equity_session_closed; game_plan stress=False gate_raw=False gate=False metal=$0.0; macro_guard=PPI x0.70; sleeve_pnl=CORE +0.8% | NYSE +4.3%,
2026-08-13 16:29:28,cycle,,,,RHYME_D: Range_Bound_Neutral,,,97905.8,26006.17,,,,,,crypto=0 equity=0; spy=0 crypto_cap=20.00% nyse_cap=22.00%; entry_gates=equity_session_closed; game_plan stress=False gate_raw=False gate=False metal=$0.0; macro_guard=PPI x0.70; sleeve_pnl=CORE +0.8% | NYSE +4.3%,
2026-08-13 16:32:51,cycle,,,,RHYME_D: Range_Bound_Neutral,,,97906.91,26006.17,,,,,,crypto=0 equity=0; spy=0 crypto_cap=20.00% nyse_cap=22.00%; entry_gates=equity_session_closed; game_plan stress=False gate_raw=False gate=False metal=$0.0; macro_guard=PPI x0.70; sleeve_pnl=CORE +0.8% | NYSE +4.3%,
2026-08-13 16:36:26,cycle,,,,RHYME_D: Range_Bound_Neutral,,,97910.88,26006.17,,,,,,crypto=0 equity=0; spy=0 crypto_cap=20.00% nyse_cap=22.00%; entry_gates=equity_session_closed; game_plan stress=False gate_raw=False gate=False metal=$0.0; macro_guard=PPI x0.70; sleeve_pnl=CORE +0.9% | NYSE +4.3%,
2026-08-13 16:39:51,cycle,,,,RHYME_D: Range_Bound_Neutral,,,97908.3,26006.17,,,,,,crypto=0 equity=0; spy=0 crypto_cap=20.00% nyse_cap=22.00%; entry_gates=equity_session_closed; game_plan stress=False gate_raw=False gate=False metal=$0.0; macro_guard=PPI x0.70; sleeve_pnl=CORE +0.9% | NYSE +4.2%,
2026-08-13 16:43:16,cycle,,,,RHYME_D: Range_Bound_Neutral,,,97909.35,26006.17,,,,,,crypto=0 equity=0; spy=0 crypto_cap=20.00% nyse_cap=22.00%; entry_gates=equity_session_closed; game_plan stress=False gate_raw=False gate=False metal=$0.0; macro_guard=PPI x0.70; sleeve_pnl=CORE +0.9% | NYSE +4.2%,
2026-08-13 16:46:40,cycle,,,,RHYME_D: Range_Bound_Neutral,,,97909.43,26006.17,,,,,,crypto=0 equity=0; spy=0 crypto_cap=20.00% nyse_cap=22.00%; entry_gates=equity_session_closed; game_plan stress=False gate_raw=False gate=False metal=$0.0; macro_guard=PPI x0.70; sleeve_pnl=CORE +0.9% | NYSE +4.2%,
2026-08-13 16:50:00,cycle,,,,RHYME_D: Range_Bound_Neutral,,,97910.51,26006.17,,,,,,crypto=0 equity=0; spy=0 crypto_cap=20.00% nyse_cap=22.00%; entry_gates=equity_session_closed; game_plan stress=False gate_raw=False gate=False metal=$0.0; macro_guard=PPI x0.70; sleeve_pnl=CORE +0.9% | NYSE +4.3%,
2026-08-13 16:53:22,cycle,,,,RHYME_D: Range_Bound_Neutral,,,97917.71,26006.17,,,,,,crypto=0 equity=0; spy=0 crypto_cap=20.00% nyse_cap=22.00%; entry_gates=equity_session_closed; game_plan stress=False gate_raw=False gate=False metal=$0.0; macro_guard=PPI x0.70; sleeve_pnl=CORE +0.9% | NYSE +4.3%,
2026-08-13 16:57:08,cycle,,,,RHYME_D: Range_Bound_Neutral,,,97878.87,26006.17,,,,,,crypto=0 equity=0; spy=0 crypto_cap=20.00% nyse_cap=22.00%; entry_gates=equity_session_closed; game_plan stress=False gate_raw=False gate=False metal=$0.0; macro_guard=PPI x0.70; sleeve_pnl=CORE +0.8% | NYSE +4.3%,
2026-08-13 17:00:42,cycle,,,,RHYME_D: Range_Bound_Neutral,,,97890.65,26006.17,,,,,,crypto=0 equity=0; spy=0 crypto_cap=20.00% nyse_cap=22.00%; entry_gates=equity_session_closed; game_plan stress=False gate_raw=False gate=False metal=$0.0; macro_guard=PPI x0.70; sleeve_pnl=CORE +0.8% | NYSE +4.3%,
2026-08-13 17:04:29,cycle,,,,RHYME_A: Euphoric_Volatility,,,97894.77,26006.17,,,,,,crypto=0 equity=0; spy=0 crypto_cap=20.00% nyse_cap=22.00%; entry_gates=equity_session_closed; game_plan stress=False gate_raw=False gate=False metal=$0.0; macro_guard=PPI x0.70; sleeve_pnl=CORE +0.8% | NYSE +4.3%,
2026-08-13 17:08:04,cycle,,,,RHYME_A: Euphoric_Volatility,,,97897.3,26006.17,,,,,,crypto=0 equity=0; spy=0 crypto_cap=20.00% nyse_cap=22.00%; entry_gates=equity_session_closed; game_plan stress=False gate_raw=False gate=False metal=$0.0; macro_guard=PPI x0.70; sleeve_pnl=CORE +0.8% | NYSE +4.3%,
2026-08-13 17:11:43,cycle,,,,RHYME_A: Euphoric_Volatility,,,97900.85,26006.17,,,,,,crypto=0 equity=0; spy=0 crypto_cap=20.00% nyse_cap=22.00%; entry_gates=equity_session_closed; game_plan stress=False gate_raw=False gate=False metal=$0.0; macro_guard=PPI x0.70; sleeve_pnl=CORE +0.8% | NYSE +4.3%,
2026-08-13 17:15:19,cycle,,,,RHYME_A: Euphoric_Volatility,,,97895.61,26006.17,,,,,,crypto=0 equity=0; spy=0 crypto_cap=20.00% nyse_cap=22.00%; entry_gates=equity_session_closed; game_plan stress=False gate_raw=False gate=False metal=$0.0; macro_guard=PPI x0.70; sleeve_pnl=CORE +0.8% | NYSE +4.3%,
2026-08-13 17:19:14,cycle,,,,RHYME_A: Euphoric_Volatility,,,97877.94,26006.17,,,,,,crypto=0 equity=0; spy=0 crypto_cap=20.00% nyse_cap=22.00%; entry_gates=equity_session_closed; game_plan stress=False gate_raw=False gate=False metal=$0.0; macro_guard=PPI x0.70; sleeve_pnl=CORE +0.8% | NYSE +4.3%,
2026-08-13 17:23:16,cycle,,,,RHYME_A: Euphoric_Volatility,,,97874.74,26006.17,,,,,,crypto=0 equity=0; spy=0 crypto_cap=20.00% nyse_cap=22.00%; entry_gates=equity_session_closed; game_plan stress=False gate_raw=False gate=False metal=$0.0; macro_guard=PPI x0.70; sleeve_pnl=CORE +0.8% | NYSE +4.3%,
2026-08-13 17:26:53,cycle,,,,RHYME_A: Euphoric_Volatility,,,97876.38,26006.17,,,,,,crypto=0 equity=0; spy=0 crypto_cap=20.00% nyse_cap=22.00%; entry_gates=equity_session_closed; game_plan stress=False gate_raw=False gate=False metal=$0.0; macro_guard=PPI x0.70; sleeve_pnl=CORE +0.8% | NYSE +4.3%,
2026-08-13 17:30:24,cycle,,,,RHYME_A: Euphoric_Volatility,,,97905.09,26006.17,,,,,,crypto=0 equity=0; spy=0 crypto_cap=20.00% nyse_cap=22.00%; entry_gates=equity_session_closed; game_plan stress=False gate_raw=False gate=False metal=$0.0; macro_guard=PPI x0.70; sleeve_pnl=CORE +0.8% | NYSE +4.4%,
2026-08-13 17:33:47,cycle,,,,RHYME_A: Euphoric_Volatility,,,97906.83,26006.17,,,,,,crypto=0 equity=0; spy=0 crypto_cap=20.00% nyse_cap=22.00%; entry_gates=equity_session_closed; game_plan stress=False gate_raw=False gate=False metal=$0.0; macro_guard=PPI x0.70; sleeve_pnl=CORE +0.8% | NYSE +4.4%,
2026-08-13 17:37:11,cycle,,,,RHYME_A: Euphoric_Volatility,,,97905.23,26006.17,,,,,,crypto=0 equity=0; spy=0 crypto_cap=20.00% nyse_cap=22.00%; entry_gates=equity_session_closed; game_plan stress=False gate_raw=False gate=False metal=$0.0; macro_guard=PPI x0.70; sleeve_pnl=CORE +0.8% | NYSE +4.4%,
2026-08-13 17:40:35,cycle,,,,RHYME_A: Euphoric_Volatility,,,97902.85,26006.17,,,,,,crypto=0 equity=0; spy=0 crypto_cap=20.00% nyse_cap=22.00%; entry_gates=equity_session_closed; game_plan stress=False gate_raw=False gate=False metal=$0.0; macro_guard=PPI x0.70; sleeve_pnl=CORE +0.8% | NYSE +4.4%,
2026-08-13 17:44:07,cycle,,,,RHYME_A: Euphoric_Volatility,,,97904.39,26006.17,,,,,,crypto=0 equity=0; spy=0 crypto_cap=20.00% nyse_cap=22.00%; entry_gates=equity_session_closed; game_plan stress=False gate_raw=False gate=False metal=$0.0; macro_guard=PPI x0.70; sleeve_pnl=CORE +0.8% | NYSE +4.4%,
2026-08-13 17:47:43,cycle,,,,RHYME_A: Euphoric_Volatility,,,97903.55,26006.17,,,,,,crypto=0 equity=0; spy=0 crypto_cap=20.00% nyse_cap=22.00%; entry_gates=equity_session_closed; game_plan stress=False gate_raw=False gate=False metal=$0.0; macro_guard=PPI x0.70; sleeve_pnl=CORE +0.8% | NYSE +4.4%,
2026-08-13 17:51:28,cycle,,,,RHYME_A: Euphoric_Volatility,,,97900.9,26006.17,,,,,,crypto=0 equity=0; spy=0 crypto_cap=20.00% nyse_cap=22.00%; entry_gates=equity_session_closed; game_plan stress=False gate_raw=False gate=False metal=$0.0; macro_guard=PPI x0.70; sleeve_pnl=CORE +0.8% | NYSE +4.4%,
2026-08-13 17:55:21,cycle,,,,RHYME_A: Euphoric_Volatility,,,97899.26,26006.17,,,,,,crypto=0 equity=0; spy=0 crypto_cap=20.00% nyse_cap=22.00%; entry_gates=equity_session_closed; game_plan stress=False gate_raw=False gate=False metal=$0.0; macro_guard=PPI x0.70; sleeve_pnl=CORE +0.8% | NYSE +4.4%,
2026-08-13 17:59:26,cycle,,,,RHYME_A: Euphoric_Volatility,,,97901.2,26006.17,,,,,,crypto=0 equity=0; spy=0 crypto_cap=20.00% nyse_cap=22.00%; entry_gates=equity_session_closed; game_plan stress=False gate_raw=False gate=False metal=$0.0; macro_guard=PPI x0.70; sleeve_pnl=CORE +0.8% | NYSE +4.4%,
2026-08-13 18:03:09,cycle,,,,RHYME_A: Euphoric_Volatility,,,97902.7,26006.17,,,,,,crypto=0 equity=0; spy=0 crypto_cap=20.00% nyse_cap=22.00%; entry_gates=equity_session_closed; game_plan stress=False gate_raw=False gate=False metal=$0.0; macro_guard=PPI x0.70; sleeve_pnl=CORE +0.8% | NYSE +4.4%,
2026-08-13 18:06:36,cycle,,,,RHYME_A: Euphoric_Volatility,,,97903.12,26006.17,,,,,,crypto=0 equity=0; spy=0 crypto_cap=20.00% nyse_cap=22.00%; entry_gates=equity_session_closed; game_plan stress=False gate_raw=False gate=False metal=$0.0; macro_guard=PPI x0.70; sleeve_pnl=CORE +0.8% | NYSE +4.4%,
2026-08-13 18:10:14,cycle,,,,RHYME_D: Range_Bound_Neutral,,,97934.27,26006.17,,,,,,crypto=0 equity=0; spy=0 crypto_cap=20.00% nyse_cap=22.00%; entry_gates=equity_session_closed; game_plan stress=False gate_raw=False gate=False metal=$0.0; macro_guard=PPI x0.70; sleeve_pnl=CORE +0.9% | NYSE +4.4%,
2026-08-13 18:14:01,cycle,,,,RHYME_D: Range_Bound_Neutral,,,97937.43,26006.17,,,,,,crypto=0 equity=0; spy=0 crypto_cap=20.00% nyse_cap=22.00%; entry_gates=equity_session_closed; game_plan stress=False gate_raw=False gate=False metal=$0.0; macro_guard=PPI x0.70; sleeve_pnl=CORE +0.9% | NYSE +4.4%,
2026-08-13 18:17:30,cycle,,,,RHYME_D: Range_Bound_Neutral,,,97940.19,26006.17,,,,,,crypto=0 equity=0; spy=0 crypto_cap=20.00% nyse_cap=22.00%; entry_gates=equity_session_closed; game_plan stress=False gate_raw=False gate=False metal=$0.0; macro_guard=PPI x0.70; sleeve_pnl=CORE +0.9% | NYSE +4.4%,
2026-08-13 18:21:16,cycle,,,,RHYME_D: Range_Bound_Neutral,,,97941.75,26006.17,,,,,,crypto=0 equity=0; spy=0 crypto_cap=20.00% nyse_cap=22.00%; entry_gates=equity_session_closed; game_plan stress=False gate_raw=False gate=False metal=$0.0; macro_guard=PPI x0.70; sleeve_pnl=CORE +0.9% | NYSE +4.5%,
2026-08-13 18:25:02,cycle,,,,RHYME_D: Range_Bound_Neutral,,,97944.9,26006.17,,,,,,crypto=0 equity=0; spy=0 crypto_cap=20.00% nyse_cap=22.00%; entry_gates=equity_session_closed; game_plan stress=False gate_raw=False gate=False metal=$0.0; macro_guard=PPI x0.70; sleeve_pnl=CORE +0.9% | NYSE +4.4%,
2026-08-13 18:29:17,cycle,,,,RHYME_D: Range_Bound_Neutral,,,97945.37,26006.17,,,,,,crypto=0 equity=0; spy=0 crypto_cap=20.00% nyse_cap=22.00%; entry_gates=equity_session_closed; game_plan stress=False gate_raw=False gate=False metal=$0.0; macro_guard=PPI x0.70; sleeve_pnl=CORE +0.9% | NYSE +4.4%,
2026-08-13 18:33:04,cycle,,,,RHYME_D: Range_Bound_Neutral,,,97944.77,26006.17,,,,,,crypto=0 equity=0; spy=0 crypto_cap=20.00% nyse_cap=22.00%; entry_gates=equity_session_closed; game_plan stress=False gate_raw=False gate=False metal=$0.0; macro_guard=PPI x0.70; sleeve_pnl=CORE +0.9% | NYSE +4.4%,
2026-08-13 18:37:09,cycle,,,,RHYME_D: Range_Bound_Neutral,,,97942.44,26006.17,,,,,,crypto=0 equity=0; spy=0 crypto_cap=20.00% nyse_cap=22.00%; entry_gates=equity_session_closed; game_plan stress=False gate_raw=False gate=False metal=$0.0; macro_guard=PPI x0.70; sleeve_pnl=CORE +0.9% | NYSE +4.4%,
2026-08-13 18:41:18,cycle,,,,RHYME_D: Range_Bound_Neutral,,,97944.41,26006.17,,,,,,crypto=0 equity=0; spy=0 crypto_cap=20.00% nyse_cap=22.00%; entry_gates=equity_session_closed; game_plan stress=False gate_raw=False gate=False metal=$0.0; macro_guard=PPI x0.70; sleeve_pnl=CORE +0.9% | NYSE +4.4%,
2026-08-13 18:45:25,cycle,,,,RHYME_D: Range_Bound_Neutral,,,97932.39,26006.17,,,,,,crypto=0 equity=0; spy=0 crypto_cap=20.00% nyse_cap=22.00%; entry_gates=equity_session_closed; game_plan stress=False gate_raw=False gate=False metal=$0.0; macro_guard=PPI x0.70; sleeve_pnl=CORE +0.8% | NYSE +4.4%,
2026-08-13 18:49:49,cycle,,,,RHYME_D: Range_Bound_Neutral,,,97927.31,26006.17,,,,,,crypto=0 equity=0; spy=0 crypto_cap=20.00% nyse_cap=22.00%; entry_gates=equity_session_closed; game_plan stress=False gate_raw=False gate=False metal=$0.0; macro_guard=PPI x0.70; sleeve_pnl=CORE +0.8% | NYSE +4.4%,
2026-08-13 18:54:11,cycle,,,,RHYME_D: Range_Bound_Neutral,,,97926.52,26006.17,,,,,,crypto=0 equity=0; spy=0 crypto_cap=20.00% nyse_cap=22.00%; entry_gates=equity_session_closed; game_plan stress=False gate_raw=False gate=False metal=$0.0; macro_guard=PPI x0.70; sleeve_pnl=CORE +0.8% | NYSE +4.4%,
2026-08-13 18:58:38,cycle,,,,RHYME_D: Range_Bound_Neutral,,,97938.49,26006.17,,,,,,crypto=0 equity=0; spy=0 crypto_cap=20.00% nyse_cap=22.00%; entry_gates=equity_session_closed; game_plan stress=False gate_raw=False gate=False metal=$0.0; macro_guard=PPI x0.70; sleeve_pnl=CORE +0.9% | NYSE +4.4%,
2026-08-13 19:02:41,cycle,,,,RHYME_D: Range_Bound_Neutral,,,97912.45,26006.17,,,,,,crypto=0 equity=0; spy=0 crypto_cap=20.00% nyse_cap=22.00%; entry_gates=equity_session_closed; game_plan stress=False gate_raw=False gate=False metal=$0.0; macro_guard=PPI x0.70; sleeve_pnl=CORE +0.8% | NYSE +4.4%,
2026-08-13 19:06:39,cycle,,,,RHYME_D: Range_Bound_Neutral,,,97919.54,26006.17,,,,,,crypto=0 equity=0; spy=0 crypto_cap=20.00% nyse_cap=22.00%; entry_gates=equity_session_closed; game_plan stress=False gate_raw=False gate=False metal=$0.0; macro_guard=PPI x0.70; sleeve_pnl=CORE +0.8% | NYSE +4.5%,
2026-08-13 19:11:15,cycle,,,,RHYME_A: Euphoric_Volatility,,,97915.42,26006.17,,,,,,crypto=0 equity=0; spy=0 crypto_cap=20.00% nyse_cap=22.00%; entry_gates=equity_session_closed; game_plan stress=False gate_raw=False gate=False metal=$0.0; macro_guard=PPI x0.70; sleeve_pnl=CORE +0.8% | NYSE +4.4%,
2026-08-13 19:14:50,cycle,,,,RHYME_A: Euphoric_Volatility,,,97910.8,26006.17,,,,,,crypto=0 equity=0; spy=0 crypto_cap=20.00% nyse_cap=22.00%; entry_gates=equity_session_closed; game_plan stress=False gate_raw=False gate=False metal=$0.0; macro_guard=PPI x0.70; sleeve_pnl=CORE +0.8% | NYSE +4.4%,
2026-08-13 19:18:47,cycle,,,,RHYME_A: Euphoric_Volatility,,,97908.29,26006.17,,,,,,crypto=0 equity=0; spy=0 crypto_cap=20.00% nyse_cap=22.00%; entry_gates=equity_session_closed; game_plan stress=False gate_raw=False gate=False metal=$0.0; macro_guard=PPI x0.70; sleeve_pnl=CORE +0.8% | NYSE +4.4%,
2026-08-13 19:22:39,cycle,,,,RHYME_A: Euphoric_Volatility,,,97908.32,26006.17,,,,,,crypto=0 equity=0; spy=0 crypto_cap=20.00% nyse_cap=22.00%; entry_gates=equity_session_closed; game_plan stress=False gate_raw=False gate=False metal=$0.0; macro_guard=PPI x0.70; sleeve_pnl=CORE +0.8% | NYSE +4.4%,
2026-08-13 19:26:07,cycle,,,,RHYME_A: Euphoric_Volatility,,,97908.09,26006.17,,,,,,crypto=0 equity=0; spy=0 crypto_cap=20.00% nyse_cap=22.00%; entry_gates=equity_session_closed; game_plan stress=False gate_raw=False gate=False metal=$0.0; macro_guard=PPI x0.70; sleeve_pnl=CORE +0.8% | NYSE +4.4%,
2026-08-13 19:30:08,cycle,,,,RHYME_A: Euphoric_Volatility,,,97909.78,26006.17,,,,,,crypto=0 equity=0; spy=0 crypto_cap=20.00% nyse_cap=22.00%; entry_gates=equity_session_closed; game_plan stress=False gate_raw=False gate=False metal=$0.0; macro_guard=PPI x0.70; sleeve_pnl=CORE +0.8% | NYSE +4.4%,
2026-08-13 19:34:57,cycle,,,,RHYME_A: Euphoric_Volatility,,,97905.79,26006.17,,,,,,crypto=0 equity=0; spy=0 crypto_cap=20.00% nyse_cap=22.00%; entry_gates=equity_session_closed; game_plan stress=False gate_raw=False gate=False metal=$0.0; macro_guard=PPI x0.70; sleeve_pnl=CORE +0.8% | NYSE +4.4%,
2026-08-13 19:39:16,cycle,,,,RHYME_A: Euphoric_Volatility,,,97906.04,26006.17,,,,,,crypto=0 equity=0; spy=0 crypto_cap=20.00% nyse_cap=22.00%; entry_gates=equity_session_closed; game_plan stress=False gate_raw=False gate=False metal=$0.0; macro_guard=PPI x0.70; sleeve_pnl=CORE +0.8% | NYSE +4.4%,
2026-08-13 19:42:59,cycle,,,,RHYME_A: Euphoric_Volatility,,,97906.88,26006.17,,,,,,crypto=0 equity=0; spy=0 crypto_cap=20.00% nyse_cap=22.00%; entry_gates=equity_session_closed; game_plan stress=False gate_raw=False gate=False metal=$0.0; macro_guard=PPI x0.70; sleeve_pnl=CORE +0.8% | NYSE +4.4%,
2026-08-13 19:46:26,cycle,,,,RHYME_A: Euphoric_Volatility,,,97906.74,26006.17,,,,,,crypto=0 equity=0; spy=0 crypto_cap=20.00% nyse_cap=22.00%; entry_gates=equity_session_closed; game_plan stress=False gate_raw=False gate=False metal=$0.0; macro_guard=PPI x0.70; sleeve_pnl=CORE +0.8% | NYSE +4.4%,
2026-08-13 19:49:53,cycle,,,,RHYME_A: Euphoric_Volatility,,,97904.97,26006.17,,,,,,crypto=0 equity=0; spy=0 crypto_cap=20.00% nyse_cap=22.00%; entry_gates=equity_session_closed; game_plan stress=False gate_raw=False gate=False metal=$0.0; macro_guard=PPI x0.70; sleeve_pnl=CORE +0.8% | NYSE +4.4%,
2026-08-13 19:53:24,cycle,,,,RHYME_A: Euphoric_Volatility,,,97901.19,26006.17,,,,,,crypto=0 equity=0; spy=0 crypto_cap=20.00% nyse_cap=22.00%; entry_gates=equity_session_closed; game_plan stress=False gate_raw=False gate=False metal=$0.0; macro_guard=PPI x0.70; sleeve_pnl=CORE +0.8% | NYSE +4.4%,
2026-08-13 19:56:53,cycle,,,,RHYME_A: Euphoric_Volatility,,,97898.48,26006.17,,,,,,crypto=0 equity=0; spy=0 crypto_cap=20.00% nyse_cap=22.00%; entry_gates=equity_session_closed; game_plan stress=False gate_raw=False gate=False metal=$0.0; macro_guard=PPI x0.70; sleeve_pnl=CORE +0.8% | NYSE +4.3%,
2026-08-13 20:00:20,cycle,,,,RHYME_A: Euphoric_Volatility,,,97899.96,26006.17,,,,,,crypto=0 equity=0; spy=0 crypto_cap=20.00% nyse_cap=22.00%; entry_gates=equity_session_closed; game_plan stress=False gate_raw=False gate=False metal=$0.0; macro_guard=PPI x0.70; sleeve_pnl=CORE +0.8% | NYSE +4.3%,
2026-08-13 20:03:57,cycle,,,,RHYME_A: Euphoric_Volatility,,,97890.63,26006.17,,,,,,crypto=0 equity=0; spy=0 crypto_cap=20.00% nyse_cap=22.00%; entry_gates=equity_session_closed; game_plan stress=False gate_raw=False gate=False metal=$0.0; macro_guard=PPI x0.70; sleeve_pnl=CORE +0.8% | NYSE +4.3%,
2026-08-13 20:07:25,cycle,,,,RHYME_A: Euphoric_Volatility,,,97896.02,26006.17,,,,,,crypto=0 equity=0; spy=0 crypto_cap=20.00% nyse_cap=22.00%; entry_gates=equity_session_closed; game_plan stress=False gate_raw=False gate=False metal=$0.0; macro_guard=PPI x0.70; sleeve_pnl=CORE +0.8% | NYSE +4.3%,
2026-08-13 20:10:50,cycle,,,,RHYME_A: Euphoric_Volatility,,,97896.8,26006.17,,,,,,crypto=0 equity=0; spy=0 crypto_cap=20.00% nyse_cap=22.00%; entry_gates=equity_session_closed; game_plan stress=False gate_raw=False gate=False metal=$0.0; macro_guard=PPI x0.70; sleeve_pnl=CORE +0.8% | NYSE +4.3%,
2026-08-13 20:14:16,cycle,,,,RHYME_D: Range_Bound_Neutral,,,97894.19,26006.17,,,,,,crypto=0 equity=0; spy=0 crypto_cap=20.00% nyse_cap=22.00%; entry_gates=equity_session_closed; game_plan stress=False gate_raw=False gate=False metal=$0.0; macro_guard=PPI x0.70; sleeve_pnl=CORE +0.8% | NYSE +4.3%,
2026-08-13 20:17:40,cycle,,,,RHYME_D: Range_Bound_Neutral,,,97897.96,26006.17,,,,,,crypto=0 equity=0; spy=0 crypto_cap=20.00% nyse_cap=22.00%; entry_gates=equity_session_closed; game_plan stress=False gate_raw=False gate=False metal=$0.0; macro_guard=PPI x0.70; sleeve_pnl=CORE +0.8% | NYSE +4.3%,
2026-08-13 20:21:07,cycle,,,,RHYME_D: Range_Bound_Neutral,,,97901.95,26006.17,,,,,,crypto=0 equity=0; spy=0 crypto_cap=20.00% nyse_cap=22.00%; entry_gates=equity_session_closed; game_plan stress=False gate_raw=False gate=False metal=$0.0; macro_guard=PPI x0.70; sleeve_pnl=CORE +0.8% | NYSE +4.4%,
2026-08-13 20:24:31,cycle,,,,RHYME_D: Range_Bound_Neutral,,,97906.05,26006.17,,,,,,crypto=0 equity=0; spy=0 crypto_cap=20.00% nyse_cap=22.00%; entry_gates=equity_session_closed; game_plan stress=False gate_raw=False gate=False metal=$0.0; macro_guard=PPI x0.70; sleeve_pnl=CORE +0.8% | NYSE +4.4%,
2026-08-13 20:27:56,cycle,,,,RHYME_D: Range_Bound_Neutral,,,97906.01,26006.17,,,,,,crypto=0 equity=0; spy=0 crypto_cap=20.00% nyse_cap=22.00%; entry_gates=equity_session_closed; game_plan stress=False gate_raw=False gate=False metal=$0.0; macro_guard=PPI x0.70; sleeve_pnl=CORE +0.8% | NYSE +4.4%,
2026-08-13 20:31:20,cycle,,,,RHYME_D: Range_Bound_Neutral,,,97903.08,26006.17,,,,,,crypto=0 equity=0; spy=0 crypto_cap=20.00% nyse_cap=22.00%; entry_gates=equity_session_closed; game_plan stress=False gate_raw=False gate=False metal=$0.0; macro_guard=PPI x0.70; sleeve_pnl=CORE +0.8% | NYSE +4.4%,
2026-08-13 20:34:55,cycle,,,,RHYME_D: Range_Bound_Neutral,,,97904.82,26006.17,,,,,,crypto=0 equity=0; spy=0 crypto_cap=20.00% nyse_cap=22.00%; entry_gates=equity_session_closed; game_plan stress=False gate_raw=False gate=False metal=$0.0; macro_guard=PPI x0.70; sleeve_pnl=CORE +0.8% | NYSE +4.4%,
2026-08-13 20:38:31,cycle,,,,RHYME_D: Range_Bound_Neutral,,,97906.45,26006.17,,,,,,crypto=0 equity=0; spy=0 crypto_cap=20.00% nyse_cap=22.00%; entry_gates=equity_session_closed; game_plan stress=False gate_raw=False gate=False metal=$0.0; macro_guard=PPI x0.70; sleeve_pnl=CORE +0.8% | NYSE +4.4%,
2026-08-13 20:41:59,cycle,,,,RHYME_D: Range_Bound_Neutral,,,97906.93,26006.17,,,,,,crypto=0 equity=0; spy=0 crypto_cap=20.00% nyse_cap=22.00%; entry_gates=equity_session_closed; game_plan stress=False gate_raw=False gate=False metal=$0.0; macro_guard=PPI x0.70; sleeve_pnl=CORE +0.8% | NYSE +4.4%,
2026-08-13 20:45:22,cycle,,,,RHYME_D: Range_Bound_Neutral,,,97907.79,26006.17,,,,,,crypto=0 equity=0; spy=0 crypto_cap=20.00% nyse_cap=22.00%; entry_gates=equity_session_closed; game_plan stress=False gate_raw=False gate=False metal=$0.0; macro_guard=PPI x0.70; sleeve_pnl=CORE +0.8% | NYSE +4.4%,
2026-08-13 20:48:48,cycle,,,,RHYME_D: Range_Bound_Neutral,,,97908.22,26006.17,,,,,,crypto=0 equity=0; spy=0 crypto_cap=20.00% nyse_cap=22.00%; entry_gates=equity_session_closed; game_plan stress=False gate_raw=False gate=False metal=$0.0; macro_guard=PPI x0.70; sleeve_pnl=CORE +0.8% | NYSE +4.4%,
2026-08-13 20:52:13,cycle,,,,RHYME_D: Range_Bound_Neutral,,,97908.1,26006.17,,,,,,crypto=0 equity=0; spy=0 crypto_cap=20.00% nyse_cap=22.00%; entry_gates=equity_session_closed; game_plan stress=False gate_raw=False gate=False metal=$0.0; macro_guard=PPI x0.70; sleeve_pnl=CORE +0.8% | NYSE +4.4%,
2026-08-13 20:55:39,cycle,,,,RHYME_D: Range_Bound_Neutral,,,97960.52,26006.17,,,,,,crypto=0 equity=0; spy=0 crypto_cap=20.00% nyse_cap=22.00%; entry_gates=equity_session_closed; game_plan stress=False gate_raw=False gate=False metal=$0.0; macro_guard=PPI x0.70; sleeve_pnl=CORE +0.9% | NYSE +4.4%,
2026-08-13 20:59:04,cycle,,,,RHYME_D: Range_Bound_Neutral,,,97960.68,26006.17,,,,,,crypto=0 equity=0; spy=0 crypto_cap=20.00% nyse_cap=22.00%; entry_gates=equity_session_closed; game_plan stress=False gate_raw=False gate=False metal=$0.0; macro_guard=PPI x0.70; sleeve_pnl=CORE +0.9% | NYSE +4.4%,
2026-08-13 21:02:31,cycle,,,,RHYME_D: Range_Bound_Neutral,,,97962.93,26006.17,,,,,,crypto=0 equity=0; spy=0 crypto_cap=20.00% nyse_cap=22.00%; entry_gates=equity_session_closed; game_plan stress=False gate_raw=False gate=False metal=$0.0; macro_guard=PPI x0.70; sleeve_pnl=CORE +0.9% | NYSE +4.4%,
2026-08-13 21:05:57,cycle,,,,RHYME_D: Range_Bound_Neutral,,,97961.53,26006.17,,,,,,crypto=0 equity=0; spy=0 crypto_cap=20.00% nyse_cap=22.00%; entry_gates=equity_session_closed; game_plan stress=False gate_raw=False gate=False metal=$0.0; macro_guard=PPI x0.70; sleeve_pnl=CORE +0.9% | NYSE +4.4%,
2026-08-13 21:09:25,cycle,,,,RHYME_D: Range_Bound_Neutral,,,97961.04,26006.17,,,,,,crypto=0 equity=0; spy=0 crypto_cap=20.00% nyse_cap=22.00%; entry_gates=equity_session_closed; game_plan stress=False gate_raw=False gate=False metal=$0.0; macro_guard=PPI x0.70; sleeve_pnl=CORE +0.9% | NYSE +4.4%,
2026-08-13 21:12:51,cycle,,,,RHYME_A: Euphoric_Volatility,,,97960.4,26006.17,,,,,,crypto=0 equity=0; spy=0 crypto_cap=20.00% nyse_cap=22.00%; entry_gates=equity_session_closed; game_plan stress=False gate_raw=False gate=False metal=$0.0; macro_guard=PPI x0.70; sleeve_pnl=CORE +0.9% | NYSE +4.4%,
2026-08-13 21:16:17,cycle,,,,RHYME_A: Euphoric_Volatility,,,97960.29,26006.17,,,,,,crypto=0 equity=0; spy=0 crypto_cap=20.00% nyse_cap=22.00%; entry_gates=equity_session_closed; game_plan stress=False gate_raw=False gate=False metal=$0.0; macro_guard=PPI x0.70; sleeve_pnl=CORE +0.9% | NYSE +4.4%,
2026-08-13 21:19:41,cycle,,,,RHYME_A: Euphoric_Volatility,,,97959.75,26006.17,,,,,,crypto=0 equity=0; spy=0 crypto_cap=20.00% nyse_cap=22.00%; entry_gates=equity_session_closed; game_plan stress=False gate_raw=False gate=False metal=$0.0; macro_guard=PPI x0.70; sleeve_pnl=CORE +0.9% | NYSE +4.4%,
2026-08-13 21:23:08,cycle,,,,RHYME_A: Euphoric_Volatility,,,97962.21,26006.17,,,,,,crypto=0 equity=0; spy=0 crypto_cap=20.00% nyse_cap=22.00%; entry_gates=equity_session_closed; game_plan stress=False gate_raw=False gate=False metal=$0.0; macro_guard=PPI x0.70; sleeve_pnl=CORE +0.9% | NYSE +4.4%,
2026-08-13 21:26:32,cycle,,,,RHYME_A: Euphoric_Volatility,,,97960.34,26006.17,,,,,,crypto=0 equity=0; spy=0 crypto_cap=20.00% nyse_cap=22.00%; entry_gates=equity_session_closed; game_plan stress=False gate_raw=False gate=False metal=$0.0; macro_guard=PPI x0.70; sleeve_pnl=CORE +0.9% | NYSE +4.4%,
2026-08-13 21:30:34,cycle,,,,RHYME_A: Euphoric_Volatility,,,97960.21,26006.17,,,,,,crypto=0 equity=0; spy=0 crypto_cap=20.00% nyse_cap=22.00%; entry_gates=equity_session_closed; game_plan stress=False gate_raw=False gate=False metal=$0.0; macro_guard=PPI x0.70; sleeve_pnl=CORE +0.9% | NYSE +4.4%,
2026-08-13 21:33:59,cycle,,,,RHYME_A: Euphoric_Volatility,,,97961.47,26006.17,,,,,,crypto=0 equity=0; spy=0 crypto_cap=20.00% nyse_cap=22.00%; entry_gates=equity_session_closed; game_plan stress=False gate_raw=False gate=False metal=$0.0; macro_guard=PPI x0.70; sleeve_pnl=CORE +0.9% | NYSE +4.4%,
2026-08-13 21:37:21,cycle,,,,RHYME_A: Euphoric_Volatility,,,97963.62,26006.17,,,,,,crypto=0 equity=0; spy=0 crypto_cap=20.00% nyse_cap=22.00%; entry_gates=equity_session_closed; game_plan stress=False gate_raw=False gate=False metal=$0.0; macro_guard=PPI x0.70; sleeve_pnl=CORE +0.9% | NYSE +4.4%,
2026-08-13 21:40:44,cycle,,,,RHYME_A: Euphoric_Volatility,,,97964.21,26006.17,,,,,,crypto=0 equity=0; spy=0 crypto_cap=20.00% nyse_cap=22.00%; entry_gates=equity_session_closed; game_plan stress=False gate_raw=False gate=False metal=$0.0; macro_guard=PPI x0.70; sleeve_pnl=CORE +0.9% | NYSE +4.4%,
2026-08-13 21:44:09,cycle,,,,RHYME_A: Euphoric_Volatility,,,97963.14,26006.17,,,,,,crypto=0 equity=0; spy=0 crypto_cap=20.00% nyse_cap=22.00%; entry_gates=equity_session_closed; game_plan stress=False gate_raw=False gate=False metal=$0.0; macro_guard=PPI x0.70; sleeve_pnl=CORE +0.9% | NYSE +4.4%,
2026-08-13 21:47:35,cycle,,,,RHYME_A: Euphoric_Volatility,,,97963.11,26006.17,,,,,,crypto=0 equity=0; spy=0 crypto_cap=20.00% nyse_cap=22.00%; entry_gates=equity_session_closed; game_plan stress=False gate_raw=False gate=False metal=$0.0; macro_guard=PPI x0.70; sleeve_pnl=CORE +0.9% | NYSE +4.4%,
2026-08-13 21:51:03,cycle,,,,RHYME_A: Euphoric_Volatility,,,97961.23,26006.17,,,,,,crypto=0 equity=0; spy=0 crypto_cap=20.00% nyse_cap=22.00%; entry_gates=equity_session_closed; game_plan stress=False gate_raw=False gate=False metal=$0.0; macro_guard=PPI x0.70; sleeve_pnl=CORE +0.9% | NYSE +4.4%,
2026-08-13 21:54:29,cycle,,,,RHYME_A: Euphoric_Volatility,,,97959.4,26006.17,,,,,,crypto=0 equity=0; spy=0 crypto_cap=20.00% nyse_cap=22.00%; entry_gates=equity_session_closed; game_plan stress=False gate_raw=False gate=False metal=$0.0; macro_guard=PPI x0.70; sleeve_pnl=CORE +0.9% | NYSE +4.4%,
2026-08-13 21:57:56,cycle,,,,RHYME_A: Euphoric_Volatility,,,97958.67,26006.17,,,,,,crypto=0 equity=0; spy=0 crypto_cap=20.00% nyse_cap=22.00%; entry_gates=equity_session_closed; game_plan stress=False gate_raw=False gate=False metal=$0.0; macro_guard=PPI x0.70; sleeve_pnl=CORE +0.9% | NYSE +4.4%,
2026-08-13 22:01:24,cycle,,,,RHYME_A: Euphoric_Volatility,,,97958.7,26006.17,,,,,,crypto=0 equity=0; spy=0 crypto_cap=20.00% nyse_cap=22.00%; entry_gates=equity_session_closed; game_plan stress=False gate_raw=False gate=False metal=$0.0; macro_guard=PPI x0.70; sleeve_pnl=CORE +0.9% | NYSE +4.4%,
2026-08-13 22:04:52,cycle,,,,RHYME_A: Euphoric_Volatility,,,97957.89,26006.17,,,,,,crypto=0 equity=0; spy=0 crypto_cap=20.00% nyse_cap=22.00%; entry_gates=equity_session_closed; game_plan stress=False gate_raw=False gate=False metal=$0.0; macro_guard=PPI x0.70; sleeve_pnl=CORE +0.9% | NYSE +4.4%,
2026-08-13 22:08:17,cycle,,,,RHYME_A: Euphoric_Volatility,,,97957.61,26006.17,,,,,,crypto=0 equity=0; spy=0 crypto_cap=20.00% nyse_cap=22.00%; entry_gates=equity_session_closed; game_plan stress=False gate_raw=False gate=False metal=$0.0; macro_guard=PPI x0.70; sleeve_pnl=CORE +0.9% | NYSE +4.4%,
2026-08-13 22:11:44,cycle,,,,RHYME_A: Euphoric_Volatility,,,97957.74,26006.17,,,,,,crypto=0 equity=0; spy=0 crypto_cap=20.00% nyse_cap=22.00%; entry_gates=equity_session_closed; game_plan stress=False gate_raw=False gate=False metal=$0.0; macro_guard=PPI x0.70; sleeve_pnl=CORE +0.9% | NYSE +4.4%,
2026-08-13 22:15:13,cycle,,,,RHYME_A: Euphoric_Volatility,,,97958.06,26006.17,,,,,,crypto=0 equity=0; spy=0 crypto_cap=20.00% nyse_cap=22.00%; entry_gates=equity_session_closed; game_plan stress=False gate_raw=False gate=False metal=$0.0; macro_guard=PPI x0.70; sleeve_pnl=CORE +0.9% | NYSE +4.4%,
2026-08-13 22:18:41,cycle,,,,RHYME_D: Range_Bound_Neutral,,,97957.54,26006.17,,,,,,crypto=0 equity=0; spy=0 crypto_cap=20.00% nyse_cap=22.00%; entry_gates=equity_session_closed; game_plan stress=False gate_raw=False gate=False metal=$0.0; macro_guard=PPI x0.70; sleeve_pnl=CORE +0.9% | NYSE +4.4%,
2026-08-13 22:22:12,cycle,,,,RHYME_D: Range_Bound_Neutral,,,97958.63,26006.17,,,,,,crypto=0 equity=0; spy=0 crypto_cap=20.00% nyse_cap=22.00%; entry_gates=equity_session_closed; game_plan stress=False gate_raw=False gate=False metal=$0.0; macro_guard=PPI x0.70; sleeve_pnl=CORE +0.9% | NYSE +4.4%,
2026-08-13 22:25:43,cycle,,,,RHYME_D: Range_Bound_Neutral,,,97960.48,26006.17,,,,,,crypto=0 equity=0; spy=0 crypto_cap=20.00% nyse_cap=22.00%; entry_gates=equity_session_closed; game_plan stress=False gate_raw=False gate=False metal=$0.0; macro_guard=PPI x0.70; sleeve_pnl=CORE +0.9% | NYSE +4.4%,
2026-08-13 22:29:06,cycle,,,,RHYME_D: Range_Bound_Neutral,,,97961.8,26006.17,,,,,,crypto=0 equity=0; spy=0 crypto_cap=20.00% nyse_cap=22.00%; entry_gates=equity_session_closed; game_plan stress=False gate_raw=False gate=False metal=$0.0; macro_guard=PPI x0.70; sleeve_pnl=CORE +0.9% | NYSE +4.4%,
2026-08-13 22:32:30,cycle,,,,RHYME_D: Range_Bound_Neutral,,,97962.35,26006.17,,,,,,crypto=0 equity=0; spy=0 crypto_cap=20.00% nyse_cap=22.00%; entry_gates=equity_session_closed; game_plan stress=False gate_raw=False gate=False metal=$0.0; macro_guard=PPI x0.70; sleeve_pnl=CORE +0.9% | NYSE +4.4%,
2026-08-13 22:35:52,cycle,,,,RHYME_D: Range_Bound_Neutral,,,97960.61,26006.17,,,,,,crypto=0 equity=0; spy=0 crypto_cap=20.00% nyse_cap=22.00%; entry_gates=equity_session_closed; game_plan stress=False gate_raw=False gate=False metal=$0.0; macro_guard=PPI x0.70; sleeve_pnl=CORE +0.9% | NYSE +4.4%,
2026-08-13 22:39:19,cycle,,,,RHYME_D: Range_Bound_Neutral,,,97961.14,26006.17,,,,,,crypto=0 equity=0; spy=0 crypto_cap=20.00% nyse_cap=22.00%; entry_gates=equity_session_closed; game_plan stress=False gate_raw=False gate=False metal=$0.0; macro_guard=PPI x0.70; sleeve_pnl=CORE +0.9% | NYSE +4.4%,
2026-08-13 22:42:45,cycle,,,,RHYME_D: Range_Bound_Neutral,,,97961.44,26006.17,,,,,,crypto=0 equity=0; spy=0 crypto_cap=20.00% nyse_cap=22.00%; entry_gates=equity_session_closed; game_plan stress=False gate_raw=False gate=False metal=$0.0; macro_guard=PPI x0.70; sleeve_pnl=CORE +0.9% | NYSE +4.4%,
2026-08-13 22:46:10,cycle,,,,RHYME_D: Range_Bound_Neutral,,,97964.31,26006.17,,,,,,crypto=0 equity=0; spy=0 crypto_cap=20.00% nyse_cap=22.00%; entry_gates=equity_session_closed; game_plan stress=False gate_raw=False gate=False metal=$0.0; macro_guard=PPI x0.70; sleeve_pnl=CORE +0.9% | NYSE +4.4%,
2026-08-13 22:49:31,cycle,,,,RHYME_D: Range_Bound_Neutral,,,97965.24,26006.17,,,,,,crypto=0 equity=0; spy=0 crypto_cap=20.00% nyse_cap=22.00%; entry_gates=equity_session_closed; game_plan stress=False gate_raw=False gate=False metal=$0.0; macro_guard=PPI x0.70; sleeve_pnl=CORE +0.9% | NYSE +4.4%,
2026-08-13 22:52:56,cycle,,,,RHYME_D: Range_Bound_Neutral,,,97964.15,26006.17,,,,,,crypto=0 equity=0; spy=0 crypto_cap=20.00% nyse_cap=22.00%; entry_gates=equity_session_closed; game_plan stress=False gate_raw=False gate=False metal=$0.0; macro_guard=PPI x0.70; sleeve_pnl=CORE +0.9% | NYSE +4.4%,
